,Taxon,X,site_code,n_treat_years,sum.ctrl.cover,mean.ctrl.cover,sum.drt.cover,mean.drt.cover,sum.cover.response,mean.cover.response,leafN.mg.g,height.m,rootN.mg.g,SLA_m2.kg,root.depth_m,RTD.g.cm3,SRL_m.g,rootDiam.mm,local_lifeform,local_lifespan,functional_group
1,ABUTILON HALOPHILUM,4524,milparinka.au,1,25,12.5,3,3,-22,-9.5,NA,1,NA,7.966675,NA,NA,NA,NA,SUBSHRUB,PERENNIAL,WOODY
2,ABUTILON HALOPHILUM,5491,quilpie.au,1,17,5.666666667,15,5,-2,-0.666666667,NA,1,NA,7.966675,NA,NA,NA,NA,SUBSHRUB,PERENNIAL,WOODY
3,ACAENA ECHINATA,3356,jilpanger.au,1,26.5,5.3,0.5,0.5,-26,-4.8,NA,0.17865,NA,13.19,NA,NA,NA,NA,FORB,PERENNIAL,FORB
4,ACER MACROPHYLLUM,2093,cowidrt.ca,1,2,2,1,1,-1,-1,26.4,NA,15,29.548,0.6096,NA,NA,NA,TREE,PERENNIAL,WOODY
5,ACER SACCHARUM,3154,indiana.us,1,40,40,28,28,-12,-12,18.14984431,NA,5.2,29.94474253,0.8128,0.27589533,45.40188716,0.449927887,TREE,PERENNIAL,WOODY
6,ACHILLEA MILLEFOLIUM,2523,elvadrt.ee,1,6,2,20,6.666666667,14,4.666666667,19.234,0.559,4.8,7.859942857,0.2032,0.138977909,35.26726667,0.26778,FORB,PERENNIAL,FORB
7,ACHILLEA MILLEFOLIUM,1630,cedartrait.us,1,1,1,1,1,0,0,19.234,0.559,4.8,7.859942857,0.2032,0.138977909,35.26726667,0.26778,FORB,PERENNIAL,FORB
8,ACHILLEA MILLEFOLIUM,162,allmendo.ch,1,1.25,1.25,0.75,0.75,-0.5,-0.5,19.234,0.559,4.8,7.859942857,0.2032,0.138977909,35.26726667,0.26778,FORB,PERENNIAL,FORB
9,ACHILLEA MILLEFOLIUM,4999,oreac.us,1,8,2.666666667,5.5,1.833333333,-2.5,-0.833333333,19.234,0.559,4.8,7.859942857,0.2032,0.138977909,35.26726667,0.26778,FORB,PERENNIAL,FORB
10,ACHILLEA MILLEFOLIUM,1271,brookdale.ca,1,1,1,1.5,1.5,0.5,0.5,19.234,0.559,4.8,7.859942857,0.2032,0.138977909,35.26726667,0.26778,FORB,PERENNIAL,FORB
11,ACHILLEA MILLEFOLIUM,2,allmendb.ch,1,5.5,1.833333333,3.75,1.25,-1.75,-0.583333333,19.234,0.559,4.8,7.859942857,0.2032,0.138977909,35.26726667,0.26778,FORB,PERENNIAL,FORB
12,ACHILLEA MILLEFOLIUM,3038,hard.us,1,1,1,2,2,1,1,19.234,0.559,4.8,7.859942857,0.2032,0.138977909,35.26726667,0.26778,FORB,PERENNIAL,FORB
13,ACHILLEA MILLEFOLIUM,561,bayrdrt.de,1,2,2,25,25,23,23,19.234,0.559,4.8,7.859942857,0.2032,0.138977909,35.26726667,0.26778,FORB,PERENNIAL,FORB
14,ACHILLEA MILLEFOLIUM,3494,kernb.ca,1,4,1.333333333,8,2.666666667,4,1.333333333,19.234,0.559,4.8,7.859942857,0.2032,0.138977909,35.26726667,0.26778,FORB,PERENNIAL,FORB
15,ACHILLEA MILLEFOLIUM,3729,kinsella.ca,1,5,5,30,15,25,10,19.234,0.559,4.8,7.859942857,0.2032,0.138977909,35.26726667,0.26778,FORB,PERENNIAL,FORB
16,ACHILLEA MILLEFOLIUM,4406,matador.ca,1,0.5,0.5,1,1,0.5,0.5,19.234,0.559,4.8,7.859942857,0.2032,0.138977909,35.26726667,0.26778,FORB,PERENNIAL,FORB
17,AGROSTIS CANINA,4085,lygraint.no,1,3,1,1,1,-2,0,20.86288625,0.4223,9.3,33.1583154,0.254,NA,NA,0.15,GRASS,PERENNIAL,GRASS
18,AGROSTIS CAPILLARIS,5342,pineta.es,1,282,47,223,37.16666667,-59,-9.833333333,27.65006595,0.393022873,8.907142857,29.44748071,0.3048,0.230872486,141.2639378,0.128571429,GRASS,PERENNIAL,GRASS
19,AGROSTIS CAPILLARIS,4088,lygraint.no,1,1,1,3,1,2,0,27.65006595,0.393022873,8.907142857,29.44748071,0.3048,0.230872486,141.2639378,0.128571429,GRASS,PERENNIAL,GRASS
20,AGROSTIS MONTEVIDENSIS,4297,marcdrt.ar,1,16,8,11,5.5,-5,-2.5,NA,0.229358974,NA,12,NA,NA,NA,NA,FORB,PERENNIAL,GRASS
21,AGROSTIS RUPESTRIS,5252,passogavia.it,1,12.5,2.5,8.5,1.7,-4,-0.8,17,0.035,NA,15.5,NA,NA,NA,NA,GRASS,PERENNIAL,GRASS
22,AGROSTIS SCABRA,3499,kernb.ca,1,9,3,4,1.333333333,-5,-1.666666667,8.00326776,0.274,12.3048825,9.409573332,0.3048,0.2,109,0.21,GRASS,PERENNIAL,GRASS
23,AGROSTIS SCABRA,4482,mattheis.ca,1,5,5,3,3,-2,-2,8.00326776,0.274,12.3048825,9.409573332,0.3048,0.2,109,0.21,GRASS,PERENNIAL,GRASS
24,AGROSTIS STOLONIFERA,2535,elvadrt.ee,1,1,1,2,1,1,0,31.5111841,0.414942857,6.2,31.65060428,0.3048,0.212659866,353.7043306,0.1,GRASS,PERENNIAL,GRASS
26,ALCHEMILLA PENTAPHYLLEA,5256,passogavia.it,1,175,35,269,53.8,94,18.8,37,NA,NA,21,NA,NA,NA,NA,FORB,PERENNIAL,FORB
27,ALLIONIA INCARNATA,1724,cerrillos.ar,1,1.88,0.94,1.25,1.25,-0.63,0.31,NA,0.4,NA,21.88917424,0.4,NA,10.31,0.665,FORB,PERENNIAL,FORB
28,ALOPECURUS PRATENSIS,6299,validate.fr,1,30,6,82,16.4,52,10.4,23.8325776,0.806266667,9.698958476,27.30021588,0.3048,0.069943613,230.6921222,0.305414955,GRASS,PERENNIAL,GRASS
29,ALOPECURUS PRATENSIS,569,bayrdrt.de,1,175,43.75,265,53,90,9.25,23.8325776,0.806266667,9.698958476,27.30021588,0.3048,0.069943613,230.6921222,0.305414955,GRASS,PERENNIAL,GRASS
32,AMBROSIA DUMOSA,4616,nnss.us,1,76.0434813,7.60434813,47.1178322,4.71178322,-28.9256491,-2.89256491,29.546,0.6096,NA,14.1,0.3048,NA,NA,NA,SHRUB,PERENNIAL,WOODY
33,AMBROSIA PSILOSTACHYA,6006,slp.us,1,2,2,31,10.33333333,29,8.333333333,23.246,0.4385,12.9,15.82842,0.99,0.37,72.86943333,0.44,FORB,PERENNIAL,FORB
34,AMBROSIA PSILOSTACHYA,4718,oklah.us,1,55.5,18.5,38,19,-17.5,0.5,23.246,0.4385,12.9,15.82842,0.99,0.37,72.86943333,0.44,FORB,PERENNIAL,FORB
35,AMBROSIA PSILOSTACHYA,3857,konzadrt.us,1,108,21.6,59,11.8,-49,-9.8,23.246,0.4385,12.9,15.82842,0.99,0.37,72.86943333,0.44,FORB,PERENNIAL,FORB
36,AMBROSIA TENUIFOLIA,4302,marcdrt.ar,1,4,1.333333333,2,1,-2,-0.333333333,18.2,4.572,NA,9.366271504,0.6096,NA,NA,NA,FORB,PERENNIAL,FORB
37,AMBROSIA TENUIFOLIA,1902,chilcasdrt.ar,1,10.5,2.1,17.75,2.958333333,7.25,0.858333333,18.2,4.572,NA,9.366271504,0.6096,NA,NA,NA,FORB,PERENNIAL,FORB
38,AMORPHA CANESCENS,1541,cedarsav.us,1,7,2.333333333,27,6.75,20,4.416666667,22.25861206,0.446,27.18327333,13.80561828,0.508,0.59,45.95532256,0.19,FORB,PERENNIAL,LEGUME
40,ANDROPOGON GERARDII,1546,cedarsav.us,1,120,17.14285714,44,8.8,-76,-8.342857143,11.43191184,1.43,14.4,7.475763032,0.508,0.2,65.1,0.7,GRASS,PERENNIAL,GRASS
41,ANDROPOGON GERARDII,5392,purdue.us,1,150,18.75,80,26.66666667,-70,7.916666667,11.43191184,1.43,14.4,7.475763032,0.508,0.2,65.1,0.7,GRASS,PERENNIAL,GRASS
42,ANDROPOGON GERARDII,3864,konzadrt.us,1,250,50,268,53.6,18,3.6,11.43191184,1.43,14.4,7.475763032,0.508,0.2,65.1,0.7,GRASS,PERENNIAL,GRASS
43,ANDROPOGON GERARDII,1640,cedartrait.us,1,136,17,32,6.4,-104,-10.6,11.43191184,1.43,14.4,7.475763032,0.508,0.2,65.1,0.7,GRASS,PERENNIAL,GRASS
44,ANDROPOGON GERARDII,1283,brookdale.ca,1,5.75,2.875,7.833333333,2.611111111,2.083333333,-0.263888889,11.43191184,1.43,14.4,7.475763032,0.508,0.2,65.1,0.7,GRASS,PERENNIAL,GRASS
47,ANTHOXANTHUM ODORATUM,6179,teshio.jp,1,100,16.66666667,87,14.5,-13,-2.166666667,23.59023243,0.383753535,8.005555556,24.91123988,0.155,0.107066623,344.3025853,0.111111111,GRASS,PERENNIAL,GRASS
48,ANTHOXANTHUM ODORATUM,2105,cowidrt.ca,1,10,3.333333333,17,3.4,7,0.066666667,23.59023243,0.383753535,8.005555556,24.91123988,0.155,0.107066623,344.3025853,0.111111111,GRASS,PERENNIAL,GRASS
49,ANTHOXANTHUM ODORATUM,2540,elvadrt.ee,1,4,1.333333333,3,1.5,-1,0.166666667,23.59023243,0.383753535,8.005555556,24.91123988,0.155,0.107066623,344.3025853,0.111111111,GRASS,PERENNIAL,GRASS
50,ANTHYLLIS VULNERARIA,166,allmendo.ch,1,1.75,0.875,4.5,1.5,2.75,0.625,32.33118574,0.2845,19.6042,18.21819656,1.7,0.22014466,149.3012403,0.25,FORB,PERENNIAL,LEGUME
54,ARGYROLOBIUM ZANONII,336,ayora.es,1,2,1,1,1,-1,0,22.77,0.1,NA,13,0.72,NA,NA,NA,SUBSHRUB,PERENNIAL,LEGUME
56,ARISTIDA PURPUREA,1501,cdpt_drt.us,1,6,6,13,4.333333333,7,-1.666666667,9.88,0.0735,6.53,6.520633333,1.315133333,0.3626,50.55346667,0.71,GRASS,PERENNIAL,GRASS
57,ARISTIDA STRICTA,5625,sand.us,1,80,26.66666667,81,27,1,0.333333333,11.1128167,1.18872,NA,6.79,0.1524,NA,NA,NA,GRAMINOID,PERENNIAL,GRASS
58,ARMERIA MARITIMA,5113,paike.ar,1,3,1,2,1,-1,0,17,0.308106667,9.3,21.1502,0.254,0.2612175,57.875,0.221876923,FORB,PERENNIAL,FORB
59,ARRHENATHERUM ELATIUS,578,bayrdrt.de,1,122.1,24.42,150,30,27.9,5.58,25.84,0.857,8.902914385,29.67,0.3556,0.119407807,190.1954961,0.304707692,"GRASS, Forb (Jena)",PERENNIAL,GRASS
60,ARRHENATHERUM ELATIUS,6305,validate.fr,1,90,22.5,48,9.6,-42,-12.9,25.84,0.857,8.902914385,29.67,0.3556,0.119407807,190.1954961,0.304707692,"GRASS, Forb (Jena)",PERENNIAL,GRASS
61,ARRHENATHERUM ELATIUS,5522,rhijn.nl,1,50,8.333333333,60,20,10,11.66666667,25.84,0.857,8.902914385,29.67,0.3556,0.119407807,190.1954961,0.304707692,"GRASS, Forb (Jena)",PERENNIAL,GRASS
62,ARTEMISIA CAMPESTRIS,3812,kiskun.hu,1,21,7,6,3,-15,-4,18.886,0.353,9.064339995,18.71203,1.22,0.366498,52.76693333,0.46,FORB,PERENNIAL,FORB
63,ARTEMISIA CANA,5014,oreac.us,1,85,21.25,172.5,34.5,87.5,13.25,24,1.524,NA,10.06,0.508,0.261669741,55.91952402,0.31,SHRUB,PERENNIAL,WOODY
64,ARTEMISIA FRIGIDA,3739,kinsella.ca,1,5,5,58,14.5,53,9.5,27.14787037,0.6096,13.115,15.13958917,0.2032,0.362103739,34.74405462,0.188200863,"FORB, Subshrub (Kinsella, Mattheis), Shrub (North Platte)",PERENNIAL,WOODY
65,ARTEMISIA FRIGIDA,4485,mattheis.ca,1,75,15,88,17.6,13,2.6,27.14787037,0.6096,13.115,15.13958917,0.2032,0.362103739,34.74405462,0.188200863,"FORB, Subshrub (Kinsella, Mattheis), Shrub (North Platte)",PERENNIAL,WOODY
66,ARTEMISIA FRIGIDA,3515,kernb.ca,1,96,32,20,6.666666667,-76,-25.33333333,27.14787037,0.6096,13.115,15.13958917,0.2032,0.362103739,34.74405462,0.188200863,"FORB, Subshrub (Kinsella, Mattheis), Shrub (North Platte)",PERENNIAL,WOODY
67,ARTEMISIA FRIGIDA,4413,matador.ca,1,4,2,4,1.333333333,0,-0.666666667,27.14787037,0.6096,13.115,15.13958917,0.2032,0.362103739,34.74405462,0.188200863,"FORB, Subshrub (Kinsella, Mattheis), Shrub (North Platte)",PERENNIAL,WOODY
68,ARTEMISIA FRIGIDA,848,biddulph.ca,1,5,5,2,2,-3,-3,27.14787037,0.6096,13.115,15.13958917,0.2032,0.362103739,34.74405462,0.188200863,"FORB, Subshrub (Kinsella, Mattheis), Shrub (North Platte)",PERENNIAL,WOODY
69,ARTEMISIA FRIGIDA,1503,cdpt_drt.us,1,28,4.666666667,69,11.5,41,6.833333333,27.14787037,0.6096,13.115,15.13958917,0.2032,0.362103739,34.74405462,0.188200863,"FORB, Subshrub (Kinsella, Mattheis), Shrub (North Platte)",PERENNIAL,WOODY
70,ARTEMISIA LUDOVICIANA,1552,cedarsav.us,1,1,1,1,1,0,0,19.24454545,0.597,11.63,16.4954108,0.2032,0.222016659,76.92231348,0.31821746,FORB,PERENNIAL,FORB
71,ARTEMISIA LUDOVICIANA,1292,brookdale.ca,1,6.25,1.25,9.75,1.95,3.5,0.7,19.24454545,0.597,11.63,16.4954108,0.2032,0.222016659,76.92231348,0.31821746,FORB,PERENNIAL,FORB
72,ARTEMISIA LUDOVICIANA,3520,kernb.ca,1,2,1,9,3,7,2,19.24454545,0.597,11.63,16.4954108,0.2032,0.222016659,76.92231348,0.31821746,FORB,PERENNIAL,FORB
73,ARTEMISIA LUDOVICIANA,3874,konzadrt.us,1,2,2,1,1,-1,-1,19.24454545,0.597,11.63,16.4954108,0.2032,0.222016659,76.92231348,0.31821746,FORB,PERENNIAL,FORB
74,ARTEMISIA LUDOVICIANA,3636,kernnu.ca,1,1.5,0.75,6,3,4.5,2.25,19.24454545,0.597,11.63,16.4954108,0.2032,0.222016659,76.92231348,0.31821746,FORB,PERENNIAL,FORB
75,ARTEMISIA TRIDENTATA,4706,octc.us,1,162.7758363,16.27758363,167.7924463,16.77924463,5.01661,0.501661,15.26666667,2.0334,NA,7.24415531,0.508,NA,76.06224385,0.485315,SHRUB,PERENNIAL,WOODY
76,ARTEMISIA TRIDENTATA,3048,hard.us,1,60,20,35,35,-25,15,15.26666667,2.0334,NA,7.24415531,0.508,NA,76.06224385,0.485315,SHRUB,PERENNIAL,WOODY
77,ASCLEPIAS VIRIDIS,3881,konzadrt.us,1,3.1,1.033333333,6,3,2.9,1.966666667,NA,0.456,NA,10.46681531,NA,0.320746666,41.57111916,0.36446,FORB,PERENNIAL,FORB
78,ASPERULA CYNANCHICA,170,allmendo.ch,1,1.25,0.416666667,4.75,2.375,3.5,1.958333333,NA,0.284375,NA,27.91666667,0.93,0.3908625,22.875,0.16639,FORB,PERENNIAL,FORB
79,ASPERULA CYNANCHICA,11,allmendb.ch,1,0.5,0.25,0.25,0.25,-0.25,0,NA,0.284375,NA,27.91666667,0.93,0.3908625,22.875,0.16639,FORB,PERENNIAL,FORB
80,ASTEROLASIA TRYMALIOIDES,2869,falls.au,1,2,0.666666667,1.5,0.75,-0.5,0.083333333,NA,0.54,NA,4.969295,NA,NA,NA,NA,SHRUB,PERENNIAL,WOODY
83,ASTRANTIA MAJOR,5344,pineta.es,1,3,3,24,8,21,5,28.539,0.4215,NA,22.75909384,NA,NA,NA,NA,FORB,PERENNIAL,FORB
84,ASTREBLA LAPPACEA,4527,milparinka.au,1,63,21,63,21,0,0,16.2306281,0.65,NA,11.43619445,NA,NA,NA,0.25146667,GRASS,PERENNIAL,GRASS
85,ASTREBLA PECTINATA,4531,milparinka.au,1,63,21,63,21,0,0,NA,0.63,NA,11.341433,NA,NA,NA,NA,GRASS,PERENNIAL,GRASS
89,BAPTISIA BRACTEATA,6017,slp.us,1,1,1,2,2,1,1,35.8,NA,NA,12.09,2.032,NA,NA,NA,LEGUME,PERENNIAL,LEGUME
91,BELLIS PERENNIS,3187,jenadrt.de,1,28,9.333333333,15,5,-13,-4.333333333,17.81,0.165,8.4,34.15,0.18,0.130088142,324.9590331,0.243322583,FORB,PERENNIAL,FORB
93,BOTHRIOCHLOA LAGUROIDES,4735,oklah.us,1,1,0.5,15.5,7.75,14.5,7.25,NA,NA,NA,26,NA,NA,NA,NA,GRASS,PERENNIAL,GRASS
95,BOUTELOUA CURTIPENDULA,3887,konzadrt.us,1,2,2,7,3.5,5,1.5,8.7,0.427,8.84,14.60867,0.3048,0.19,94.40056667,0.032,GRASS,PERENNIAL,GRASS
96,BOUTELOUA GRACILIS,4489,mattheis.ca,1,125,25,130,26,5,1,15.416,0.345,14.76,12.868115,0.135,0.447182567,118.8815333,0.192729167,GRASS,PERENNIAL,GRASS
97,BOUTELOUA GRACILIS,1506,cdpt_drt.us,1,90,15,77,12.83333333,-13,-2.166666667,15.416,0.345,14.76,12.868115,0.135,0.447182567,118.8815333,0.192729167,GRASS,PERENNIAL,GRASS
98,BOUTELOUA GRACILIS,4658,nplatte.us,1,53,7.571428571,104,20.8,51,13.22857143,15.416,0.345,14.76,12.868115,0.135,0.447182567,118.8815333,0.192729167,GRASS,PERENNIAL,GRASS
100,BRACHYPODIUM PINNATUM,15,allmendb.ch,1,55.75,18.58333333,39,13,-16.75,-5.583333333,18.10766667,0.540866667,7.10106212,23.9927357,0.1,0.186379697,207.6695041,0.22129993,GRASS,PERENNIAL,GRASS
101,BRACHYPODIUM PINNATUM,5346,pineta.es,1,10.5,10.5,31,15.5,20.5,5,18.10766667,0.540866667,7.10106212,23.9927357,0.1,0.186379697,207.6695041,0.22129993,GRASS,PERENNIAL,GRASS
102,BRACHYPODIUM PINNATUM,174,allmendo.ch,1,10.75,3.583333333,18.25,6.083333333,7.5,2.5,18.10766667,0.540866667,7.10106212,23.9927357,0.1,0.186379697,207.6695041,0.22129993,GRASS,PERENNIAL,GRASS
103,BRACHYPODIUM RETUSUM,341,ayora.es,1,61,10.16666667,73,24.33333333,12,14.16666667,7.1,0.4,NA,16.24363109,0.2586667,NA,25.86916574,0.85,GRASS,PERENNIAL,GRASS
104,BRIZA MEDIA,19,allmendb.ch,1,7.5,2.5,7.5,2.5,0,0,19.10016667,0.41946,2.042559524,20.92775774,0.52,0.179667951,288.6987236,0.171363333,GRASS,PERENNIAL,GRASS
105,BRIZA MEDIA,178,allmendo.ch,1,5.5,1.833333333,7.25,2.416666667,1.75,0.583333333,19.10016667,0.41946,2.042559524,20.92775774,0.52,0.179667951,288.6987236,0.171363333,GRASS,PERENNIAL,GRASS
106,BRIZA MEDIA,2552,elvadrt.ee,1,70,23.33333333,75,25,5,1.666666667,19.10016667,0.41946,2.042559524,20.92775774,0.52,0.179667951,288.6987236,0.171363333,GRASS,PERENNIAL,GRASS
110,BROMUS ERECTUS,23,allmendb.ch,1,51.75,17.25,66.25,22.08333333,14.5,4.833333333,18.81892435,0.717333333,7.243150315,21.09580137,0.894,0.174709631,157.1212818,0.273789089,GRASS,PERENNIAL,GRASS
111,BROMUS ERECTUS,182,allmendo.ch,1,68.5,22.83333333,47,15.66666667,-21.5,-7.166666667,18.81892435,0.717333333,7.243150315,21.09580137,0.894,0.174709631,157.1212818,0.273789089,GRASS,PERENNIAL,GRASS
114,BROMUS INERMIS,1296,brookdale.ca,1,15.5,3.1,18.25,3.65,2.75,0.55,21.49936399,0.81,17.20145333,17.7899321,0.3048,0.268601793,108.7724975,0.281416667,GRASS,PERENNIAL,GRASS
127,CALAMAGROSTIS EPIGEIOS,6183,teshio.jp,1,603,60.3,571,57.1,-32,-3.2,17.43326,1.396,6.6,18.65,NA,NA,57.46375,NA,GRASS,PERENNIAL,GRASS
128,CALAMOVILFA LONGIFOLIA,1556,cedarsav.us,1,15,5,5,5,-10,0,13.59,0.968,5.2246,10.96892152,0.508,0.18,33,0.48,GRAMINOID,PERENNIAL,GRASS
129,CALLUNA VULGARIS,3125,hoide.de,1,224,74.66666667,255,85,31,10.33333333,13.57486595,0.555785714,4.11401,14.28693018,0.3,NA,13.62532988,0.2553,"SHRUB, subshrub (Lygra_intermediate, Lygra_old)",PERENNIAL,WOODY
130,CALLUNA VULGARIS,4094,lygraint.no,1,252,84,235,78.33333333,-17,-5.666666667,13.57486595,0.555785714,4.11401,14.28693018,0.3,NA,13.62532988,0.2553,"SHRUB, subshrub (Lygra_intermediate, Lygra_old)",PERENNIAL,WOODY
131,CALLUNA VULGARIS,3145,hyide.de,1,245,81.66666667,197,65.66666667,-48,-16,13.57486595,0.555785714,4.11401,14.28693018,0.3,NA,13.62532988,0.2553,"SHRUB, subshrub (Lygra_intermediate, Lygra_old)",PERENNIAL,WOODY
132,CALLUNA VULGARIS,4197,lygraold.no,1,200,66.66666667,250,83.33333333,50,16.66666667,13.57486595,0.555785714,4.11401,14.28693018,0.3,NA,13.62532988,0.2553,"SHRUB, subshrub (Lygra_intermediate, Lygra_old)",PERENNIAL,WOODY
133,CALOTIS LAPPULACEA,2078,cobar.au,1,4,1.333333333,1,1,-3,-0.333333333,NA,0.5,NA,15.76,NA,NA,NA,NA,FORB,PERENNIAL,FORB
134,CALYLOPHUS SERRULATUS,4739,oklah.us,1,15,15,15,15,0,0,NA,NA,NA,11.69,1.33,NA,NA,NA,FORB,PERENNIAL,FORB
135,CALYTRIX TETRAGONA,3371,jilpanger.au,1,1.5,0.75,25.5,8.5,24,7.75,9.5,2.5,NA,2.466205,NA,NA,NA,NA,SHRUB,PERENNIAL,WOODY
136,CAMASSIA QUAMASH,2121,cowidrt.ca,1,6,3,5,5,-1,2,NA,0.70104,NA,12.08,0.254,NA,NA,NA,GRASS,PERENNIAL,FORB
137,CAMPANULA ROTUNDIFOLIA,3646,kernnu.ca,1,0.5,0.5,1,0.5,0.5,0,21.08333333,0.452,13.14618087,22.94812699,1.125,0.146551312,475.6578007,0.141566667,FORB,PERENNIAL,FORB
140,CAREX ARENARIA,3149,hyide.de,1,6,2,4,1.333333333,-2,-0.666666667,19.12604168,0.384259259,NA,14.42164292,1.02,NA,NA,NA,GRAMINOID,PERENNIAL,GRAMINOID
141,CAREX ARENARIA,3129,hoide.de,1,8,2.666666667,5,1.666666667,-3,-1,19.12604168,0.384259259,NA,14.42164292,1.02,NA,NA,NA,GRAMINOID,PERENNIAL,GRAMINOID
142,CAREX BREVICULMIS,2873,falls.au,1,2,0.666666667,1.5,0.75,-0.5,0.083333333,18.30157885,0.05,NA,14.60009466,NA,NA,NA,NA,GRASS,PERENNIAL,GRAMINOID
143,CAREX BREVIOR,3896,konzadrt.us,1,2,2,0.1,0.1,-1.9,-1.9,NA,0.254,NA,21.15675902,NA,NA,NA,NA,GRAMINOID,PERENNIAL,GRAMINOID
144,CAREX CARYOPHYLLEA,27,allmendb.ch,1,32.5,10.83333333,49.5,16.5,17,5.666666667,18,0.223333333,NA,18.76023077,0.2,NA,NA,0.0784,GRAMINOID,PERENNIAL,GRAMINOID
145,CAREX CARYOPHYLLEA,186,allmendo.ch,1,37.25,12.41666667,42.5,14.16666667,5.25,1.75,18,0.223333333,NA,18.76023077,0.2,NA,NA,0.0784,GRAMINOID,PERENNIAL,GRAMINOID
146,CAREX CURVULA,5264,passogavia.it,1,203,40.6,210,42,7,1.4,12,NA,NA,9.999104145,0.65,NA,NA,NA,GRAMINOID,PERENNIAL,GRAMINOID
147,CAREX DISTACHYA,345,ayora.es,1,15,7.5,5,2.5,-10,-5,NA,0.1756,NA,4.8,0.91,NA,NA,NA,GRAMINOID,PERENNIAL,FORB
148,CAREX FLACCA,31,allmendb.ch,1,8.75,4.375,0.25,0.25,-8.5,-4.125,17.07498081,0.37125,4.956666667,14.4018786,0.83,0.169025277,218.7926062,0.380313725,GRAMINOID,PERENNIAL,GRAMINOID
149,CAREX FLACCA,190,allmendo.ch,1,1.5,1.5,1.5,1.5,0,0,17.07498081,0.37125,4.956666667,14.4018786,0.83,0.169025277,218.7926062,0.380313725,GRAMINOID,PERENNIAL,GRAMINOID
150,CAREX HEBES,2875,falls.au,1,3,0.6,1.5,0.5,-1.5,-0.1,NA,NA,NA,19.096154,NA,NA,NA,NA,GRASS,PERENNIAL,GRAMINOID
151,CAREX MEADII,3905,konzadrt.us,1,6,3,7,2.333333333,1,-0.666666667,NA,0.2292,NA,12.74334258,0.56,NA,NA,NA,GRAMINOID,PERENNIAL,GRAMINOID
152,CAREX MIYABEI,6185,teshio.jp,1,50,50,51,25.5,1,-24.5,19.77571,0.621,NA,19.71,NA,NA,NA,NA,GRAMINOID,PERENNIAL,GRAMINOID
153,CAREX NIGRA,4204,lygraold.no,1,20,6.666666667,22,7.333333333,2,0.666666667,24.40009307,0.388666667,6.648625922,20.83559904,0.78,0.2198095,52.8,0.2421,GRAMINOID,PERENNIAL,GRAMINOID
155,CELMISIA COSTINIANA,2877,falls.au,1,260,43.33333333,145,48.33333333,-115,5,NA,0.515,NA,9.655537,NA,NA,NA,NA,FORB,PERENNIAL,FORB
156,CENTAUREA JACEA,5530,rhijn.nl,1,28,7,13,6.5,-15,-0.5,25.06160617,0.8275,11.34202,21.9478316,0.155,0.133545753,116.6184597,0.328737037,FORB,PERENNIAL,FORB
157,CENTAUREA JACEA,195,allmendo.ch,1,2,1,4.5,2.25,2.5,1.25,25.06160617,0.8275,11.34202,21.9478316,0.155,0.133545753,116.6184597,0.328737037,FORB,PERENNIAL,FORB
158,CENTAUREA JACEA,39,allmendb.ch,1,7,2.333333333,3,1.5,-4,-0.833333333,25.06160617,0.8275,11.34202,21.9478316,0.155,0.133545753,116.6184597,0.328737037,FORB,PERENNIAL,FORB
159,CENTAUREA SCABIOSA,43,allmendb.ch,1,15.5,5.166666667,21.75,7.25,6.25,2.083333333,22.3,0.9625,NA,16.2315625,2.708833,NA,NA,NA,FORB,PERENNIAL,FORB
160,CENTAUREA SCABIOSA,199,allmendo.ch,1,8.25,4.125,5.25,1.75,-3,-2.375,22.3,0.9625,NA,16.2315625,2.708833,NA,NA,NA,FORB,PERENNIAL,FORB
161,CENTIPEDA CUNNINGHAMII,5494,quilpie.au,1,8,4,10,3.333333333,2,-0.666666667,NA,0.2,NA,18.1,NA,NA,NA,NA,FORB,PERENNIAL,FORB
166,CERASTIUM ARVENSE,2132,cowidrt.ca,1,2,2,3,1.5,1,-0.5,NA,0.188888889,NA,21.10181624,0.22,0.486326636,91.58154988,0.188766667,FORB,PERENNIAL,FORB
167,CERASTIUM ARVENSE,5143,paike.ar,1,2,1,1,1,-1,0,NA,0.188888889,NA,21.10181624,0.22,0.486326636,91.58154988,0.188766667,FORB,PERENNIAL,FORB
168,CERASTIUM ARVENSE,4421,matador.ca,1,7,3.5,1.5,0.75,-5.5,-2.75,NA,0.188888889,NA,21.10181624,0.22,0.486326636,91.58154988,0.188766667,FORB,PERENNIAL,FORB
169,CERASTIUM ARVENSE,3535,kernb.ca,1,5,2.5,2.5,1.25,-2.5,-1.25,NA,0.188888889,NA,21.10181624,0.22,0.486326636,91.58154988,0.188766667,FORB,PERENNIAL,FORB
170,CERASTIUM ARVENSE,2034,cmss.us,1,4,2,10,5,6,3,NA,0.188888889,NA,21.10181624,0.22,0.486326636,91.58154988,0.188766667,FORB,PERENNIAL,FORB
171,CERASTIUM ARVENSE,2561,elvadrt.ee,1,2,1,2,1,0,0,NA,0.188888889,NA,21.10181624,0.22,0.486326636,91.58154988,0.188766667,FORB,PERENNIAL,FORB
172,CERASTIUM ARVENSE,3653,kernnu.ca,1,0.5,0.5,1.5,0.75,1,0.25,NA,0.188888889,NA,21.10181624,0.22,0.486326636,91.58154988,0.188766667,FORB,PERENNIAL,FORB
173,CERASTIUM FONTANUM,3200,jenadrt.de,1,4,1.333333333,1.5,0.5,-2.5,-0.833333333,24.9755,0.218333333,8.721238939,25.83139407,NA,0.133299797,101.6244572,0.282,FORB,PERENNIAL,FORB
174,CERASTIUM FONTANUM,593,bayrdrt.de,1,5.1,1.275,3.1,1.033333333,-2,-0.241666667,24.9755,0.218333333,8.721238939,25.83139407,NA,0.133299797,101.6244572,0.282,FORB,PERENNIAL,FORB
177,CHONDROSUM ERIOPODUM,3461,jorndrt.us,1,95,31.66666667,82,27.33333333,-13,-4.333333333,14.8969364,NA,NA,18.54844313,NA,NA,NA,0.03,GRAMINOID,PERENNIAL,GRASS
178,CHONDROSUM ERIOPODUM,5980,sevblack.us,1,126.65,18.09285714,52,7.428571429,-74.65,-10.66428571,14.8969364,NA,NA,18.54844313,NA,NA,NA,0.03,GRAMINOID,PERENNIAL,GRASS
179,CHONDROSUM ERIOPODUM,303,antelope.us,1,47.65,5.95625,45.45,5.68125,-2.2,-0.275,14.8969364,NA,NA,18.54844313,NA,NA,NA,0.03,GRAMINOID,PERENNIAL,GRASS
180,CHONDROSUM ERIOPODUM,3482,jrnchi.us,1,45.0248912,4.50248912,4.6914733,0.781912217,-40.3334179,-3.720576903,14.8969364,NA,NA,18.54844313,NA,NA,NA,0.03,GRAMINOID,PERENNIAL,GRASS
181,CHONDROSUM ERIOPODUM,5991,sevblue.us,1,8.25,1.65,28.85,4.808333333,20.6,3.158333333,14.8969364,NA,NA,18.54844313,NA,NA,NA,0.03,GRAMINOID,PERENNIAL,GRASS
182,CHONDROSUM ERIOPODUM,5995,sevmixed.us,1,79.9,11.41428571,51.4,7.342857143,-28.5,-4.071428571,14.8969364,NA,NA,18.54844313,NA,NA,NA,0.03,GRAMINOID,PERENNIAL,GRASS
183,CHONDROSUM GRACILE,5996,sevmixed.us,1,29.85,4.975,11.55,1.65,-18.3,-3.325,15.9806955,NA,NA,15.34680195,NA,NA,NA,0.036,GRAMINOID,PERENNIAL,GRASS
184,CHONDROSUM GRACILE,5992,sevblue.us,1,100.41,14.34428571,66,9.428571429,-34.41,-4.915714286,15.9806955,NA,NA,15.34680195,NA,NA,NA,0.036,GRAMINOID,PERENNIAL,GRASS
185,CHRYSOCEPHALUM APICULATUM,3380,jilpanger.au,1,10,10,20,10,10,0,27.1,0.4,NA,16.64122201,NA,NA,NA,NA,FORB,PERENNIAL,FORB
186,CIRSIUM ARVENSE,3658,kernnu.ca,1,8,2.666666667,1.5,0.75,-6.5,-1.916666667,29.75611991,0.84284049,15.2,16.60803212,1.853333,NA,64,0.71,FORB,PERENNIAL,FORB
187,CIRSIUM ARVENSE,1302,brookdale.ca,1,9.5,1.9,10.66666667,2.133333333,1.166666666,0.233333333,29.75611991,0.84284049,15.2,16.60803212,1.853333,NA,64,0.71,FORB,PERENNIAL,FORB
188,CIRSIUM ARVENSE,2725,esw.ca,1,2,1,3,1.5,1,0.5,29.75611991,0.84284049,15.2,16.60803212,1.853333,NA,64,0.71,FORB,PERENNIAL,FORB
189,CIRSIUM ARVENSE,453,baddrt.de,1,29.5,3.277777778,16.5,3.3,-13,0.022222222,29.75611991,0.84284049,15.2,16.60803212,1.853333,NA,64,0.71,FORB,PERENNIAL,FORB
190,CISTUS ALBIDUS,348,ayora.es,1,70,11.66666667,44,14.66666667,-26,3,13.70833333,1,NA,15.54983587,NA,0.775024053,6.965677795,0.4331,SHRUB,PERENNIAL,WOODY
191,CISTUS CLUSII,351,ayora.es,1,9,4.5,5,5,-4,0.5,17.575,1,NA,15.66073822,NA,NA,NA,NA,SHRUB,PERENNIAL,WOODY
195,COMANDRA UMBELLATA,1560,cedarsav.us,1,87,9.666666667,20,6.666666667,-67,-3,21.0594,NA,NA,18.08533756,NA,0.334821433,31.36179282,0.321385714,FORB,PERENNIAL,FORB
196,COMANDRA UMBELLATA,4426,matador.ca,1,10.5,5.25,7,3.5,-3.5,-1.75,21.0594,NA,NA,18.08533756,NA,0.334821433,31.36179282,0.321385714,FORB,PERENNIAL,FORB
197,COMMELINA CYANEA,6342,yarradrt.au,1,2,2,2,2,0,0,30.634,0.1,NA,34.85,NA,0.12642,NA,0.05284,FORB,PERENNIAL,FORB
198,CONVOLVULUS ARVENSIS,3218,jenadrt.de,1,23,11.5,2,2,-21,-9.5,27.77,0.048,12.29,17.215475,2.24,0.5298167,31.40813333,NA,FORB,PERENNIAL,FORB
199,CORDOBIA ARGENTEA,1750,cerrillos.ar,1,49.39,16.46333333,26.26,8.753333333,-23.13,-7.71,27.9,NA,NA,5.52599535,NA,NA,NA,NA,VINE,PERENNIAL,WOODY
200,COREOPSIS PALMATA,1563,cedarsav.us,1,55,27.5,20,6.666666667,-35,-20.83333333,12.06502778,0.614,18.5591,18.06209157,NA,0.1,82.33333333,0.33,FORB,PERENNIAL,FORB
201,COREOPSIS PALMATA,1652,cedartrait.us,1,50,25,13,13,-37,-12,12.06502778,0.614,18.5591,18.06209157,NA,0.1,82.33333333,0.33,FORB,PERENNIAL,FORB
203,CREPIS BIENNIS,3224,jenadrt.de,1,2.5,1.25,4,2,1.5,0.75,18.28,0.183,10.22761651,19.04,0.99,0.113427835,154.7062535,0.425214286,FORB,PERENNIAL,FORB
204,CREPIS BIENNIS,458,baddrt.de,1,34,4.857142857,26,6.5,-8,1.642857143,18.28,0.183,10.22761651,19.04,0.99,0.113427835,154.7062535,0.425214286,FORB,PERENNIAL,FORB
205,CREPIS BIENNIS,47,allmendb.ch,1,1.75,1.75,0.5,0.5,-1.25,-1.25,18.28,0.183,10.22761651,19.04,0.99,0.113427835,154.7062535,0.425214286,FORB,PERENNIAL,FORB
208,CRUCIATA GLABRA,5348,pineta.es,1,0.5,0.5,0.5,0.5,0,0,17.002,0.194,NA,21.52069774,0.14,NA,NA,NA,FORB,PERENNIAL,FORB
209,CYMBOPOGON CAESIUS,6233,ukulingadrt.za,1,41,8.2,26,6.5,-15,-1.7,13.857227,NA,NA,17.88,NA,NA,NA,NA,GRASS,PERENNIAL,GRASS
210,CYNODON DACTYLON,6348,yarradrt.au,1,205,51.25,190,47.5,-15,-3.75,16.887,0.235788519,NA,16.61,0.3556,0.51,26.34,0.071,GRAMINOID,PERENNIAL,GRASS
211,CYNODON DACTYLON,5673,sclaudio.ar,1,7,2.333333333,4,1,-3,-1.333333333,16.887,0.235788519,NA,16.61,0.3556,0.51,26.34,0.071,GRAMINOID,PERENNIAL,GRASS
212,CYNOSURUS CRISTATUS,602,bayrdrt.de,1,5,5,20.1,6.7,15.1,1.7,20.5,0.588,8.98,25.76472222,0.22,0.3312667,24.6,0.705,GRASS,PERENNIAL,GRASS
213,CYPERUS ERAGROSTIS,1933,chilcasdrt.ar,1,1,1,0.25,0.25,-0.75,-0.75,NA,0.9,NA,14.342367,NA,NA,NA,NA,GRAMINOID,PERENNIAL,GRAMINOID
214,DACTYLIS GLOMERATA,5540,rhijn.nl,1,95,15.83333333,60,20,-35,4.166666667,25.72069341,0.671309259,10.15714286,26.04843708,0.3048,0.138583824,304.2076965,0.142857143,GRASS,PERENNIAL,GRASS
215,DACTYLIS GLOMERATA,2571,elvadrt.ee,1,35,11.66666667,35,11.66666667,0,0,25.72069341,0.671309259,10.15714286,26.04843708,0.3048,0.138583824,304.2076965,0.142857143,GRASS,PERENNIAL,GRASS
216,DACTYLIS GLOMERATA,2148,cowidrt.ca,1,27,6.75,17,4.25,-10,-2.5,25.72069341,0.671309259,10.15714286,26.04843708,0.3048,0.138583824,304.2076965,0.142857143,GRASS,PERENNIAL,GRASS
217,DACTYLIS GLOMERATA,6311,validate.fr,1,92,18.4,148,29.6,56,11.2,25.72069341,0.671309259,10.15714286,26.04843708,0.3048,0.138583824,304.2076965,0.142857143,GRASS,PERENNIAL,GRASS
218,DACTYLORHIZA MACULATA,5351,pineta.es,1,2,0.5,4.5,1.125,2.5,0.625,22.6,0.6,NA,24.23285714,NA,NA,NA,NA,FORB,PERENNIAL,FORB
219,DALEA PURPUREA,4757,oklah.us,1,6,3,18,9,12,6,14.1,0.5272,13.9583,13.02080619,1.525,0.174143261,73.40507735,0.341785714,FORB,PERENNIAL,LEGUME
221,DESCHAMPSIA CESPITOSA,5158,paike.ar,1,1,1,3,1,2,0,19.38145224,0.623466667,9.504294333,15.38069921,1.23,0.170736151,364.9892355,0.206048414,GRASS,PERENNIAL,GRASS
222,DESCHAMPSIA FLEXUOSA,3133,hoide.de,1,26,8.666666667,11,3.666666667,-15,-5,21.14852266,0.40801415,6.90123,17.19285365,0.2032,0.386033,196.6766667,0.27,GRASS,PERENNIAL,GRASS
223,DESCHAMPSIA FLEXUOSA,3152,hyide.de,1,2,1,2,1,0,0,21.14852266,0.40801415,6.90123,17.19285365,0.2032,0.386033,196.6766667,0.27,GRASS,PERENNIAL,GRASS
224,DESCURAINIA PINNATA,2927,gmgranite.us,1,1.5,0.5,0.5,0.5,-1,0,NA,NA,NA,15.6,NA,NA,NA,NA,FORB,PERENNIAL,FORB
225,DESCURAINIA PINNATA,4626,nnss.us,1,3.8443192,0.640719867,3.034251,0.433464429,-0.8100682,-0.207255438,NA,NA,NA,15.6,NA,NA,NA,NA,FORB,PERENNIAL,FORB
226,DESMANTHUS ILLINOENSIS,4762,oklah.us,1,0.5,0.5,15,15,14.5,14.5,38.8,0.9144,NA,9.88,NA,0.3048,45.09036443,0.25,FORB,PERENNIAL,LEGUME
227,DESMODIUM ILLINOENSE,5395,purdue.us,1,78,13,79,19.75,1,6.75,14.28767,1.0968,NA,11.96,NA,0.26,NA,0.2997,LEGUME,PERENNIAL,LEGUME
228,DIANTHUS SEROTINUS,3824,kiskun.hu,1,8,8,7,3.5,-1,-4.5,NA,NA,NA,8.61,NA,NA,NA,NA,FORB,PERENNIAL,FORB
229,DICHANTHELIUM OLIGOSANTHES,4769,oklah.us,1,21,7,33,11,12,4,12.8,0.2083,4.73,23.2764706,NA,NA,7.466,0.36,GRASS,PERENNIAL,GRASS
230,DICHANTHELIUM OLIGOSANTHES,3915,konzadrt.us,1,13,2.6,14,2.8,1,0.2,12.8,0.2083,4.73,23.2764706,NA,NA,7.466,0.36,GRASS,PERENNIAL,GRASS
231,DICHANTHELIUM OLIGOSANTHES,1513,cdpt_drt.us,1,3,3,0.5,0.5,-2.5,-2.5,12.8,0.2083,4.73,23.2764706,NA,NA,7.466,0.36,GRASS,PERENNIAL,GRASS
232,DICHANTHELIUM OLIGOSANTHES,777,bfl.us,1,32,10.66666667,96,32,64,21.33333333,12.8,0.2083,4.73,23.2764706,NA,NA,7.466,0.36,GRASS,PERENNIAL,GRASS
233,DICHELACHNE CRINITA,6353,yarradrt.au,1,1,1,1,1,0,0,NA,1.25,NA,13.22276,NA,NA,NA,0.51,GRASS,PERENNIAL,GRASS
234,DIHETEROPOGON AMPLECTENS,6236,ukulingadrt.za,1,3,3,10,5,7,2,7.1951461,NA,NA,15.69,NA,NA,NA,NA,GRASS,PERENNIAL,GRASS
236,DORYCNIUM PENTAPHYLLUM,360,ayora.es,1,46,9.2,16,8,-30,-1.2,24.5,0.4,NA,20.8,1.17,0.56,3.83,NA,SUBSHRUB,PERENNIAL,LEGUME
237,ECHIUM VULGARE,51,allmendb.ch,1,0.25,0.25,0.75,0.375,0.5,0.125,23.6,0.716666667,NA,14.45,2.57,NA,NA,0.385,FORB,PERENNIAL,FORB
238,EHRHARTA STIPOIDES,6354,yarradrt.au,1,43,10.75,245,61.25,202,50.5,25.541,NA,NA,21.72,NA,0.72,NA,0.043,GRASS,PERENNIAL,GRASS
239,ELYMUS ELYMOIDES,4924,oreaa.us,1,15,3.75,38.5,7.7,23.5,3.95,13.572,0.4235,10.19,13.868725,0.3048,0.387230769,48.4183,0.62,GRASS,PERENNIAL,GRASS
240,ELYMUS ELYMOIDES,4711,octc.us,1,3.2734997,0.818374925,0.5475702,0.5475702,-2.7259295,-0.270804725,13.572,0.4235,10.19,13.868725,0.3048,0.387230769,48.4183,0.62,GRASS,PERENNIAL,GRASS
241,ELYMUS ELYMOIDES,5042,oreac.us,1,14,7,17.5,5.833333333,3.5,-1.166666667,13.572,0.4235,10.19,13.868725,0.3048,0.387230769,48.4183,0.62,GRASS,PERENNIAL,GRASS
242,ELYMUS REPENS,3233,jenadrt.de,1,3.5,1.75,0.5,0.5,-3,-1.25,26.17661742,0.605442518,16.42030861,22.79877956,0.3556,0.220460629,91.89875611,0.258457785,GRASS,PERENNIAL,GRASS
243,ELYMUS REPENS,2737,esw.ca,1,1,1,1,1,0,0,26.17661742,0.605442518,16.42030861,22.79877956,0.3556,0.220460629,91.89875611,0.258457785,GRASS,PERENNIAL,GRASS
244,ELYMUS TRACHYCAULUS,3543,kernb.ca,1,1,0.5,21,7,20,6.5,13.85333333,0.466,8.22,11.45053,1.07,NA,62.476,NA,GRAMINOID,PERENNIAL,GRASS
245,ELYMUS TRACHYCAULUS,3662,kernnu.ca,1,6.5,3.25,5.5,1.833333333,-1,-1.416666667,13.85333333,0.466,8.22,11.45053,1.07,NA,62.476,NA,GRAMINOID,PERENNIAL,GRASS
246,EMPETRUM NIGRUM,4120,lygraint.no,1,6,6,2,2,-4,-4,11.54888567,0.271133333,6.06,9.729822391,0.2532,0.0857764,NA,NA,SHRUB,PERENNIAL,WOODY
247,EMPETRUM NIGRUM,4214,lygraold.no,1,13,6.5,9,4.5,-4,-2,11.54888567,0.271133333,6.06,9.729822391,0.2532,0.0857764,NA,NA,SHRUB,PERENNIAL,WOODY
248,ENNEAPOGON POLYPHYLLUS,2335,credom.au,1,2,0.666666667,2,1,0,0.333333333,10.55,0.325,3.7,7.035333333,NA,0.44,NA,0.6,GRASS,PERENNIAL,GRASS
251,EPILOBIUM TETRAGONUM,471,baddrt.de,1,8.12,0.812,4,0.8,-4.12,-0.012,NA,0.720833333,NA,15.9,NA,NA,NA,NA,FORB,PERENNIAL,FORB
252,Epipactis PALUSTRIS,5355,pineta.es,1,31,15.5,3,3,-28,-12.5,NA,0.4375,NA,22.62,NA,NA,NA,NA,FORB,PERENNIAL,FORB
253,EQUISETUM ARVENSE,6187,teshio.jp,1,24,4,33,5.5,9,1.5,20.06733732,0.344317143,NA,13.18450744,0.2262,NA,NA,NA,FORB,PERENNIAL,FORB
254,EQUISETUM ARVENSE,2582,elvadrt.ee,1,1,1,4,1.333333333,3,0.333333333,20.06733732,0.344317143,NA,13.18450744,0.2262,NA,NA,NA,FORB,PERENNIAL,FORB
256,ERAGROSTIS SETIFOLIA,5497,quilpie.au,1,4,2,2,2,-2,0,11.63,0.38,NA,7.946703097,NA,NA,NA,NA,GRASS,PERENNIAL,GRASS
257,EREMOPHILA GILESII,1892,charleville.au,1,135,45,140,46.66666667,5,1.666666667,NA,0.90825,NA,8.200857,NA,NA,NA,NA,SHRUB,PERENNIAL,WOODY
259,ERICA TETRALIX,4217,lygraold.no,1,21,10.5,20,10,-1,-0.5,11.50813841,0.465833333,NA,10.60442241,NA,NA,NA,0.07,SUBSHRUB,PERENNIAL,WOODY
260,ERICA TETRALIX,4123,lygraint.no,1,11,5.5,11,5.5,0,0,11.50813841,0.465833333,NA,10.60442241,NA,NA,NA,0.07,SUBSHRUB,PERENNIAL,WOODY
263,ERIGERON STRIGOSUS,4776,oklah.us,1,3.5,1.75,3.5,1.75,0,0,12.3765,0.566,NA,24.97386549,0.254,NA,NA,NA,FORB,PERENNIAL,FORB
265,ERIOPHORUM ANGUSTIFOLIUM,4220,lygraold.no,1,2,1,1,1,-1,0,20.00955403,0.392104,5.5,13.32708698,0.2895,0.18,37.5,0.7875,GRAMINOID,PERENNIAL,GRAMINOID
269,ESCHSCHOLZIA CALIFORNICA,5945,scruzm.us,1,36.4814939,7.29629878,13.0509908,4.350330267,-23.4305031,-2.945968513,46.6,0.405253333,NA,27.92808564,0.254,0.015053333,527.2,0.24385,FORB,PERENNIAL,FORB
270,EUPHORBIA CYPARISSIAS,204,allmendo.ch,1,2.25,2.25,1.75,1.75,-0.5,-0.5,29,0.2375,8.96,23.6,0.89,0.411,6.4,0.699,FORB,PERENNIAL,FORB
271,EUPHORBIA CYPARISSIAS,55,allmendb.ch,1,0.25,0.25,4,2,3.75,1.75,29,0.2375,8.96,23.6,0.89,0.411,6.4,0.699,FORB,PERENNIAL,FORB
273,EUPHORBIA DRUMMONDII,2346,credom.au,1,1,0.5,0.5,0.5,-0.5,0,NA,0.1276,NA,12.13032804,NA,NA,NA,NA,FORB,PERENNIAL,FORB
274,EUPHORBIA SEGUIERIANA,3826,kiskun.hu,1,4.8,1.2,12,3,7.2,1.8,NA,0.425,NA,18.4,1.6675,NA,NA,NA,FORB,PERENNIAL,FORB
276,EUTHAMIA GRAMINIFOLIA,5397,purdue.us,1,65,13,25,25,-40,12,19.4891582,0.798,NA,12.04198841,NA,NA,NA,NA,FORB,PERENNIAL,FORB
277,EUTHAMIA GRAMINIFOLIA,1571,cedarsav.us,1,26,4.333333333,16,4,-10,-0.333333333,19.4891582,0.798,NA,12.04198841,NA,NA,NA,NA,FORB,PERENNIAL,FORB
278,EVOLVULUS SERICEUS,784,bfl.us,1,2,1,4,1.333333333,2,0.333333333,NA,0.165186473,NA,13.12723643,NA,NA,NA,NA,FORB,PERENNIAL,FORB
279,FAGUS SYLVATICA,3982,kranz.de,1,300,50,300,50,0,0,21.57683121,NA,3.73333,18.54393462,0.91875,0.565265667,28.44544129,0.524726557,TREE,PERENNIAL,WOODY
280,FESTUCA ARUNDINACEA,4341,marcdrt.ar,1,240,60,285,71.25,45,11.25,26.75,0.922297147,9.306666667,16.0977261,1.415,0.208261132,167.503371,0.383552278,GRASS,PERENNIAL,GRASS
281,FESTUCA ARUNDINACEA,5677,sclaudio.ar,1,275,68.75,315,78.75,40,10,26.75,0.922297147,9.306666667,16.0977261,1.415,0.208261132,167.503371,0.383552278,GRASS,PERENNIAL,GRASS
282,FESTUCA ARUNDINACEA,1946,chilcasdrt.ar,1,385,64.16666667,400,66.66666667,15,2.5,26.75,0.922297147,9.306666667,16.0977261,1.415,0.208261132,167.503371,0.383552278,GRASS,PERENNIAL,GRASS
283,FESTUCA HALLERI,5271,passogavia.it,1,0.3,0.3,2,2,1.7,1.7,13,NA,NA,9.9,0.101,NA,NA,0.31,GRASS,PERENNIAL,GRASS
284,FESTUCA IDAHOENSIS,5056,oreac.us,1,55.5,11.1,55,13.75,-0.5,2.65,10.3118547,0.6096,NA,42.75,0.3556,NA,NA,NA,GRASS,PERENNIAL,GRASS
285,FESTUCA IDAHOENSIS,4949,oreaa.us,1,38.5,7.7,45.5,9.1,7,1.4,10.3118547,0.6096,NA,42.75,0.3556,NA,NA,NA,GRASS,PERENNIAL,GRASS
286,FESTUCA IDAHOENSIS,2052,cmss.us,1,55,27.5,75,25,20,-2.5,10.3118547,0.6096,NA,42.75,0.3556,NA,NA,NA,GRASS,PERENNIAL,GRASS
287,FESTUCA OVINA,60,allmendb.ch,1,2.25,2.25,2.5,0.833333333,0.25,-1.416666667,16.78631631,0.414347827,7.790299962,16.83674211,0.254,0.18,180.6632143,0.02,GRASS,PERENNIAL,GRASS
288,FESTUCA OVINA,209,allmendo.ch,1,16.25,5.416666667,21.25,7.083333333,5,1.666666667,16.78631631,0.414347827,7.790299962,16.83674211,0.254,0.18,180.6632143,0.02,GRASS,PERENNIAL,GRASS
289,FESTUCA PRATENSIS,2588,elvadrt.ee,1,20,6.666666667,22,7.333333333,2,0.666666667,22.6929621,0.4,9.037334647,21.47,0.233,0.091553497,289.7039134,0.217565197,GRASS,PERENNIAL,GRASS
290,FESTUCA RUBRA,5357,pineta.es,1,19.5,4.875,24,8,4.5,3.125,19.05492673,0.452958333,7.08,20.02617821,0.3048,0.233235525,348.147287,0.12,GRASS,PERENNIAL,GRASS
291,FESTUCA RUBRA,615,bayrdrt.de,1,185,37,70,14,-115,-23,19.05492673,0.452958333,7.08,20.02617821,0.3048,0.233235525,348.147287,0.12,GRASS,PERENNIAL,GRASS
292,FESTUCA RUBRA,5547,rhijn.nl,1,200,40,50,25,-150,-15,19.05492673,0.452958333,7.08,20.02617821,0.3048,0.233235525,348.147287,0.12,GRASS,PERENNIAL,GRASS
293,FESTUCA RUBRA,2594,elvadrt.ee,1,9,3,9,3,0,0,19.05492673,0.452958333,7.08,20.02617821,0.3048,0.233235525,348.147287,0.12,GRASS,PERENNIAL,GRASS
294,FESTUCA VAGINATA,3828,kiskun.hu,1,87,17.4,88,17.6,1,0.2,NA,1,NA,17.18213058,NA,NA,NA,NA,GRASS,PERENNIAL,GRASS
295,FESTUCA VIVIPARA,4126,lygraint.no,1,6,3,2,2,-4,-1,NA,0.065,NA,11.02,NA,NA,NA,NA,GRASS,PERENNIAL,GRASS
296,FRAGARIA VESCA,5359,pineta.es,1,11,5.5,37,9.25,26,3.75,16.48863464,0.136111111,NA,24.4032544,0.267,0.351086957,312.2441806,0.1112,FORB,PERENNIAL,FORB
297,FRAGARIA VESCA,2600,elvadrt.ee,1,42,14,37,12.33333333,-5,-1.666666667,16.48863464,0.136111111,NA,24.4032544,0.267,0.351086957,312.2441806,0.1112,FORB,PERENNIAL,FORB
298,FUMANA ERICIFOLIA,363,ayora.es,1,53,10.6,5,1.666666667,-48,-8.933333333,10.02,0.2,NA,4.558011959,0.49,NA,NA,NA,SUBSHRUB,PERENNIAL,WOODY
299,FUMANA PROCUMBENS,3830,kiskun.hu,1,20.5,6.833333333,6.5,3.25,-14,-3.583333333,16,0.15,NA,8.22,0.28,NA,NA,NA,FORB,PERENNIAL,FORB
302,GALIUM BOREALE,1319,brookdale.ca,1,6.416666667,1.283333333,6.666666667,1.333333333,0.25,0.05,18.80683333,0.37,10,22.71017578,0.1524,0.315984509,172.8382766,0.1779,FORB,PERENNIAL,FORB
303,GALIUM BOREALE,3671,kernnu.ca,1,2,1,8,8,6,7,18.80683333,0.37,10,22.71017578,0.1524,0.315984509,172.8382766,0.1779,FORB,PERENNIAL,FORB
304,GALIUM BOREALE,3552,kernb.ca,1,8,8,0.5,0.5,-7.5,-7.5,18.80683333,0.37,10,22.71017578,0.1524,0.315984509,172.8382766,0.1779,FORB,PERENNIAL,FORB
305,GALIUM LUCIDUM,375,ayora.es,1,2,1,5,2.5,3,1.5,26,0.375,NA,40.8,0.67,NA,NA,NA,VINE,PERENNIAL,FORB
307,GALIUM SAXATILE,4129,lygraint.no,1,3,3,2,1,-1,-2,25.1,0.175,NA,25.08983957,NA,NA,NA,NA,FORB,PERENNIAL,FORB
308,GALIUM VERUM,213,allmendo.ch,1,5.25,1.75,1.75,0.875,-3.5,-0.875,21.6094737,0.516038889,11.75956766,17.72121934,0.7266667,0.140178711,402.3842917,0.122981034,FORB,PERENNIAL,FORB
309,GAURA COCCINEA,4493,mattheis.ca,1,13,4.333333333,7,3.5,-6,-0.833333333,NA,NA,NA,14.93401246,0.47,NA,7.307967,0.345,FORB,PERENNIAL,FORB
310,GAURA COCCINEA,1516,cdpt_drt.us,1,2,2,1,1,-1,-1,NA,NA,NA,14.93401246,0.47,NA,7.307967,0.345,FORB,PERENNIAL,FORB
311,GENISTA SCORPIUS,2419,ebro.es,1,43.76336066,14.58778689,16.681896,5.560632001,-27.08146466,-9.027154887,NA,1.5,NA,9.527159544,0.84,NA,NA,NA,SHRUB,PERENNIAL,LEGUME
317,GERANIUM THUNBERGII,6190,teshio.jp,1,16,8,9,4.5,-7,-3.5,20.22039,0.709,NA,27.52,NA,NA,NA,NA,FORB,PERENNIAL,FORB
318,GEUM CANADENSE,2748,esw.ca,1,1,1,1,1,0,0,NA,0.77936,NA,20.2434208,0.1016,NA,NA,NA,FORB,PERENNIAL,FORB
319,GLECHOMA HEDERACEA,3263,jenadrt.de,1,8,8,12,12,4,4,13.09,0.1,15.84806833,21.32,0.14,0.104315255,419.5272801,0.213838095,FORB,PERENNIAL,FORB
320,GLOBULARIA VULGARIS,69,allmendb.ch,1,5.25,1.75,0.75,0.375,-4.5,-1.375,NA,0.2,NA,6.892,0.47,NA,NA,NA,FORB,PERENNIAL,FORB
321,GLOBULARIA VULGARIS,217,allmendo.ch,1,1.75,0.583333333,4,1.333333333,2.25,0.75,NA,0.2,NA,6.892,0.47,NA,NA,NA,FORB,PERENNIAL,FORB
322,GNAPHALIUM SUPINUM,5275,passogavia.it,1,0.16,0.053333333,0.15,0.075,-0.01,0.021666667,22.46381487,NA,28.1,27.00300375,NA,NA,307.39,0.29,FORB,PERENNIAL,FORB
323,GOUINIA PARAGUAYENSIS,1772,cerrillos.ar,1,5.63,2.815,7.5,7.5,1.87,4.685,23.1,0.47,NA,19.71,NA,NA,NA,NA,GRASS,PERENNIAL,GRASS
324,GREVILLEA AUSTRALIS,2885,falls.au,1,1,1,1,1,0,0,NA,2,NA,4.896896,NA,NA,NA,NA,SHRUB,PERENNIAL,WOODY
325,GUTIERREZIA SAROTHRAE,5982,sevblack.us,1,18.25,18.25,20,20,1.75,1.75,18.68,0.23,12.4,9.393567894,0.4064,0.225,82.1343,0.2661,SHRUB,PERENNIAL,FORB
326,GYPSOPHILA REPENS,221,allmendo.ch,1,0.25,0.25,0.5,0.5,0.25,0.25,12.7,0.14,NA,15.67666667,NA,NA,NA,NA,FORB,PERENNIAL,FORB
327,GYPSOPHILA STRUTHIUM,2005,ciempoz.es,1,18.69,4.6725,40.17,8.034,21.48,3.3615,16.70948548,0.6,NA,4.877171445,NA,NA,NA,NA,SHRUB,PERENNIAL,WOODY
328,HELIANTHEMUM CINEREUM,381,ayora.es,1,15,2.5,9,3,-6,0.5,13.24715,0.053,NA,6.31,NA,NA,NA,NA,SUBSHRUB,PERENNIAL,WOODY
329,HELIANTHEMUM MARIFOLIUM,2430,ebro.es,1,3.280572167,1.093524056,3.557425667,1.185808556,0.2768535,0.0922845,NA,0.3,NA,7.659559676,0.28,NA,NA,NA,SHRUB,PERENNIAL,WOODY
330,HELIANTHEMUM NUMMULARIUM var. GRANDIFLORUM,73,allmendb.ch,1,18.75,6.25,32.5,10.83333333,13.75,4.583333333,17.1,NA,6.27,14.70769,1.63,0.1910333,180,1.555,SHRUB,PERENNIAL,WOODY
331,HELIANTHEMUM NUMMULARIUM var. GRANDIFLORUM,225,allmendo.ch,1,17.5,5.833333333,16.25,5.416666667,-1.25,-0.416666667,17.1,NA,6.27,14.70769,1.63,0.1910333,180,1.555,SHRUB,PERENNIAL,WOODY
332,HELIANTHEMUM SQUAMATUM,2009,ciempoz.es,1,10.81,5.405,4.5425,1.514166667,-6.2675,-3.890833333,13.91070827,0.2,NA,5.358237548,0.65,NA,NA,NA,SUBSHRUB,PERENNIAL,WOODY
334,HELIANTHUS PAUCIFLORUS,1326,brookdale.ca,1,4.333333333,1.083333333,6.25,1.25,1.916666667,0.166666667,NA,0.39,NA,9.153001144,1.27,0.19,52,0.36,NULL,PERENNIAL,FORB
336,HELICTOTRICHON PRATENSE,77,allmendb.ch,1,8.25,2.75,12.75,4.25,4.5,1.5,16.4,0.816666667,NA,14.06030769,0.79,0.669747899,85.98480816,0.1543,GRASS,PERENNIAL,GRASS
337,HELICTOTRICHON PRATENSE,229,allmendo.ch,1,3.25,1.083333333,11.25,3.75,8,2.666666667,16.4,0.816666667,NA,14.06030769,0.79,0.669747899,85.98480816,0.1543,GRASS,PERENNIAL,GRASS
338,HELICTOTRICHON PUBESCENS,2606,elvadrt.ee,1,4,1.333333333,3,1.5,-1,0.166666667,24.3,0.680625,7.892636683,18.69463141,0.3,0.090296815,62.86954053,0.161264502,GRASS,PERENNIAL,GRASS
339,HESPEROSTIPA COMATA,1518,cdpt_drt.us,1,61,10.16666667,93,15.5,32,5.333333333,12.21666667,0.224,6.55,5.904809091,1.353302,0.3762,35.19975,0.38,GRASS,PERENNIAL,GRASS
340,HESPEROSTIPA COMATA,4496,mattheis.ca,1,100,20,105,21,5,1,12.21666667,0.224,6.55,5.904809091,1.353302,0.3762,35.19975,0.38,GRASS,PERENNIAL,GRASS
341,HETEROTHECA SUBAXILLARIS,4792,oklah.us,1,1,0.5,1,0.5,0,0,NA,1.8,NA,16.2,NA,NA,NA,NA,FORB,PERENNIAL,FORB
342,HETEROTHECA SUBAXILLARIS,6037,slp.us,1,19,6.333333333,12,6,-7,-0.333333333,NA,1.8,NA,16.2,NA,NA,NA,NA,FORB,PERENNIAL,FORB
343,HILARIA JAMESII,5998,sevmixed.us,1,23.2,3.314285714,2.55,0.85,-20.65,-2.464285714,21.68723958,0.6096,7.6,13.95707872,0.3048,NA,140.9228,0.056,GRAMINOID,PERENNIAL,GRASS
344,HILARIA JAMESII,310,antelope.us,1,33.7,4.2125,15.8,1.975,-17.9,-2.2375,21.68723958,0.6096,7.6,13.95707872,0.3048,NA,140.9228,0.056,GRAMINOID,PERENNIAL,GRASS
345,HIPPOCREPIS COMOSA,233,allmendo.ch,1,16,5.333333333,8.5,2.833333333,-7.5,-2.5,29,0.231666667,NA,15.26545455,1.003333,NA,NA,NA,FORB,PERENNIAL,LEGUME
346,HIPPOCREPIS COMOSA,81,allmendb.ch,1,37.5,12.5,31.25,10.41666667,-6.25,-2.083333333,29,0.231666667,NA,15.26545455,1.003333,NA,NA,NA,FORB,PERENNIAL,LEGUME
347,HOFFMANNSEGGIA DREPANOCARPA,5983,sevblack.us,1,0.5,0.5,0.5,0.5,0,0,NA,NA,NA,16.00833991,NA,NA,12.54713,0.286,LEGUME,PERENNIAL,LEGUME
348,HOLCUS LANATUS,5557,rhijn.nl,1,42,8.4,20,6.666666667,-22,-1.733333333,24.56210683,0.554013615,9.716666667,33.50183772,0.1016,0.210999112,311.996707,0.116666667,GRASS,PERENNIAL,GRASS
349,HOLCUS LANATUS,5759,scruzh.us,1,27.5797374,13.7898687,29.0563866,14.5281933,1.4766492,0.7383246,24.56210683,0.554013615,9.716666667,33.50183772,0.1016,0.210999112,311.996707,0.116666667,GRASS,PERENNIAL,GRASS
354,HYDROCOTYLE BONARIENSIS,4352,marcdrt.ar,1,3,1.5,7,2.333333333,4,0.833333333,NA,NA,NA,27.35005333,NA,NA,NA,NA,FORB,PERENNIAL,FORB
357,HYPOCHAERIS RADICATA,6118,spvdrt.ar,1,8,2.666666667,9,3,1,0.333333333,17.75,0.3505,5.956457605,28.74506187,0.5475,0.14089564,151.7703194,0.261638779,FORB,PERENNIAL,FORB
358,HYPOCHAERIS RADICATA,632,bayrdrt.de,1,0.1,0.1,6,3,5.9,2.9,17.75,0.3505,5.956457605,28.74506187,0.5475,0.14089564,151.7703194,0.261638779,FORB,PERENNIAL,FORB
359,HYPOCHAERIS RADICATA,6364,yarradrt.au,1,1,1,1,1,0,0,17.75,0.3505,5.956457605,28.74506187,0.5475,0.14089564,151.7703194,0.261638779,FORB,PERENNIAL,FORB
360,HYPOCHAERIS RADICATA,2887,falls.au,1,4.5,0.9,2.5,0.833333333,-2,-0.066666667,17.75,0.3505,5.956457605,28.74506187,0.5475,0.14089564,151.7703194,0.261638779,FORB,PERENNIAL,FORB
361,HYPOCHAERIS RADICATA,487,baddrt.de,1,0.2,0.2,1,1,0.8,0.8,17.75,0.3505,5.956457605,28.74506187,0.5475,0.14089564,151.7703194,0.261638779,FORB,PERENNIAL,FORB
362,HYPOLAENA FASTIGIATA,3406,jilpanger.au,1,0.5,0.5,1,0.5,0.5,0,5.5,0.5625,NA,2.094693,0.25,NA,2.742290055,NA,GRASS,PERENNIAL,FORB
364,JUNCUS EFFUSUS,6193,teshio.jp,1,3,3,8,8,5,5,12.64837681,1.1116225,9.325765248,8.991914828,0.6096,0.202890258,42.24025782,0.56575,GRAMINOID,PERENNIAL,GRAMINOID
365,KOELERIA MACRANTHA,4501,mattheis.ca,1,95,23.75,50,10,-45,-13.75,14.632,0.117368421,8.54,10.603875,0.508,0.43423927,61.632225,0.231432767,GRAMINOID,PERENNIAL,GRASS
366,KOELERIA MACRANTHA,884,biddulph.ca,1,1.5,0.75,1,1,-0.5,0.25,14.632,0.117368421,8.54,10.603875,0.508,0.43423927,61.632225,0.231432767,GRAMINOID,PERENNIAL,GRASS
367,KOELERIA MACRANTHA,4439,matador.ca,1,5.5,1.833333333,5,2.5,-0.5,0.666666667,14.632,0.117368421,8.54,10.603875,0.508,0.43423927,61.632225,0.231432767,GRAMINOID,PERENNIAL,GRASS
368,KOELERIA MACRANTHA,3927,konzadrt.us,1,30,6,43,8.6,13,2.6,14.632,0.117368421,8.54,10.603875,0.508,0.43423927,61.632225,0.231432767,GRAMINOID,PERENNIAL,GRASS
369,KOELERIA MACRANTHA,1520,cdpt_drt.us,1,10,10,12,12,2,2,14.632,0.117368421,8.54,10.603875,0.508,0.43423927,61.632225,0.231432767,GRAMINOID,PERENNIAL,GRASS
370,KOELERIA MACRANTHA,3073,hard.us,1,11,5.5,11,5.5,0,0,14.632,0.117368421,8.54,10.603875,0.508,0.43423927,61.632225,0.231432767,GRAMINOID,PERENNIAL,GRASS
371,KOELERIA MICRATHERA,1663,cedartrait.us,1,5,5,8,4,3,-1,NA,NA,NA,14.02,NA,NA,NA,NA,GRASS,PERENNIAL,GRASS
372,KRASCHENINNIKOVIA LANATA,4444,matador.ca,1,16,5.333333333,63,21,47,15.66666667,26.25,0.4572,NA,11.20220464,0.3048,NA,124.72,0.7078,FORB,PERENNIAL,WOODY
374,LACTUCA TATARICA,3563,kernb.ca,1,4,2,2.5,1.25,-1.5,-0.75,22.6,0.625,NA,18.07666667,2.4,0.213227444,77.19169246,NA,FORB,PERENNIAL,FORB
375,LARREA DIVARICATA,1776,cerrillos.ar,1,96.88,32.29333333,58.51,19.50333333,-38.37,-12.79,22.9,1.67,NA,5.881206897,NA,NA,NA,NA,SHRUB,PERENNIAL,WOODY
376,LARREA TRIDENTATA,4632,nnss.us,1,135.1947492,13.51947492,105.5421877,10.55421877,-29.6525615,-2.96525615,20.22556818,NA,NA,10.4929565,2.4,NA,45.247608,0.583333333,SHRUB,PERENNIAL,WOODY
377,LATHYRUS PRATENSIS,2617,elvadrt.ee,1,20,20,5,5,-15,-15,39.68831026,0.475733333,25.11541,24.99129113,1.18,0.141833333,63.29727228,0.4965,LEGUME,PERENNIAL,LEGUME
378,LATHYRUS VENOSUS,1580,cedarsav.us,1,20,5,9,4.5,-11,-0.5,30.13845455,0.3533,NA,18.46365493,NA,0.194444444,46.82957143,0.3725,LEGUME,PERENNIAL,LEGUME
379,LEERSIA HEXANDRA,1958,chilcasdrt.ar,1,4,1,2.5,0.625,-1.5,-0.375,17.321052,1.5,NA,26,NA,NA,NA,NA,GRASS,PERENNIAL,GRASS
380,LEONTODON HISPIDUS,2623,elvadrt.ee,1,19,6.333333333,12,4,-7,-2.333333333,23.92644618,0.371,11.53789754,27.0408515,0.3,0.134462153,204.9072943,0.273284146,FORB,PERENNIAL,FORB
381,LEPIDIUM SUBULATUM,2013,ciempoz.es,1,111.585,15.94071429,90.565,12.93785714,-21.02,-3.002857143,19.94806715,0.3,NA,6.508870465,0.74,NA,NA,NA,SUBSHRUB,PERENNIAL,WOODY
382,LEPIDOSPERMA CARPHOIDES,3412,jilpanger.au,1,5,5,0.5,0.5,-4.5,-4.5,5.7,0.5,NA,2.685549,0.28,NA,NA,NA,GRAMINOID,PERENNIAL,GRAMINOID
383,LEPIDOSPERMA CONGESTUM,3414,jilpanger.au,1,1,0.5,1.5,0.5,0.5,0,NA,0.5,NA,2.737,NA,NA,NA,NA,GRAMINOID,PERENNIAL,GRAMINOID
384,LESPEDEZA CAPITATA,1667,cedartrait.us,1,14,2.333333333,11,2.75,-3,0.416666667,19.09948702,0.842,31.172408,12.45020289,0.4572,0.228401178,79.00332954,0.333275,FORB,PERENNIAL,LEGUME
385,LEUCANTHEMOPSIS ALPINA,5285,passogavia.it,1,4.22,0.844,2.3,0.46,-1.92,-0.384,26,0.035,NA,15.775,0.126,NA,NA,0.83,FORB,PERENNIAL,FORB
386,LEUCANTHEMUM VULGARE,5572,rhijn.nl,1,1,1,1,1,0,0,30.26796208,0.53192,9.640667198,17.80983272,0.2032,0.178238532,205.5962002,0.23427,FORB,PERENNIAL,FORB
387,LEUCANTHEMUM VULGARE,89,allmendb.ch,1,2.75,1.375,3,1.5,0.25,0.125,30.26796208,0.53192,9.640667198,17.80983272,0.2032,0.178238532,205.5962002,0.23427,FORB,PERENNIAL,FORB
388,LIATRIS ASPERA,1671,cedartrait.us,1,59,8.428571429,59,11.8,0,3.371428571,12.33641253,0.68,20.498833,17.00092904,NA,0.135313282,193.6403191,0.335858333,FORB,PERENNIAL,FORB
389,LIATRIS PUNCTATA,1522,cdpt_drt.us,1,0.5,0.5,1,1,0.5,0.5,16.817,0.6096,NA,9.8333502,0.3556,0.16753096,118.8077502,0.3044,FORB,PERENNIAL,FORB
390,LIATRIS PUNCTATA,811,bfl.us,1,41,13.66666667,23,11.5,-18,-2.166666667,16.817,0.6096,NA,9.8333502,0.3556,0.16753096,118.8077502,0.3044,FORB,PERENNIAL,FORB
391,LIATRIS SQUARROSA,4804,oklah.us,1,1,0.5,3.5,1.75,2.5,1.25,22.06384,0.4548,NA,16.33650548,0.67,NA,NA,NA,FORB,PERENNIAL,FORB
392,LIGUSTICUM MUTELLINA,5289,passogavia.it,1,24,12,46,46,22,34,21.8,0.28,NA,24.9616,0.68,NA,NA,NA,FORB,PERENNIAL,FORB
397,LINUM SUFFRUTICOSUM,390,ayora.es,1,15,7.5,3,3,-12,-4.5,19.9,0.4,NA,13.83721065,NA,NA,NA,NA,SUBSHRUB,PERENNIAL,WOODY
398,LINUM SUFFRUTICOSUM,2453,ebro.es,1,6.794800834,2.264933611,6.096667501,2.0322225,-0.698133333,-0.232711111,19.9,0.4,NA,13.83721065,NA,NA,NA,NA,SUBSHRUB,PERENNIAL,WOODY
399,LIRIODENDRON TULIPIFERA,3155,indiana.us,1,17,17,16,16,-1,-1,25.35214926,NA,16.73700827,28.13,0.8128,0.177367326,12.04094018,0.772647695,TREE,PERENNIAL,WOODY
400,LITHOSPERMUM CANESCENS,1341,brookdale.ca,1,3,1,1.666666667,1.666666667,-1.333333333,0.666666667,18.9752,0.282,NA,14.43083537,NA,NA,NA,NA,FORB,PERENNIAL,FORB
401,LITHOSPERMUM CANESCENS,1585,cedarsav.us,1,9,3,13,4.333333333,4,1.333333333,18.9752,0.282,NA,14.43083537,NA,NA,NA,NA,FORB,PERENNIAL,FORB
402,LITHOSPERMUM INCISUM,4505,mattheis.ca,1,11,5.5,20,10,9,4.5,26.9,0.2176,NA,12.77,3.03,NA,NA,NA,FORB,PERENNIAL,FORB
403,LITHOSPERMUM INCISUM,1524,cdpt_drt.us,1,11,2.75,13,2.166666667,2,-0.583333333,26.9,0.2176,NA,12.77,3.03,NA,NA,NA,FORB,PERENNIAL,FORB
404,LOLIUM PERENNE,6317,validate.fr,1,79,15.8,35.1,7.02,-43.9,-8.78,19.23,0.429,9.7,18.31,0.254,0.104845371,220.8471095,0.1,GRASS,PERENNIAL,GRASS
407,LOLIUM PERENNE,3279,jenadrt.de,1,110,36.66666667,142,47.33333333,32,10.66666667,19.23,0.429,9.7,18.31,0.254,0.104845371,220.8471095,0.1,GRASS,PERENNIAL,GRASS
408,LOMANDRA NANA,3420,jilpanger.au,1,1,0.5,2,0.666666667,1,0.166666667,NA,0.17,NA,5.237313,NA,NA,NA,NA,FORB,PERENNIAL,FORB
409,LOTUS CORNICULATUS,6370,yarradrt.au,1,2,2,1,1,-1,-1,32.37274407,0.357339206,21.21401,21.71513633,0.3556,0.12871093,104.3277979,0.351194598,FORB,PERENNIAL,LEGUME
410,LOTUS CORNICULATUS,243,allmendo.ch,1,1.25,0.625,0.75,0.375,-0.5,-0.25,32.37274407,0.357339206,21.21401,21.71513633,0.3556,0.12871093,104.3277979,0.351194598,FORB,PERENNIAL,LEGUME
411,LOTUS CORNICULATUS,97,allmendb.ch,1,2.75,0.916666667,4,1.333333333,1.25,0.416666667,32.37274407,0.357339206,21.21401,21.71513633,0.3556,0.12871093,104.3277979,0.351194598,FORB,PERENNIAL,LEGUME
412,LOTUS GLABER,1963,chilcasdrt.ar,1,7.75,2.583333333,6,3,-1.75,0.416666667,NA,0.75,NA,25.91,NA,NA,NA,0.71,LEGUME,PERENNIAL,LEGUME
413,LUZULA CAMPESTRIS,655,bayrdrt.de,1,0.1,0.1,2,2,1.9,1.9,31.3433412,0.205,NA,23.94844812,0.21,0.333333333,551.1830025,0.145733333,GRASS,PERENNIAL,GRAMINOID
414,LUZULA MULTIFLORA,2641,elvadrt.ee,1,6,2,9,3,3,1,25.54618746,0.2110425,5.237476541,25.53913437,NA,NA,132.06,NA,GRASS,PERENNIAL,GRAMINOID
415,LYCIUM PALLIDUM,4635,nnss.us,1,5.1748451,5.1748451,8.3396542,2.779884733,3.1648091,-2.394960367,26.13809524,2.1336,NA,11.3,0.3048,NA,NA,NA,SHRUB,PERENNIAL,WOODY
416,LYSIMACHIA EUROPAEA,4147,lygraint.no,1,4,2,2,1,-2,-1,32.8,0.09,NA,51,NA,NA,NA,NA,FORB,PERENNIAL,FORB
417,MACHAERANTHERA PINNATIFIDA,5999,sevmixed.us,1,1.5,0.5,1,0.5,-0.5,0,NA,NA,NA,14.18259087,1.335,NA,9.58714,0.248,FORB,PERENNIAL,FORB
418,MACHAERANTHERA PINNATIFIDA,1526,cdpt_drt.us,1,0.6,0.3,0.1,0.1,-0.5,-0.2,NA,NA,NA,14.18259087,1.335,NA,9.58714,0.248,FORB,PERENNIAL,FORB
419,MAIREANA SEDIFOLIA,2357,credom.au,1,20.5,10.25,1,1,-19.5,-9.25,39.14135,1.3,NA,4.952222222,NA,NA,NA,NA,SHRUB,PERENNIAL,WOODY
420,MAIREANA SEDIFOLIA,2274,credoj.au,1,7.5,1.875,17,3.4,9.5,1.525,39.14135,1.3,NA,4.952222222,NA,NA,NA,NA,SHRUB,PERENNIAL,WOODY
427,MICROSERIS SCAPIGERA,3422,jilpanger.au,1,1,0.5,0.5,0.5,-0.5,0,NA,0.36,NA,35.23,NA,NA,NA,NA,FORB,PERENNIAL,FORB
430,MOLINIA CAERULEA,4246,lygraold.no,1,8,8,3,1.5,-5,-6.5,19.7245873,0.699125,8.366751778,17.87260174,0.8,0.20066,56.8752851,0.269333333,GRASS,PERENNIAL,GRASS
431,MOLINIA CAERULEA,4150,lygraint.no,1,1,1,6,6,5,5,19.7245873,0.699125,8.366751778,17.87260174,0.8,0.20066,56.8752851,0.269333333,GRASS,PERENNIAL,GRASS
432,MONARDA FISTULOSA,1679,cedartrait.us,1,2,2,8,8,6,6,11.29051118,0.662,17.87547,26.21085308,0.1016,0.165191358,93.37285277,0.28925,FORB,PERENNIAL,FORB
433,MORELLA CERIFERA,5645,sand.us,1,1,1,1,1,0,0,NA,5.823692308,12.65043574,16.30496347,0.508,0.136588343,42.07931829,0.313333333,SHRUB,PERENNIAL,WOODY
434,MUHLENBERGIA ARENICOLA,5985,sevblack.us,1,2,1,1,1,-1,0,NA,NA,NA,14.31621017,NA,NA,139.5016,0.034,GRASS,PERENNIAL,GRASS
435,NASSELLA NEESIANA,4590,naposta.ar,1,150,50,110,36.66666667,-40,-13.33333333,14.2304221,0.8,NA,16,NA,NA,NA,NA,GRASS,PERENNIAL,GRASS
436,NASSELLA TRICHOTOMA,4594,naposta.ar,1,60,20,50,25,-10,5,NA,0.7,NA,11.297312,NA,NA,NA,0.77666667,GRASS,PERENNIAL,GRASS
437,NASSELLA VIRIDULA,3684,kernnu.ca,1,2,2,1,1,-1,-1,12.6088734,0.6096,NA,10.77,0.3556,0.517363388,54.89286067,0.23675,GRAMINOID,PERENNIAL,GRASS
438,NASSELLA VIRIDULA,4454,matador.ca,1,68,22.66666667,56,18.66666667,-12,-4,12.6088734,0.6096,NA,10.77,0.3556,0.517363388,54.89286067,0.23675,GRAMINOID,PERENNIAL,GRASS
439,NEOTTIA OVATA,5369,pineta.es,1,3,3,7,1.75,4,-1.25,NA,0.32,NA,30.18571429,NA,NA,NA,NA,FORB,PERENNIAL,FORB
440,NEURACHNE ALOPECUROIDEA,3428,jilpanger.au,1,2,0.666666667,20,6.666666667,18,6,NA,0.5,NA,7.6793,NA,NA,NA,NA,GRASS,PERENNIAL,GRASS
441,NOTICASTRUM SERICEUM,6130,spvdrt.ar,1,1,1,8,4,7,3,30.175,NA,NA,36.99,NA,NA,NA,NA,FORB,PERENNIAL,FORB
442,OREOCHLOA DISTICHA,5299,passogavia.it,1,11,5.5,0.55,0.275,-10.45,-5.225,22,0.115,NA,9.2,NA,NA,NA,NA,GRASS,PERENNIAL,GRASS
443,OXALIS DILLENII,6058,slp.us,1,1,1,5,2.5,4,1.5,NA,0.188478161,NA,41.82566697,NA,NA,NA,NA,FORB,PERENNIAL,FORB
444,PANICUM ACUMINATUM,1593,cedarsav.us,1,3,3,4,4,1,1,17.50836364,0.238666667,NA,21.67056595,NA,NA,NA,NA,GRASS,PERENNIAL,GRASS
446,PANICUM VIRGATUM,1686,cedartrait.us,1,1,1,4,4,3,3,13.38217228,0.926,7.8,29.26984617,0.075,0.32898758,120.510799,0.39,GRASS,PERENNIAL,GRASS
447,PAPPOPHORUM CAESPITOSUM,4600,naposta.ar,1,5,5,10,10,5,5,20.7,0.42,NA,10.705,NA,NA,NA,NA,GRASS,PERENNIAL,GRASS
448,PAPPOSTIPA SPECIOSA,6141,spvdrt.ar,1,3,1.5,4,1.333333333,1,-0.166666667,NA,0.6096,NA,4.202740187,0.254,NA,NA,NA,GRASS,PERENNIAL,GRASS
449,PARTHENIUM INTEGRIFOLIUM,5647,sand.us,1,4,4,5,5,1,1,15.3,0.7746,NA,10.84,1.8,NA,NA,NA,FORB,PERENNIAL,FORB
450,PASCOPYRUM SMITHII,4459,matador.ca,1,11,3.666666667,16,5.333333333,5,1.666666667,16.774,0.525,11.28,12.75359048,1.703333,0.206075395,21.32212,0.175766667,GRAMINOID,PERENNIAL,GRASS
451,PASCOPYRUM SMITHII,3773,kinsella.ca,1,105,21,105,21,0,0,16.774,0.525,11.28,12.75359048,1.703333,0.206075395,21.32212,0.175766667,GRAMINOID,PERENNIAL,GRASS
452,PASPALUM DILATATUM,1981,chilcasdrt.ar,1,63.5,15.875,62.5,15.625,-1,-0.25,17.4533552,0.4722,8.133333333,16.30478,0.1524,0.102,18.37,0.62,GRASS,PERENNIAL,GRASS
453,PASPALUM VAGINATUM,1987,chilcasdrt.ar,1,0.25,0.25,0.25,0.25,0,0,3.6045301,0.03048,15.6,10.41,0.1524,NA,NA,NA,GRASS,PERENNIAL,GRASS
454,PELARGONIUM RODNEYANUM,3430,jilpanger.au,1,1,0.5,1,1,0,0.5,NA,0.4,NA,16.370301,NA,NA,NA,NA,FORB,PERENNIAL,FORB
455,PERSICARIA VIVIPARA,5303,passogavia.it,1,2.1,1.05,0.1,0.1,-2,-0.95,21.5,0.283,NA,22,NA,NA,NA,NA,FORB,PERENNIAL,FORB
456,PHALARIS ARUNDINACEA,6195,teshio.jp,1,50,25,25,12.5,-25,-12.5,27.64461715,1.564054762,NA,21.45431499,0.3556,0.181670595,159.3597052,0.252341667,GRASS,PERENNIAL,GRASS
457,PHEBALIUM SQUAMULOSUM,2893,falls.au,1,4,1.333333333,1,1,-3,-0.333333333,17.6,1.375,NA,4.958314675,NA,NA,NA,NA,SHRUB,PERENNIAL,WOODY
458,PHLEUM PRATENSE,660,bayrdrt.de,1,5,5,23,7.666666667,18,2.666666667,18.59699785,0.844195238,9.9,23.72403526,0.254,0.155576899,393.5587203,0.133333333,GRASS,PERENNIAL,GRASS
459,PHLOX HOODII,4978,oreaa.us,1,7,3.5,6.5,1.625,-0.5,-1.875,23.27,0.02825,NA,13.95070877,0.54,0.180454545,107.0545926,0.2647,FORB,PERENNIAL,FORB
460,PHRAGMITES AUSTRALIS,6197,teshio.jp,1,130,65,75,37.5,-55,-27.5,25.29984195,2.600709333,13.1,13.81737428,0.508,0.126872908,322.7959115,0.18602,GRASS,PERENNIAL,GRASS
461,PHYTEUMA HEMISPHAERICUM,5311,passogavia.it,1,12,2.4,11.5,2.3,-0.5,-0.1,27,0.1,NA,19.5,NA,NA,NA,NA,FORB,PERENNIAL,FORB
462,PICEA ABIES,3988,kranz.de,1,300,50,300,50,0,0,13.01773524,NA,8.231665,5.074959129,0.7112,0.289806897,16.43077549,0.727774529,TREE,PERENNIAL,WOODY
463,PICRIS HIERACIOIDES,503,baddrt.de,1,630,63,240,48,-390,-15,24.11,0.157,12.13,18.58,1.23,0.0725,193.765,0.45557832,FORB,PERENNIAL,FORB
464,PICRIS HIERACIOIDES,3296,jenadrt.de,1,9,4.5,6.5,2.166666667,-2.5,-2.333333333,24.11,0.157,12.13,18.58,1.23,0.0725,193.765,0.45557832,FORB,PERENNIAL,FORB
465,PILOSELLA PILOSELLOIDES,666,bayrdrt.de,1,3,1.5,50.1,25.05,47.1,23.55,NA,0.455,NA,27.17333333,NA,0.187679414,13.38170314,NA,FORB,PERENNIAL,FORB
466,PIMELEA ALPINA,2895,falls.au,1,5.5,1.833333333,3.5,1.166666667,-2,-0.666666667,NA,0.3,NA,10.434151,NA,NA,NA,NA,SHRUB,PERENNIAL,WOODY
467,PIMELEA HUMILIS,3433,jilpanger.au,1,5,5,0.5,0.5,-4.5,-4.5,NA,0.5,NA,22.44,NA,NA,NA,NA,SHRUB,PERENNIAL,WOODY
468,PIMPINELLA SAXIFRAGA,249,allmendo.ch,1,7,2.333333333,6.5,2.166666667,-0.5,-0.166666667,21.22166667,0.445,3.322678571,21.46439541,2.42685,0.315348446,149.6596103,0.228622222,FORB,PERENNIAL,FORB
469,PIMPINELLA SAXIFRAGA,104,allmendb.ch,1,7.5,2.5,7.25,2.416666667,-0.25,-0.083333333,21.22166667,0.445,3.322678571,21.46439541,2.42685,0.315348446,149.6596103,0.228622222,FORB,PERENNIAL,FORB
470,PIMPINELLA SAXIFRAGA,5373,pineta.es,1,3.5,1.75,1.5,0.5,-2,-1.25,21.22166667,0.445,3.322678571,21.46439541,2.42685,0.315348446,149.6596103,0.228622222,FORB,PERENNIAL,FORB
471,PINUS PALUSTRIS,5648,sand.us,1,5,1.666666667,11,3.666666667,6,2,10.6,NA,8.497036038,4.492397729,1.016,NA,13.76,0.71,TREE,PERENNIAL,WOODY
472,PLANTAGO EURYPHYLLA,2897,falls.au,1,2,1,1,1,-1,0,45.18531954,0.03,NA,15.9845175,NA,NA,NA,NA,FORB,PERENNIAL,FORB
473,PLANTAGO LANCEOLATA,108,allmendb.ch,1,0.25,0.25,2,1,1.75,0.75,25.695,0.320146825,23.59846931,23.55,0.57,0.138912722,225.0999155,0.228368317,FORB,PERENNIAL,FORB
474,PLANTAGO LANCEOLATA,5582,rhijn.nl,1,35,5.833333333,12,4,-23,-1.833333333,25.695,0.320146825,23.59846931,23.55,0.57,0.138912722,225.0999155,0.228368317,FORB,PERENNIAL,FORB
475,PLANTAGO LANCEOLATA,507,baddrt.de,1,0.05,0.05,0.3,0.3,0.25,0.25,25.695,0.320146825,23.59846931,23.55,0.57,0.138912722,225.0999155,0.228368317,FORB,PERENNIAL,FORB
476,PLANTAGO LANCEOLATA,5790,scruzh.us,1,23.9314175,11.96570875,22.2222222,22.2222222,-1.7091953,10.25651345,25.695,0.320146825,23.59846931,23.55,0.57,0.138912722,225.0999155,0.228368317,FORB,PERENNIAL,FORB
477,PLANTAGO LANCEOLATA,253,allmendo.ch,1,1.5,0.75,0.75,0.75,-0.75,0,25.695,0.320146825,23.59846931,23.55,0.57,0.138912722,225.0999155,0.228368317,FORB,PERENNIAL,FORB
484,POA ALPINA,5315,passogavia.it,1,10,2,15.8,3.16,5.8,1.16,13,0.298831111,16.9,21.51150438,0.254,NA,292.2,0.26,GRASS,PERENNIAL,GRASS
485,POA ANGUSTIFOLIA,2655,elvadrt.ee,1,3,1,3,1.5,0,0.5,12.95,0.48,5.764,20.11666667,NA,0.316453559,NA,0.113446154,GRASS,PERENNIAL,GRASS
486,POA COMPRESSA,2763,esw.ca,1,11,5.5,6,3,-5,-2.5,13.678,0.2491,8.04,20.91883636,0.254,NA,54.78896667,0.53,GRASS,PERENNIAL,GRASS
487,POA HIEMATA,2899,falls.au,1,275,45.83333333,125,41.66666667,-150,-4.166666667,13.7803809,0.6,NA,3.35531,NA,NA,NA,NA,GRASS,PERENNIAL,GRASS
488,POA LANIGERA,4385,marcdrt.ar,1,20,10,11,2.75,-9,-7.25,NA,NA,NA,24,NA,NA,NA,NA,GRASS,PERENNIAL,GRASS
489,POA LIGULARIS,1851,chacra.ar,1,5,5,1,1,-4,-4,22.4,1.2,10.4,6.944926731,0.7,NA,NA,NA,GRASS,PERENNIAL,GRASS
490,POA PRATENSIS,3691,kernnu.ca,1,10,10,5,5,-5,-5,14.974,0.291,9.46,24.13531364,0.254,0.107208566,49.82696,0.196318683,GRASS,PERENNIAL,GRASS
491,POA PRATENSIS,1698,cedartrait.us,1,33,4.125,13,2.6,-20,-1.525,14.974,0.291,9.46,24.13531364,0.254,0.107208566,49.82696,0.196318683,GRASS,PERENNIAL,GRASS
492,POA PRATENSIS,675,bayrdrt.de,1,25,8.333333333,33,6.6,8,-1.733333333,14.974,0.291,9.46,24.13531364,0.254,0.107208566,49.82696,0.196318683,GRASS,PERENNIAL,GRASS
493,POA PRATENSIS,1600,cedarsav.us,1,54,5.4,28,5.6,-26,0.2,14.974,0.291,9.46,24.13531364,0.254,0.107208566,49.82696,0.196318683,GRASS,PERENNIAL,GRASS
494,POA PRATENSIS,3302,jenadrt.de,1,45,15,27,9,-18,-6,14.974,0.291,9.46,24.13531364,0.254,0.107208566,49.82696,0.196318683,GRASS,PERENNIAL,GRASS
495,POA PRATENSIS,1347,brookdale.ca,1,32.75,6.55,31.25,6.25,-1.5,-0.3,14.974,0.291,9.46,24.13531364,0.254,0.107208566,49.82696,0.196318683,GRASS,PERENNIAL,GRASS
496,POA PRATENSIS,2201,cowidrt.ca,1,19,3.8,14,2.8,-5,-1,14.974,0.291,9.46,24.13531364,0.254,0.107208566,49.82696,0.196318683,GRASS,PERENNIAL,GRASS
497,POA PRATENSIS,3576,kernb.ca,1,68,22.66666667,55,18.33333333,-13,-4.333333333,14.974,0.291,9.46,24.13531364,0.254,0.107208566,49.82696,0.196318683,GRASS,PERENNIAL,GRASS
498,POA PRATENSIS,6323,validate.fr,1,109,21.8,69,13.8,-40,-8,14.974,0.291,9.46,24.13531364,0.254,0.107208566,49.82696,0.196318683,GRASS,PERENNIAL,GRASS
499,POA PRATENSIS,3778,kinsella.ca,1,315,63,260,52,-55,-11,14.974,0.291,9.46,24.13531364,0.254,0.107208566,49.82696,0.196318683,GRASS,PERENNIAL,GRASS
500,POA SECUNDA,4693,nplatte.us,1,2,2,2,2,0,0,16.12,0.42672,14.54,11.51,0.254,NA,197.6,NA,GRASS,PERENNIAL,GRASS
501,POA SECUNDA,4713,octc.us,1,165.0442414,16.50442414,148.2465954,14.82465954,-16.797646,-1.6797646,16.12,0.42672,14.54,11.51,0.254,NA,197.6,NA,GRASS,PERENNIAL,GRASS
502,POA SECUNDA,5073,oreac.us,1,3.5,3.5,3.5,3.5,0,0,16.12,0.42672,14.54,11.51,0.254,NA,197.6,NA,GRASS,PERENNIAL,GRASS
503,POA TRIVIALIS,513,baddrt.de,1,4.21,1.403333333,0.01,0.01,-4.2,-1.393333333,34.02187304,0.640983219,31.34075583,38.18960088,0.3048,0.080269491,NA,0.173758288,GRASS,PERENNIAL,GRASS
504,POA TRIVIALIS,3308,jenadrt.de,1,2.5,1.25,2,2,-0.5,0.75,34.02187304,0.640983219,31.34075583,38.18960088,0.3048,0.080269491,NA,0.173758288,GRASS,PERENNIAL,GRASS
505,POLYGALA RUPESTRIS,2457,ebro.es,1,0.383100667,0.191550334,1.483533334,0.494511111,1.100432667,0.302960778,NA,10.58,NA,25.97,0.37,NA,NA,NA,SUBSHRUB,PERENNIAL,WOODY
506,POLYGALA RUPESTRIS,402,ayora.es,1,2,1,1,1,-1,0,NA,10.58,NA,25.97,0.37,NA,NA,NA,SUBSHRUB,PERENNIAL,WOODY
507,POLYGALA VULGARIS,257,allmendo.ch,1,0.75,0.375,0.5,0.5,-0.25,0.125,NA,0.172916667,NA,19.02952398,0.5,0.2661556,396.667,0.7826128,FORB,PERENNIAL,FORB
508,POLYGALA VULGARIS,112,allmendb.ch,1,6,2,4.25,1.416666667,-1.75,-0.583333333,NA,0.172916667,NA,19.02952398,0.5,0.2661556,396.667,0.7826128,FORB,PERENNIAL,FORB
510,POTENTILLA ANSERINA,2661,elvadrt.ee,1,2,1,3,1,1,0,26.20897891,0.277222222,NA,17.47534074,0.43,0.63425,148.75,0.6572,FORB,PERENNIAL,FORB
511,POTENTILLA ERECTA,4165,lygraint.no,1,8,2.666666667,7,2.333333333,-1,-0.333333333,25.74581524,0.203633333,9.89,22.4188617,0.55,0.3627833,230,0.88602,FORB,PERENNIAL,FORB
512,POTENTILLA ERECTA,5376,pineta.es,1,3,3,3,3,0,0,25.74581524,0.203633333,9.89,22.4188617,0.55,0.3627833,230,0.88602,FORB,PERENNIAL,FORB
513,POTENTILLA ERECTA,4261,lygraold.no,1,3,3,3,3,0,0,25.74581524,0.203633333,9.89,22.4188617,0.55,0.3627833,230,0.88602,FORB,PERENNIAL,FORB
514,POTENTILLA GRANDIFLORA,116,allmendb.ch,1,2.75,0.916666667,2,0.666666667,-0.75,-0.25,NA,NA,NA,39.1,NA,NA,NA,NA,FORB,PERENNIAL,FORB
515,POTENTILLA GRANDIFLORA,259,allmendo.ch,1,15.75,5.25,9.75,3.25,-6,-2,NA,NA,NA,39.1,NA,NA,NA,NA,FORB,PERENNIAL,FORB
516,POTENTILLA REPTANS,5591,rhijn.nl,1,32,8,45,22.5,13,14.5,24.6133503,0.274083333,NA,23.567332,NA,NA,NA,NA,FORB,PERENNIAL,FORB
517,PRIMULA GLUTINOSA,5323,passogavia.it,1,4.9,0.98,1.5,0.75,-3.4,-0.23,27,NA,NA,13.58757528,0.2515,NA,NA,NA,FORB,PERENNIAL,FORB
518,PRUNELLA VULGARIS,5596,rhijn.nl,1,3,1.5,4,2,1,0.5,16.811555,0.250255556,5.87871,22.91466839,0.254,0.105496279,223.0600732,0.294300536,FORB,PERENNIAL,FORB
519,PRUNELLA VULGARIS,263,allmendo.ch,1,23.75,7.916666667,12.5,4.166666667,-11.25,-3.75,16.811555,0.250255556,5.87871,22.91466839,0.254,0.105496279,223.0600732,0.294300536,FORB,PERENNIAL,FORB
520,PRUNELLA VULGARIS,120,allmendb.ch,1,53.5,17.83333333,42.25,14.08333333,-11.25,-3.75,16.811555,0.250255556,5.87871,22.91466839,0.254,0.105496279,223.0600732,0.294300536,FORB,PERENNIAL,FORB
521,PSEUDOROEGNERIA SPICATA,3095,hard.us,1,18,9,1,1,-17,-8,NA,0.267,NA,23.893,NA,0.153771092,103.8213416,0.237714286,GRASS,PERENNIAL,GRASS
522,PSORALIDIUM TENUIFLORUM,1531,cdpt_drt.us,1,5,1.666666667,19.1,6.366666667,14.1,4.7,24.275,0.056,NA,16.82,2.7686,0.43,NA,0.67,FORB,PERENNIAL,LEGUME
523,PSORALIDIUM TENUIFLORUM,3945,konzadrt.us,1,50.1,10.02,74,14.8,23.9,4.78,24.275,0.056,NA,16.82,2.7686,0.43,NA,0.67,FORB,PERENNIAL,LEGUME
524,PTERIDIUM AQUILINUM,5652,sand.us,1,64,21.33333333,9,4.5,-55,-16.83333333,21.68333333,1.99667,9.852689835,16.98656271,0.254,0.184848485,53.87484386,0.2511,FERN,PERENNIAL,FORB
525,PTILOTUS OBOVATUS,2374,credom.au,1,0.5,0.5,2.5,1.25,2,0.75,26.894035,0.566666667,NA,7.440821539,NA,NA,NA,NA,SHRUB,PERENNIAL,WOODY
526,PTILOTUS OBOVATUS,2288,credoj.au,1,9,2.25,3,0.75,-6,-1.5,26.894035,0.566666667,NA,7.440821539,NA,NA,NA,NA,SHRUB,PERENNIAL,WOODY
527,QUERCUS MACROCARPA,1608,cedarsav.us,1,6,6,15,15,9,9,22.33361905,NA,10.65875833,17.62680085,0.7112,NA,63.21181567,0.28756,TREE,PERENNIAL,WOODY
528,QUERCUS RUBRA,3157,indiana.us,1,42,42,53,53,11,11,21.26275285,NA,12.0879263,17.85543564,0.9144,0.482531601,53.57695052,0.44878502,TREE,PERENNIAL,WOODY
530,RANUNCULUS ACRIS,2667,elvadrt.ee,1,6,2,6,2,0,0,24.40250649,0.455420833,11.25,22.35741937,0.44,0.121892828,139.8527763,0.35099,FORB,PERENNIAL,FORB
531,RANUNCULUS ACRIS,5599,rhijn.nl,1,15,3,6,3,-9,0,24.40250649,0.455420833,11.25,22.35741937,0.44,0.121892828,139.8527763,0.35099,FORB,PERENNIAL,FORB
532,RANUNCULUS ACRIS,687,bayrdrt.de,1,15.2,3.8,9,3,-6.2,-0.8,24.40250649,0.455420833,11.25,22.35741937,0.44,0.121892828,139.8527763,0.35099,FORB,PERENNIAL,FORB
533,RANUNCULUS REPENS,6203,teshio.jp,1,7,7,5,5,-2,-2,23.05293867,0.369253333,9.982096286,29.1838443,0.1524,0.133080484,217.6519817,0.412452083,FORB,PERENNIAL,FORB
536,RATIBIDA COLUMNIFERA,4828,oklah.us,1,3.5,1.75,0.5,0.5,-3,-1.25,NA,0.94488,NA,22.85,0.3556,NA,56,0.66,FORB,PERENNIAL,FORB
540,RHUS COPALLINUM,4833,oklah.us,1,15,15,0.5,0.5,-14.5,-14.5,NA,1.523547826,NA,15.20265619,0.3556,NA,NA,NA,TREE,PERENNIAL,WOODY
541,ROMULEA ROSEA,3438,jilpanger.au,1,0.5,0.5,1,0.5,0.5,0,NA,0.4,NA,10.313611,NA,NA,NA,NA,GRASS,PERENNIAL,FORB
542,ROSA ACICULARIS,1352,brookdale.ca,1,7.583333333,1.516666667,7.833333333,1.566666667,0.25,0.05,10.65,0.762,19.83128735,18.42,0.1524,0.27,55.8341358,0.2912,SHRUB,PERENNIAL,WOODY
543,ROSA ARKANSANA,3581,kernb.ca,1,1,1,17,5.666666667,16,4.666666667,17.3145,0.292,NA,17.98307476,NA,0.421153994,41.52607134,0.30555,SHRUB,PERENNIAL,WOODY
544,ROSA ARKANSANA,1702,cedartrait.us,1,12,12,15,15,3,3,17.3145,0.292,NA,17.98307476,NA,0.421153994,41.52607134,0.30555,SHRUB,PERENNIAL,WOODY
545,ROSA ARKANSANA,902,biddulph.ca,1,8,8,1,1,-7,-7,17.3145,0.292,NA,17.98307476,NA,0.421153994,41.52607134,0.30555,SHRUB,PERENNIAL,WOODY
546,ROSA ARKANSANA,3696,kernnu.ca,1,1,1,18.5,9.25,17.5,8.25,17.3145,0.292,NA,17.98307476,NA,0.421153994,41.52607134,0.30555,SHRUB,PERENNIAL,WOODY
547,ROSMARINUS OFFICINALIS,2461,ebro.es,1,73.49413554,24.49804518,59.27239267,19.75746422,-14.22174287,-4.740580955,9.43,1,NA,3.117747146,0.364,0.534580651,11.79132349,0.424333333,SHRUB,PERENNIAL,WOODY
548,ROSMARINUS OFFICINALIS,406,ayora.es,1,411,68.5,241,80.33333333,-170,11.83333333,9.43,1,NA,3.117747146,0.364,0.534580651,11.79132349,0.424333333,SHRUB,PERENNIAL,WOODY
551,RUELLIA HUMILIS,3950,konzadrt.us,1,1,1,4,2,3,1,17,0.502906667,NA,12.07550636,0.1016,0.40803047,18.40109592,0.42,FORB,PERENNIAL,FORB
552,RYTIDOSPERMA CAESPITOSUM,2292,credoj.au,1,4.5,1.125,7,2.333333333,2.5,1.208333333,NA,0.55,NA,9.440331,0.66,NA,168.7,0.271,GRASS,PERENNIAL,GRASS
553,RYTIDOSPERMA CAESPITOSUM,2379,credom.au,1,2.5,0.625,1,0.5,-1.5,-0.125,NA,0.55,NA,9.440331,0.66,NA,168.7,0.271,GRASS,PERENNIAL,GRASS
554,SALIX HERBACEA,5327,passogavia.it,1,2.11,0.703333333,1.1,0.55,-1.01,-0.153333333,23.22611667,0.034166667,10.25,16.45337359,NA,0.152,NA,0.92,SHRUB,PERENNIAL,WOODY
555,SALIX REPENS,3141,hoide.de,1,1,1,15,15,14,14,17.00382579,0.812,5.44,12.90991206,0.2303,0.152,NA,NA,SHRUB,PERENNIAL,WOODY
558,SALVIA PRATENSIS,130,allmendb.ch,1,2.25,1.125,6.5,3.25,4.25,2.125,19.3,0.520833333,NA,24.4875,2.1,0.2015038,272.308,2.015308,FORB,PERENNIAL,FORB
559,SALVIA PRATENSIS,271,allmendo.ch,1,0.5,0.5,7.75,3.875,7.25,3.375,19.3,0.520833333,NA,24.4875,2.1,0.2015038,272.308,2.015308,FORB,PERENNIAL,FORB
562,SANGUISORBA MINOR,134,allmendb.ch,1,8,2.666666667,7.5,2.5,-0.5,-0.166666667,19.82857143,0.340136667,13.0925861,17.81475981,0.3048,0.290931094,118.7237432,0.4611271,FORB,PERENNIAL,FORB
563,SCABIOSA COLUMBARIA,279,allmendo.ch,1,0.5,0.25,3.25,1.625,2.75,1.375,21.2,0.594444444,NA,19.16302632,0.9,0.347953216,120.2294669,0.181166667,FORB,PERENNIAL,FORB
564,SCABIOSA COLUMBARIA,138,allmendb.ch,1,7.75,2.583333333,3,1,-4.75,-1.583333333,21.2,0.594444444,NA,19.16302632,0.9,0.347953216,120.2294669,0.181166667,FORB,PERENNIAL,FORB
567,SCHIZACHYRIUM SCOPARIUM,834,bfl.us,1,18,9,6,6,-12,-3,9.196,0.5145,8.51,16.698695,0.3048,0.403212551,75.67983333,0.2,GRASS,PERENNIAL,GRASS
568,SCHIZACHYRIUM SCOPARIUM,5661,sand.us,1,28,14,27,9,-1,-5,9.196,0.5145,8.51,16.698695,0.3048,0.403212551,75.67983333,0.2,GRASS,PERENNIAL,GRASS
569,SCHIZACHYRIUM SCOPARIUM,4842,oklah.us,1,207.5,69.16666667,162.5,54.16666667,-45,-15,9.196,0.5145,8.51,16.698695,0.3048,0.403212551,75.67983333,0.2,GRASS,PERENNIAL,GRASS
570,SCHIZACHYRIUM SCOPARIUM,1706,cedartrait.us,1,91,10.11111111,18,6,-73,-4.111111111,9.196,0.5145,8.51,16.698695,0.3048,0.403212551,75.67983333,0.2,GRASS,PERENNIAL,GRASS
571,SCHIZACHYRIUM SCOPARIUM,1613,cedarsav.us,1,165,20.625,85,17,-80,-3.625,9.196,0.5145,8.51,16.698695,0.3048,0.403212551,75.67983333,0.2,GRASS,PERENNIAL,GRASS
572,SCHOENUS APOGON,3440,jilpanger.au,1,2.5,0.625,1,0.5,-1.5,-0.125,NA,0.25,NA,10.042795,NA,NA,NA,NA,GRAMINOID,PERENNIAL,GRAMINOID
573,SCLEROLAENA DIACANTHA,5500,quilpie.au,1,6,3,3,3,-3,0,17.13159156,0.354166667,NA,4.445479003,NA,NA,NA,NA,FORB,PERENNIAL,FORB
574,SCLEROLAENA DIACANTHA,2088,cobar.au,1,3,1,2,1,-1,0,17.13159156,0.354166667,NA,4.445479003,NA,NA,NA,NA,FORB,PERENNIAL,FORB
575,SCLEROLAENA DIACANTHA,4545,milparinka.au,1,6,3,4,2,-2,-1,17.13159156,0.354166667,NA,4.445479003,NA,NA,NA,NA,FORB,PERENNIAL,FORB
576,SCLEROLAENA DIACANTHA,1265,brokenh.au,1,3,1,2,1,-1,0,17.13159156,0.354166667,NA,4.445479003,NA,NA,NA,NA,FORB,PERENNIAL,FORB
577,SCLEROLAENA ERIACANTHA,5503,quilpie.au,1,12,4,10,3.333333333,-2,-0.666666667,NA,0.2,NA,7.535749722,NA,NA,NA,NA,FORB,PERENNIAL,FORB
578,SCORZONEROIDES AUTUMNALIS,700,bayrdrt.de,1,1,1,0.1,0.1,-0.9,-0.9,19.34660756,0.310966667,NA,21.52466367,0.199327,0.3144167,268.333,1.400488,FORB,PERENNIAL,FORB
580,SEDUM STENOPETALUM,4984,oreaa.us,1,10.5,3.5,11.5,2.875,1,-0.625,NA,0.1118,NA,9.29,0.1,NA,NA,0.58,FORB,PERENNIAL,FORB
582,SENNA BAUHINIOIDES,3473,jorndrt.us,1,0.2,0.2,2.5,1.25,2.3,1.05,NA,NA,NA,14.29802652,1.7,NA,7.894687,0.376666667,FORB,PERENNIAL,LEGUME
583,SETARIA PAMPEANA,1807,cerrillos.ar,1,60.01,20.00333333,7.5,3.75,-52.51,-16.25333333,24.7,0.38,NA,19.52,NA,NA,NA,NA,GRASS,PERENNIAL,GRASS
584,SETARIA PARVIFLORA,6377,yarradrt.au,1,85,21.25,10,3.333333333,-75,-17.91666667,17.972,0.316785714,NA,26.31,NA,0.14029,NA,0.045,NULL,PERENNIAL,GRASS
585,SIDA PETROPHILA,1267,brokenh.au,1,5,1.25,3,1,-2,-0.25,NA,2,NA,6.55728,NA,NA,NA,NA,FORB,PERENNIAL,FORB
586,SISYRINCHIUM BELLUM,5806,scruzh.us,1,1.2195122,1.2195122,3.6680092,1.8340046,2.448497,0.6144924,22.35,0.2558,NA,23.93793933,NA,0.101107003,118.754489,0.32952,FORB,PERENNIAL,FORB
588,SOLANUM ELLIPTICUM,1268,brokenh.au,1,2,1,1,1,-1,0,37.0175882,0.333333333,NA,5.402244049,NA,NA,NA,NA,FORB,PERENNIAL,FORB
589,SOLDANELLA PUSILLA,5335,passogavia.it,1,50.4,10.08,68,13.6,17.6,3.52,NA,0.02,NA,16.8,0.11,NA,NA,NA,FORB,PERENNIAL,FORB
590,SOLIDAGO CANADENSIS,2768,esw.ca,1,150,50,81,27,-69,-23,15.13338959,1.30146,NA,17.75668436,0.3048,NA,77.59504262,0.486273328,FORB,PERENNIAL,FORB
591,SOLIDAGO CANADENSIS,1356,brookdale.ca,1,12,2.4,14.5,2.9,2.5,0.5,15.13338959,1.30146,NA,17.75668436,0.3048,NA,77.59504262,0.486273328,FORB,PERENNIAL,FORB
592,SOLIDAGO CANADENSIS,525,baddrt.de,1,0.2,0.2,0.3,0.15,0.1,-0.05,15.13338959,1.30146,NA,17.75668436,0.3048,NA,77.59504262,0.486273328,FORB,PERENNIAL,FORB
593,SOLIDAGO CANADENSIS,5404,purdue.us,1,630,78.75,290,72.5,-340,-6.25,15.13338959,1.30146,NA,17.75668436,0.3048,NA,77.59504262,0.486273328,FORB,PERENNIAL,FORB
594,SOLIDAGO MISSOURIENSIS,3784,kinsella.ca,1,10,10,10,5,0,-5,13.3335,0.576,10.93,10.60804205,0.2032,0.208174196,100.2127031,0.323716667,FORB,PERENNIAL,FORB
595,SOLIDAGO MISSOURIENSIS,3591,kernb.ca,1,1.5,0.75,1,1,-0.5,0.25,13.3335,0.576,10.93,10.60804205,0.2032,0.208174196,100.2127031,0.323716667,FORB,PERENNIAL,FORB
596,SOLIDAGO NEMORALIS,1710,cedartrait.us,1,60,10,21,7,-39,-3,15.47778333,0.57,23.31317375,13.95394921,0.3048,0.129791058,208.2087011,0.369872222,FORB,PERENNIAL,FORB
597,SOLIDAGO RIGIDA,1360,brookdale.ca,1,5,2.5,1.5,1.5,-3.5,-1,11.83477126,0.598,8.386758333,10.23214847,0.3048,0.212780118,35.33592984,0.482373411,FORB,PERENNIAL,FORB
598,SOLIDAGO RIGIDA,1714,cedartrait.us,1,40,20,18,9,-22,-11,11.83477126,0.598,8.386758333,10.23214847,0.3048,0.212780118,35.33592984,0.482373411,FORB,PERENNIAL,FORB
599,SONCHUS ARVENSIS,1363,brookdale.ca,1,7.75,1.55,9.75,1.95,2,0.4,26.4,1.1875,NA,21,0.56,0.219369,40.215,NA,FORB,PERENNIAL,FORB
600,SONCHUS ARVENSIS,3596,kernb.ca,1,3,1,2.5,1.25,-0.5,0.25,26.4,1.1875,NA,21,0.56,0.219369,40.215,NA,FORB,PERENNIAL,FORB
601,SONCHUS ARVENSIS,3702,kernnu.ca,1,28,14,21.5,7.166666667,-6.5,-6.833333333,26.4,1.1875,NA,21,0.56,0.219369,40.215,NA,FORB,PERENNIAL,FORB
602,SONCHUS ARVENSIS,2773,esw.ca,1,6,3,2,2,-4,-1,26.4,1.1875,NA,21,0.56,0.219369,40.215,NA,FORB,PERENNIAL,FORB
606,SORGHUM HALEPENSE,5690,sclaudio.ar,1,40,10,61,15.25,21,5.25,22.2,1.3834,NA,17.98889051,0.254,NA,NA,NA,GRAMINOID,PERENNIAL,GRASS
607,SPHAERALCEA COCCINEA,1532,cdpt_drt.us,1,2,1,7.6,1.9,5.6,0.9,28.09,0.4572,NA,12.61454363,0.1524,0.312666667,65.5839699,0.3163,FORB,PERENNIAL,FORB
608,SPHAERALCEA HASTULATA,329,antelope.us,1,0.05,0.05,2,2,1.95,1.95,NA,NA,NA,14.04606421,2.5,NA,10.52042,0.492,FORB,PERENNIAL,FORB
609,SPOROBOLUS COMPOSITUS,4866,oklah.us,1,18.5,6.166666667,30.5,10.16666667,12,4,8.2,0.213,NA,28.13,NA,NA,NA,0.49,GRASS,PERENNIAL,GRASS
610,SPOROBOLUS CRYPTANDRUS,1533,cdpt_drt.us,1,6,3,4.5,1.125,-1.5,-1.875,12.97358435,0.352,27.8335825,23.90754717,0.4572,0.476,22.63833333,NA,GRASS,PERENNIAL,GRASS
611,SPOROBOLUS FLEXUOSUS,3476,jorndrt.us,1,3.3,1.65,12,12,8.7,10.35,NA,0.9144,NA,15.81345753,0.254,NA,NA,0.04,GRASS,PERENNIAL,GRASS
612,STEINCHISMA HIANS,1997,chilcasdrt.ar,1,10,5,6,3,-4,-2,NA,NA,NA,25,NA,NA,NA,NA,GRASS,PERENNIAL,GRASS
613,STEINCHISMA HIANS,6078,slp.us,1,1,1,44,44,43,43,NA,NA,NA,25,NA,NA,NA,NA,GRASS,PERENNIAL,GRASS
614,STELLARIA GRAMINEA,6205,teshio.jp,1,11,3.666666667,19,4.75,8,1.083333333,29.426,0.460386667,NA,29.05086069,0.34,0.337078652,251.0337458,0.135266667,FORB,PERENNIAL,FORB
615,STELLARIA GRAMINEA,2687,elvadrt.ee,1,2,1,3,1,1,0,29.426,0.460386667,NA,29.05086069,0.34,0.337078652,251.0337458,0.135266667,FORB,PERENNIAL,FORB
616,STENARIA NIGRICANS,836,bfl.us,1,4,4,2,1,-2,-3,NA,0.2,NA,15.01261282,NA,NA,NA,NA,FORB,PERENNIAL,FORB
617,STENOTAPHRUM SECUNDATUM,4399,marcdrt.ar,1,6,1.5,4,2,-2,0.5,NA,0.27432,NA,23,0.3048,NA,NA,0.1855714,GRASS,PERENNIAL,GRASS
618,STENOTAPHRUM SECUNDATUM,2000,chilcasdrt.ar,1,10.25,5.125,5,5,-5.25,-0.125,NA,0.27432,NA,23,0.3048,NA,NA,0.1855714,GRASS,PERENNIAL,GRASS
619,STIPA COMATA,3789,kinsella.ca,1,30,15,23,5.75,-7,-9.25,20.1,0.9144,15.9,16.95,0.4064,0.49068467,79.18825345,0.2,GRAMINOID,PERENNIAL,GRASS
620,STIPA COMATA,917,biddulph.ca,1,25,12.5,29,14.5,4,2,20.1,0.9144,15.9,16.95,0.4064,0.49068467,79.18825345,0.2,GRAMINOID,PERENNIAL,GRASS
621,STIPA PENNATA,3850,kiskun.hu,1,42,8.4,31,6.2,-11,-2.2,13.2,NA,10.1,16.05136437,0.753,0.238540863,45.88074833,0.4617094,GRASS,PERENNIAL,GRASS
622,STIPA PULCHRA,5814,scruzh.us,1,55.3826745,27.69133725,24.8890956,8.2963652,-30.4935789,-19.39497205,NA,NA,NA,21.2309966,NA,0.01859375,132.7,0.356625,FORB,PERENNIAL,GRASS
623,STIPA SPECIOSA,5247,paike.ar,1,65,21.66666667,81,27,16,5.333333333,12.13,0.169,7.94,15.44,0.352,NA,22.41,0.352,GRASS,PERENNIAL,GRASS
624,SYMPHORICARPOS ALBUS,1371,brookdale.ca,1,12.75,2.55,9.25,1.85,-3.5,-0.7,14.05,1.538133333,NA,19.90333333,0.4572,NA,39.363636,NA,SHRUB,PERENNIAL,WOODY
625,SYMPHORICARPOS ALBUS,2218,cowidrt.ca,1,42,10.5,39,7.8,-3,-2.7,14.05,1.538133333,NA,19.90333333,0.4572,NA,39.363636,NA,SHRUB,PERENNIAL,WOODY
626,SYMPHYOTRICHUM ERICOIDES,3969,konzadrt.us,1,183,36.6,175,35,-8,-1.6,12.6,0.7802222,11.01821,20.14194711,0.76,0.151923077,73.83666667,0.3263,FORB,PERENNIAL,FORB
627,SYMPHYOTRICHUM ERICOIDES,4873,oklah.us,1,30.5,10.16666667,33,11,2.5,0.833333333,12.6,0.7802222,11.01821,20.14194711,0.76,0.151923077,73.83666667,0.3263,FORB,PERENNIAL,FORB
628,SYMPHYOTRICHUM ERICOIDES,3105,hard.us,1,2,2,28,9.333333333,26,7.333333333,12.6,0.7802222,11.01821,20.14194711,0.76,0.151923077,73.83666667,0.3263,FORB,PERENNIAL,FORB
629,SYMPHYOTRICHUM ERICOIDES,3605,kernb.ca,1,5,5,4,2,-1,-3,12.6,0.7802222,11.01821,20.14194711,0.76,0.151923077,73.83666667,0.3263,FORB,PERENNIAL,FORB
630,SYMPHYOTRICHUM ERICOIDES,4469,matador.ca,1,1,1,2,1,1,0,12.6,0.7802222,11.01821,20.14194711,0.76,0.151923077,73.83666667,0.3263,FORB,PERENNIAL,FORB
631,SYMPHYOTRICHUM ERICOIDES,1375,brookdale.ca,1,4,4,5,1.25,1,-2.75,12.6,0.7802222,11.01821,20.14194711,0.76,0.151923077,73.83666667,0.3263,FORB,PERENNIAL,FORB
632,SYMPHYOTRICHUM FALCATUM,3797,kinsella.ca,1,13,4.333333333,40,13.33333333,27,9,22.282,0.4175,8.69,14.18715,NA,0.117472,79.08403333,0.31118,FORB,PERENNIAL,FORB
633,SYMPHYOTRICHUM LANCEOLATUM,2782,esw.ca,1,6,3,1,1,-5,-2,25.1,1.8288,NA,12.754,0.2032,0.15,68,0.36,FORB,PERENNIAL,FORB
634,SYMPHYOTRICHUM NOVAE-ANGLIAE,5408,purdue.us,1,117,16.71428571,50,16.66666667,-67,-0.047619048,12.17017,1.022302632,NA,23.88988777,NA,0.12,52,0.46,FORB,PERENNIAL,FORB
635,SYMPHYOTRICHUM NOVAE-ANGLIAE,2787,esw.ca,1,1,1,1,1,0,0,12.17017,1.022302632,NA,23.88988777,NA,0.12,52,0.46,FORB,PERENNIAL,FORB
636,SYMPHYOTRICHUM PILOSUM,5410,purdue.us,1,36,7.2,15,7.5,-21,0.3,17.8,0.861666667,NA,18.27837298,NA,NA,NA,NA,FORB,PERENNIAL,FORB
637,SYRENIA CANA,3852,kiskun.hu,1,0.2,0.1,0.3,0.15,0.1,0.05,NA,NA,NA,12.73,NA,NA,NA,NA,FORB,PERENNIAL,FORB
638,TARAXACUM CAMPYLODES,3325,jenadrt.de,1,62,20.66666667,34,11.33333333,-28,-9.333333333,28.3472693,0.044,10.73618,30.05916441,0.1524,0.2871857,213.1,0.292,FORB,PERENNIAL,FORB
639,TARAXACUM CAMPYLODES,6329,validate.fr,1,9.8,1.96,3.7,0.925,-6.1,-1.035,28.3472693,0.044,10.73618,30.05916441,0.1524,0.2871857,213.1,0.292,FORB,PERENNIAL,FORB
640,TEUCRIUM CAPITATUM,2468,ebro.es,1,3.412924054,1.137641351,0.457277333,0.152425778,-2.955646721,-0.985215574,20.04659333,0.085,NA,13.33,0.2,NA,NA,NA,SUBSHRUB,PERENNIAL,WOODY
641,TEUCRIUM CHAMAEDRYS,284,allmendo.ch,1,11.5,3.833333333,7.75,2.583333333,-3.75,-1.25,16,0.190683889,19.69,14.12995424,1.62,0.187321285,149.5449877,0.264622222,SHRUB,PERENNIAL,WOODY
642,TEUCRIUM CHAMAEDRYS,147,allmendb.ch,1,1,1,11.5,5.75,10.5,4.75,16,0.190683889,19.69,14.12995424,1.62,0.187321285,149.5449877,0.264622222,SHRUB,PERENNIAL,WOODY
643,THALICTRUM VENULOSUM,1383,brookdale.ca,1,1,1,5.25,1.75,4.25,0.75,NA,0.1059,NA,19.84,NA,NA,NA,NA,FORB,PERENNIAL,FORB
644,THEMEDA TRIANDRA,6285,ukulingadrt.za,1,68,11.33333333,90,15,22,3.666666667,13.22821429,1.5,4.35,9.2635,NA,NA,NA,0.2625,GRASS,PERENNIAL,GRASS
646,THYMELAEA TINCTORIA,2472,ebro.es,1,0.401426667,0.401426667,3.45576,3.45576,3.054333333,3.054333333,NA,0.038,NA,7.45,1.46,NA,NA,NA,SHRUB,PERENNIAL,WOODY
647,THYMUS SERPYLLUM,292,allmendo.ch,1,4.5,1.5,5.5,1.833333333,1,0.333333333,19.815,0.08775,NA,12.59845839,0.250506667,0.7,11.2,NA,FORB,PERENNIAL,WOODY
648,THYMUS SERPYLLUM,151,allmendb.ch,1,6.5,2.166666667,5,1.666666667,-1.5,-0.5,19.815,0.08775,NA,12.59845839,0.250506667,0.7,11.2,NA,FORB,PERENNIAL,WOODY
649,THYMUS VULGARIS,2017,ciempoz.es,1,51.1425,8.52375,47.485,7.914166667,-3.6575,-0.609583333,15.125,0.08,NA,10.34931507,0.3318,NA,NA,NA,SUBSHRUB,PERENNIAL,WOODY
650,THYMUS VULGARIS,2476,ebro.es,1,5.665300747,1.888433582,6.026854166,2.008951389,0.361553419,0.120517806,15.125,0.08,NA,10.34931507,0.3318,NA,NA,NA,SUBSHRUB,PERENNIAL,WOODY
651,THYSANOTUS TUBEROSUS,3449,jilpanger.au,1,1.5,0.5,1.5,0.5,0,0,NA,0.7,NA,4.460784,NA,NA,NA,NA,FORB,PERENNIAL,FORB
655,TRICHOPHORUM CESPITOSUM,4278,lygraold.no,1,25,12.5,25,12.5,0,0,15.3,0.4,4.4,3.79,0.1,0.199,35.47,0.425,GRAMINOID,PERENNIAL,GRAMINOID
656,TRICHOPHORUM CESPITOSUM,4179,lygraint.no,1,13,6.5,22,11,9,4.5,15.3,0.4,4.4,3.79,0.1,0.199,35.47,0.425,GRAMINOID,PERENNIAL,GRAMINOID
657,TRIENTALIS EUROPEA,4280,lygraold.no,1,1,1,1,1,0,0,NA,NA,NA,47.591,NA,NA,NA,NA,FORB,PERENNIAL,FORB
659,TRIFOLIUM MACROCEPHALUM,4989,oreaa.us,1,1,1,3.5,3.5,2.5,2.5,NA,0.6096,NA,6.89,0.1524,NA,NA,1.85,FORB,PERENNIAL,LEGUME
660,TRIFOLIUM MONTANUM,155,allmendb.ch,1,1,1,0.25,0.25,-0.75,-0.75,34.121,0.306666667,NA,18.67023642,0.825,0.113646105,238.0656783,0.246975,FORB,PERENNIAL,LEGUME
661,TRIFOLIUM MONTANUM,296,allmendo.ch,1,2,0.666666667,0.5,0.5,-1.5,-0.166666667,34.121,0.306666667,NA,18.67023642,0.825,0.113646105,238.0656783,0.246975,FORB,PERENNIAL,LEGUME
662,TRIFOLIUM PRATENSE,5383,pineta.es,1,30.5,5.083333333,9.5,2.375,-21,-2.708333333,40.4444317,0.389308642,21.07704,27.55091965,0.3048,0.16269724,184.5175823,0.256183381,FORB,PERENNIAL,LEGUME
663,TRIFOLIUM PRATENSE,159,allmendb.ch,1,2,1,2.25,0.75,0.25,-0.25,40.4444317,0.389308642,21.07704,27.55091965,0.3048,0.16269724,184.5175823,0.256183381,FORB,PERENNIAL,LEGUME
664,TRIFOLIUM PRATENSE,5613,rhijn.nl,1,2,1,1,1,-1,0,40.4444317,0.389308642,21.07704,27.55091965,0.3048,0.16269724,184.5175823,0.256183381,FORB,PERENNIAL,LEGUME
665,TRIFOLIUM PRATENSE,2800,esw.ca,1,6,3,37,12.33333333,31,9.333333333,40.4444317,0.389308642,21.07704,27.55091965,0.3048,0.16269724,184.5175823,0.256183381,FORB,PERENNIAL,LEGUME
666,TRIFOLIUM REPENS,2699,elvadrt.ee,1,2,1,2,2,0,1,43.78354086,0.236251111,21.66035,26.94650771,0.3048,0.123144013,192.8045087,0.263218929,FORB,PERENNIAL,LEGUME
667,TRIFOLIUM REPENS,6210,teshio.jp,1,11,3.666666667,3,3,-8,-0.666666667,43.78354086,0.236251111,21.66035,26.94650771,0.3048,0.123144013,192.8045087,0.263218929,FORB,PERENNIAL,LEGUME
668,TRIFOLIUM REPENS,717,bayrdrt.de,1,5,5,2,2,-3,-3,43.78354086,0.236251111,21.66035,26.94650771,0.3048,0.123144013,192.8045087,0.263218929,FORB,PERENNIAL,LEGUME
669,TRIODIA BASEDOWII,2861,ethadn.au,1,148,49.33333333,148,49.33333333,0,0,6.4,1.3,NA,2.93,NA,NA,NA,NA,GRASS,PERENNIAL,GRASS
670,TRIODIA BASEDOWII,2839,ethadb.au,1,108,36,63,31.5,-45,-4.5,6.4,1.3,NA,2.93,NA,NA,NA,NA,GRASS,PERENNIAL,GRASS
671,TRISETUM FLAVESCENS,6335,validate.fr,1,14,3.5,33.2,8.3,19.2,4.8,27.09907954,0.532263158,8.795034255,22.11711414,0.44,0.166445278,447.4973772,0.175392308,GRASS,PERENNIAL,GRASS
672,TRISETUM SPICATUM,2911,falls.au,1,1,0.5,1,1,0,0.5,NA,0.32706,NA,21.1,0.3048,NA,NA,0.24,GRASS,PERENNIAL,GRASS
673,ULEX PARVIFLORUS,427,ayora.es,1,249,41.5,80,26.66666667,-169,-14.83333333,14.1,1.315,NA,4.82,1.5,0.71673186,9.189147922,0.373179167,SHRUB,PERENNIAL,LEGUME
674,VACCINIUM MYRTILLUS,4182,lygraint.no,1,10,5,2,2,-8,-3,18.74819405,0.386262821,5.5077,20.04821764,0.23575,0.094987,7,0.35,SUBSHRUB,PERENNIAL,WOODY
675,VACCINIUM MYRTILLUS,4283,lygraold.no,1,6,3,15,15,9,12,18.74819405,0.386262821,5.5077,20.04821764,0.23575,0.094987,7,0.35,SUBSHRUB,PERENNIAL,WOODY
676,VACCINIUM ULIGINOSUM,4286,lygraold.no,1,1,1,7,3.5,6,2.5,19.4998079,0.470266667,4.2,13.90672208,0.2274,0.1278406,162.5,0.124,SUBSHRUB,PERENNIAL,WOODY
677,VACCINIUM ULIGINOSUM,4185,lygraint.no,1,2,2,1,1,-1,-1,19.4998079,0.470266667,4.2,13.90672208,0.2274,0.1278406,162.5,0.124,SUBSHRUB,PERENNIAL,WOODY
678,VACCINIUM VITIS-IDAEA,4188,lygraint.no,1,39,13,21,7,-18,-6,10.93425771,0.231449383,6.33333,9.170438572,0.2024,NA,NA,1.25,SUBSHRUB,PERENNIAL,WOODY
679,VACCINIUM VITIS-IDAEA,4289,lygraold.no,1,13,4.333333333,31,10.33333333,18,6,10.93425771,0.231449383,6.33333,9.170438572,0.2024,NA,NA,1.25,SUBSHRUB,PERENNIAL,WOODY
685,VERONICA CHAMAEDRYS,2705,elvadrt.ee,1,3,1,3,1.5,0,0.5,25.804,0.234,10.00287923,28.10742313,0.34,0.114461321,349.9700698,0.149373333,FORB,PERENNIAL,FORB
686,VERONICA CHAMAEDRYS,5620,rhijn.nl,1,2,2,8,4,6,2,25.804,0.234,10.00287923,28.10742313,0.34,0.114461321,349.9700698,0.149373333,FORB,PERENNIAL,FORB
687,VICIA AMERICANA,4477,matador.ca,1,1,0.5,0.5,0.5,-0.5,0,42.658,0.2765,21.77,21.29655909,0.254,0.096375062,29.37063333,0.363178334,VINE,PERENNIAL,LEGUME
688,VICIA AMERICANA,3804,kinsella.ca,1,49,9.8,28,5.6,-21,-4.2,42.658,0.2765,21.77,21.29655909,0.254,0.096375062,29.37063333,0.363178334,VINE,PERENNIAL,LEGUME
689,VICIA AMERICANA,1387,brookdale.ca,1,4,1,3,1,-1,0,42.658,0.2765,21.77,21.29655909,0.254,0.096375062,29.37063333,0.363178334,VINE,PERENNIAL,LEGUME
690,VICIA AMERICANA,3615,kernb.ca,1,0.5,0.5,1,1,0.5,0.5,42.658,0.2765,21.77,21.29655909,0.254,0.096375062,29.37063333,0.363178334,VINE,PERENNIAL,LEGUME
691,VICIA AMERICANA,3724,kernnu.ca,1,2,0.666666667,1,1,-1,0.333333333,42.658,0.2765,21.77,21.29655909,0.254,0.096375062,29.37063333,0.363178334,VINE,PERENNIAL,LEGUME
693,VICIA CRACCA,2711,elvadrt.ee,1,13,4.333333333,4,1.333333333,-9,-3,41.79727454,0.879038889,24.42381,26.81365133,0.3048,0.195683333,41.43187551,0.463024976,LEGUME,PERENNIAL,LEGUME
694,VICIA CRACCA,735,bayrdrt.de,1,3,3,3.1,1.55,0.1,-1.45,41.79727454,0.879038889,24.42381,26.81365133,0.3048,0.195683333,41.43187551,0.463024976,LEGUME,PERENNIAL,LEGUME
697,VICIA SEPIUM,746,bayrdrt.de,1,1,1,55.1,18.36666667,54.1,17.36666667,46.0056,0.683333333,27.307,38.73428571,0.52,0.077475,406.25,0.83175,FORB,PERENNIAL,LEGUME
698,VICIA SEPIUM,2717,elvadrt.ee,1,7,2.333333333,5,1.666666667,-2,-0.666666667,46.0056,0.683333333,27.307,38.73428571,0.52,0.077475,406.25,0.83175,FORB,PERENNIAL,LEGUME
699,VIOLA BETONICIFOLIA,2913,falls.au,1,1,0.5,1.5,0.5,0.5,0,NA,0.2,NA,17.081108,NA,NA,NA,NA,FORB,PERENNIAL,FORB
705,WAHLENBERGIA STRICTA,3455,jilpanger.au,1,1.5,0.5,0.5,0.5,-1,0,NA,0.9,NA,29.447,NA,NA,NA,NA,FORB,PERENNIAL,FORB
706,ZIZIA APTERA,1395,brookdale.ca,1,2,2,1,1,-1,-1,16.074,NA,NA,40.37573969,NA,NA,NA,NA,FORB,PERENNIAL,FORB