"","Taxon","site_code","mean.drt.cover.yr1","mean.drt.cover.yr2","diff.drt.trt","leafN.mg.g","height.m","rootN.mg.g","SLA_m2.kg","root.depth_m","RTD.g.cm3","SRL_m.g","rootDiam.mm","local_lifeform","local_lifespan","functional_group"
"1","ACAENA PINNATIFIDA","paike.ar",1,1,0,NA,0.025,NA,9.38,NA,NA,NA,NA,"FORB","PERENNIAL","FORB"
"2","ACHILLEA MILLEFOLIUM","allmendb.ch",1.25,1.41666666666667,0.16666666666667,19.234,0.559,4.8,7.859942857,0.2032,0.138977909,35.26726667,0.26778,"FORB","PERENNIAL","FORB"
"3","ACHILLEA MILLEFOLIUM","allmendo.ch",0.75,1.25,0.5,19.234,0.559,4.8,7.859942857,0.2032,0.138977909,35.26726667,0.26778,"FORB","PERENNIAL","FORB"
"4","ACHILLEA MILLEFOLIUM","brookdale.ca",1.5,1,-0.5,19.234,0.559,4.8,7.859942857,0.2032,0.138977909,35.26726667,0.26778,"FORB","PERENNIAL","FORB"
"5","ACHILLEA MILLEFOLIUM","elvadrt.ee",6.666666667,5.66666666666667,-1.00000000033333,19.234,0.559,4.8,7.859942857,0.2032,0.138977909,35.26726667,0.26778,"FORB","PERENNIAL","FORB"
"6","ACHILLEA MILLEFOLIUM","oreac.us",1.833333333,1,-0.833333333,19.234,0.559,4.8,7.859942857,0.2032,0.138977909,35.26726667,0.26778,"FORB","PERENNIAL","FORB"
"7","ACHILLEA MILLEFOLIUM","kernb.ca",2.666666667,3,0.333333333,19.234,0.559,4.8,7.859942857,0.2032,0.138977909,35.26726667,0.26778,"FORB","PERENNIAL","FORB"
"8","ACHILLEA MILLEFOLIUM","hard.us",2,1.66666666666667,-0.33333333333333,19.234,0.559,4.8,7.859942857,0.2032,0.138977909,35.26726667,0.26778,"FORB","PERENNIAL","FORB"
"9","ACHILLEA MILLEFOLIUM","kinsella.ca",15,15,0,19.234,0.559,4.8,7.859942857,0.2032,0.138977909,35.26726667,0.26778,"FORB","PERENNIAL","FORB"
"10","AGASTACHE FOENICULUM","brookdale.ca",1.5,1.5,0,14.7,NA,NA,15.29,0.124,0.18,56.33396667,0.42,"FORB","PERENNIAL","FORB"
"11","AGRIMONIA EUPATORIA","elvadrt.ee",1,1,0,14.78,0.087,14.78,13.66,1.55,0.1143,NA,NA,"FORB","PERENNIAL","FORB"
"17","ALCHEMILLA PENTAPHYLLEA","passogavia.it",53.8,52,-1.8,37,NA,NA,21,NA,NA,NA,NA,"FORB","PERENNIAL","FORB"
"18","ALLIONIA INCARNATA","cerrillos.ar",1.25,1.88,0.63,NA,0.4,NA,21.88917424,0.4,NA,10.31,0.665,"FORB","PERENNIAL","FORB"
"19","ALLIUM ACUMINATUM","oreaa.us",1,0.5,-0.5,NA,0.3048,NA,8.45,0.1524,NA,NA,1.64,"FORB","PERENNIAL","FORB"
"21","ALYSSUM DESERTORUM","nplatte.us",2,2.25,0.25,NA,0.1,NA,27.17578947,NA,NA,NA,NA,"FORB","ANNUAL","FORB"
"22","AMBROSIA PSILOSTACHYA","oklah.us",19,11,-8,23.246,0.4385,12.9,15.82842,0.99,0.37,72.86943333,0.44,"FORB","PERENNIAL","FORB"
"23","AMBROSIA PSILOSTACHYA","slp.us",10.33333333,1,-9.33333333,23.246,0.4385,12.9,15.82842,0.99,0.37,72.86943333,0.44,"FORB","PERENNIAL","FORB"
"24","AMBROSIA TENUIFOLIA","chilcasdrt.ar",2.958333333,0.25,-2.708333333,18.2,4.572,NA,9.366271504,0.6096,NA,NA,NA,"FORB","PERENNIAL","FORB"
"25","AMBROSIA TENUIFOLIA","marcdrt.ar",1,2,1,18.2,4.572,NA,9.366271504,0.6096,NA,NA,NA,"FORB","PERENNIAL","FORB"
"27","ANAGALLIS ARVENSIS","scruzh.us",5.6818182,9.75,4.0681818,25,0.187,NA,28.34396552,0.315,NA,NA,NA,"FORB","ANNUAL","FORB"
"36","ARENARIA SERPYLLIFOLIA","jenadrt.de",0.5,0.75,0.25,12,0.075,13.275,23.7,0.21,0.067,NA,0.207422972,"FORB","ANNUAL","FORB"
"40","ARMERIA MARITIMA","paike.ar",1,1,0,17,0.308106667,9.3,21.1502,0.254,0.2612175,57.875,0.221876923,"FORB","PERENNIAL","FORB"
"49","ARTEMISIA LUDOVICIANA","brookdale.ca",1.95,1.45833333325,-0.49166666675,19.24454545,0.597,11.63,16.4954108,0.2032,0.222016659,76.92231348,0.31821746,"FORB","PERENNIAL","FORB"
"50","ARTEMISIA LUDOVICIANA","cedarsav.us",1,2,1,19.24454545,0.597,11.63,16.4954108,0.2032,0.222016659,76.92231348,0.31821746,"FORB","PERENNIAL","FORB"
"51","ARTEMISIA LUDOVICIANA","kernb.ca",3,1.75,-1.25,19.24454545,0.597,11.63,16.4954108,0.2032,0.222016659,76.92231348,0.31821746,"FORB","PERENNIAL","FORB"
"52","ARTEMISIA LUDOVICIANA","biddulph.ca",1,3,2,19.24454545,0.597,11.63,16.4954108,0.2032,0.222016659,76.92231348,0.31821746,"FORB","PERENNIAL","FORB"
"53","ARTEMISIA LUDOVICIANA","kernnu.ca",3,2.5,-0.5,19.24454545,0.597,11.63,16.4954108,0.2032,0.222016659,76.92231348,0.31821746,"FORB","PERENNIAL","FORB"
"55","ASPERULA CYNANCHICA","allmendb.ch",0.25,0.25,0,NA,0.284375,NA,27.91666667,0.93,0.3908625,22.875,0.16639,"FORB","PERENNIAL","FORB"
"56","ASPERULA CYNANCHICA","allmendo.ch",2.375,2.375,0,NA,0.284375,NA,27.91666667,0.93,0.3908625,22.875,0.16639,"FORB","PERENNIAL","FORB"
"58","ASTRANTIA MAJOR","pineta.es",8,5.5,-2.5,28.539,0.4215,NA,22.75909384,NA,NA,NA,NA,"FORB","NULL","FORB"
"62","BASSIA SCOPARIA","antelope.us",0.70375,0.25,-0.45375,32.45,1.184444444,NA,19.65690846,NA,NA,NA,NA,"FORB","ANNUAL","FORB"
"63","BELLIS PERENNIS","jenadrt.de",5,1.33333333333333,-3.66666666666667,17.81,0.165,8.4,34.15,0.18,0.130088142,324.9590331,0.243322583,"FORB","PERENNIAL","FORB"
"65","BOERHAVIA DIFFUSA","cerrillos.ar",0.63,1.25,0.62,NA,0.55,NA,20.76,1.2,NA,14.29,NA,"FORB","PERENNIAL","FORB"
"100","CALYLOPHUS SERRULATUS","oklah.us",15,15,0,NA,NA,NA,11.69,1.33,NA,NA,NA,"FORB","PERENNIAL","FORB"
"101","CAMASSIA QUAMASH","cowidrt.ca",5,5,0,NA,0.70104,NA,12.08,0.254,NA,NA,NA,"GRASS","PERENNIAL","FORB"
"102","CAMPANULA PATULA","elvadrt.ee",1,1,0,NA,0.4375,14.26593954,33.98333333,0.29,0.0375,NA,0.265133333,"FORB","PERENNIAL","FORB"
"103","CAMPANULA ROTUNDIFOLIA","biddulph.ca",4,7,3,21.08333333,0.452,13.14618087,22.94812699,1.125,0.146551312,475.6578007,0.141566667,"FORB","PERENNIAL","FORB"
"104","CAMPANULA ROTUNDIFOLIA","kernb.ca",0.5,0.5,0,21.08333333,0.452,13.14618087,22.94812699,1.125,0.146551312,475.6578007,0.141566667,"FORB","PERENNIAL","FORB"
"105","CAMPANULA ROTUNDIFOLIA","kernnu.ca",0.5,0.666666666666667,0.166666666666667,21.08333333,0.452,13.14618087,22.94812699,1.125,0.146551312,475.6578007,0.141566667,"FORB","PERENNIAL","FORB"
"106","CARDUUS PYCNOCEPHALUS","scruzm.us",7.11889028,3,-4.11889028,8.2,0.8,NA,38,NA,NA,NA,NA,"FORB","ANNUAL","FORB"
"107","CARDUUS PYCNOCEPHALUS","scruzl.us",20.12987015,12,-8.12987015,8.2,0.8,NA,38,NA,NA,NA,NA,"FORB","ANNUAL","FORB"
"115","CAREX DISTACHYA","ayora.es",2.5,1,-1.5,NA,0.1756,NA,4.8,0.91,NA,NA,NA,"GRAMINOID","PERENNIAL","FORB"
"123","CELMISIA COSTINIANA","falls.au",48.33333333,55,6.66666667,NA,0.515,NA,9.655537,NA,NA,NA,NA,"FORB","PERENNIAL","FORB"
"126","CENTAUREA JACEA","allmendb.ch",1.5,1.25,-0.25,25.06160617,0.8275,11.34202,21.9478316,0.155,0.133545753,116.6184597,0.328737037,"FORB","PERENNIAL","FORB"
"127","CENTAUREA JACEA","allmendo.ch",2.25,2.375,0.125,25.06160617,0.8275,11.34202,21.9478316,0.155,0.133545753,116.6184597,0.328737037,"FORB","PERENNIAL","FORB"
"128","CENTAUREA JACEA","rhijn.nl",6.5,5,-1.5,25.06160617,0.8275,11.34202,21.9478316,0.155,0.133545753,116.6184597,0.328737037,"FORB","PERENNIAL","FORB"
"129","CENTAUREA SCABIOSA","allmendb.ch",7.25,7.25,0,22.3,0.9625,NA,16.2315625,2.708833,NA,NA,NA,"FORB","PERENNIAL","FORB"
"130","CENTAUREA SCABIOSA","allmendo.ch",1.75,1.16666666666667,-0.58333333333333,22.3,0.9625,NA,16.2315625,2.708833,NA,NA,NA,"FORB","PERENNIAL","FORB"
"131","CERASTIUM ARVENSE","kernnu.ca",0.75,2,1.25,NA,0.188888889,NA,21.10181624,0.22,0.486326636,91.58154988,0.188766667,"FORB","PERENNIAL","FORB"
"132","CERASTIUM ARVENSE","biddulph.ca",2,0.5,-1.5,NA,0.188888889,NA,21.10181624,0.22,0.486326636,91.58154988,0.188766667,"FORB","PERENNIAL","FORB"
"133","CERASTIUM ARVENSE","cmss.us",5,9,4,NA,0.188888889,NA,21.10181624,0.22,0.486326636,91.58154988,0.188766667,"FORB","PERENNIAL","FORB"
"134","CERASTIUM ARVENSE","paike.ar",1,1,0,NA,0.188888889,NA,21.10181624,0.22,0.486326636,91.58154988,0.188766667,"FORB","PERENNIAL","FORB"
"135","CERASTIUM ARVENSE","matador.ca",0.75,0.5,-0.25,NA,0.188888889,NA,21.10181624,0.22,0.486326636,91.58154988,0.188766667,"FORB","PERENNIAL","FORB"
"136","CERASTIUM ARVENSE","kernb.ca",1.25,0.5,-0.75,NA,0.188888889,NA,21.10181624,0.22,0.486326636,91.58154988,0.188766667,"FORB","PERENNIAL","FORB"
"137","CERASTIUM ARVENSE","elvadrt.ee",1,1,0,NA,0.188888889,NA,21.10181624,0.22,0.486326636,91.58154988,0.188766667,"FORB","PERENNIAL","FORB"
"138","CERASTIUM ARVENSE","cowidrt.ca",1.5,2,0.5,NA,0.188888889,NA,21.10181624,0.22,0.486326636,91.58154988,0.188766667,"FORB","PERENNIAL","FORB"
"139","CERASTIUM FONTANUM","jenadrt.de",0.5,0.75,0.25,24.9755,0.218333333,8.721238939,25.83139407,NA,0.133299797,101.6244572,0.282,"FORB","PERENNIAL","FORB"
"140","CERASTIUM GLOMERATUM","cowidrt.ca",1,1.4,0.4,17.025,0.249,14.7,23.38503171,0.11,0.4988333,318,NA,"FORB","ANNUAL","FORB"
"142","CHLOROGALUM POMERIDIANUM","scruzh.us",2.4691358,2,-0.4691358,28.9,NA,NA,12.962,NA,NA,NA,NA,"FORB","PERENNIAL","FORB"
"145","CIRSIUM ARVENSE","brookdale.ca",2.133333333,1.6,-0.533333333,29.75611991,0.84284049,15.2,16.60803212,1.853333,NA,64,0.71,"FORB","PERENNIAL","FORB"
"146","CIRSIUM ARVENSE","baddrt.de",3.3,0.75,-2.55,29.75611991,0.84284049,15.2,16.60803212,1.853333,NA,64,0.71,"FORB","PERENNIAL","FORB"
"147","CIRSIUM ARVENSE","esw.ca",1.5,1.33333333333333,-0.16666666666667,29.75611991,0.84284049,15.2,16.60803212,1.853333,NA,64,0.71,"FORB","PERENNIAL","FORB"
"148","CIRSIUM VULGARE","scruzl.us",14.6156689,5.5,-9.1156689,38.6,1.175,NA,14.23064781,2.1,0.285613682,131.2433191,0.184,"FORB","BIENNIAL","FORB"
"151","CLAYTONIA PERFOLIATA","cowidrt.ca",21.66666667,14.5,-7.16666667,24.6,0.222866667,NA,52.4560081,0.1524,NA,NA,NA,"FORB","NULL","FORB"
"152","COLLINSIA PARVIFLORA","oreac.us",0.6,0.5,-0.1,NA,0.3048,NA,32.3,NA,NA,NA,0.28,"FORB","ANNUAL","FORB"
"153","COLLINSIA PARVIFLORA","oreaa.us",0.5,0.5,0,NA,0.3048,NA,32.3,NA,NA,NA,0.28,"FORB","ANNUAL","FORB"
"154","COMANDRA UMBELLATA","cedarsav.us",6.666666667,3.33333333333333,-3.33333333366667,21.0594,NA,NA,18.08533756,NA,0.334821433,31.36179282,0.321385714,"FORB","PERENNIAL","FORB"
"155","COMANDRA UMBELLATA","matador.ca",3.5,3.5,0,21.0594,NA,NA,18.08533756,NA,0.334821433,31.36179282,0.321385714,"FORB","PERENNIAL","FORB"
"156","COMMELINA CYANEA","yarradrt.au",2,8.16,6.16,30.634,0.1,NA,34.85,NA,0.12642,NA,0.05284,"FORB","PERENNIAL","FORB"
"157","CONVOLVULUS ARVENSIS","jenadrt.de",2,2,0,27.77,0.048,12.29,17.215475,2.24,0.5298167,31.40813333,NA,"FORB","PERENNIAL","FORB"
"159","COREOPSIS PALMATA","cedarsav.us",6.666666667,4,-2.666666667,12.06502778,0.614,18.5591,18.06209157,NA,0.1,82.33333333,0.33,"FORB","PERENNIAL","FORB"
"160","COREOPSIS PALMATA","cedartrait.us",13,4.33333333333333,-8.66666666666667,12.06502778,0.614,18.5591,18.06209157,NA,0.1,82.33333333,0.33,"FORB","PERENNIAL","FORB"
"162","CREPIS BIENNIS","allmendb.ch",0.5,0.25,-0.25,18.28,0.183,10.22761651,19.04,0.99,0.113427835,154.7062535,0.425214286,"FORB","PERENNIAL","FORB"
"163","CREPIS BIENNIS","jenadrt.de",2,2,0,18.28,0.183,10.22761651,19.04,0.99,0.113427835,154.7062535,0.425214286,"FORB","PERENNIAL","FORB"
"164","CREPIS BIENNIS","baddrt.de",6.5,3,-3.5,18.28,0.183,10.22761651,19.04,0.99,0.113427835,154.7062535,0.425214286,"FORB","PERENNIAL","FORB"
"165","CREPIS CAPILLARIS","baddrt.de",9,0.9,-8.1,25.65,0.458333333,10.7,35.00023666,0.385,NA,138,NA,"FORB","ANNUAL","FORB"
"166","CREPIS TECTORUM","elvadrt.ee",2,2,0,14.21254536,0.148,NA,22.33002853,NA,NA,119,0.34,"FORB","ANNUAL","FORB"
"167","CROTON MONANTHOGYNUS","oklah.us",1.75,3,1.25,17.5,NA,NA,18.1,NA,NA,NA,NA,"FORB","ANNUAL","FORB"
"168","CRUCIATA GLABRA","pineta.es",0.5,0.5,0,17.002,0.194,NA,21.52069774,0.14,NA,NA,NA,"FORB","NULL","FORB"
"177","DACTYLORHIZA MACULATA","pineta.es",1.125,0.5,-0.625,22.6,0.6,NA,24.23285714,NA,NA,NA,NA,"FORB","NULL","FORB"
"181","DAUCUS CAROTA","esw.ca",1,1,0,23.75644602,0.487097662,12.75277167,17.37707021,0.8266667,0.329231092,244.5257138,0.314314803,"FORB","BIENNIAL","FORB"
"182","DAUCUS CAROTA","elvadrt.ee",1,1,0,23.75644602,0.487097662,12.75277167,17.37707021,0.8266667,0.329231092,244.5257138,0.314314803,"FORB","BIENNIAL","FORB"
"190","DIPLOTAXIS TENUIFOLIA","naposta.ar",5.333333333,8.33333333333333,3.00000000033333,NA,0.575,NA,22.45,NA,NA,NA,NA,"FORB","BIENNIAL","FORB"
"192","DRABA VERNA","oreaa.us",0.5,0.5,0,20.4,0.42,NA,22.11,1.318005405,0.78395,18.8462,0.52189,"FORB","ANNUAL","FORB"
"193","ECHIUM VULGARE","allmendb.ch",0.375,0.375,0,23.6,0.716666667,NA,14.45,2.57,NA,NA,0.385,"FORB","PERENNIAL","FORB"
"205","EPILOBIUM ANGUSTIFOLIUM","baddrt.de",1.05,0.2,-0.85,26.69696541,1.0483,NA,19.77553761,0.627,NA,261.095,NA,"FORB","PERENNIAL","FORB"
"206","EPILOBIUM BRACHYCARPUM","oreac.us",1.5,0.7,-0.8,30.48666667,0.286,10.95816314,21.56584,NA,NA,81.71053333,NA,"FORB","ANNUAL","FORB"
"207","EPILOBIUM BRACHYCARPUM","oreaa.us",0.9,1.1,0.2,30.48666667,0.286,10.95816314,21.56584,NA,NA,81.71053333,NA,"FORB","ANNUAL","FORB"
"208","EPILOBIUM TETRAGONUM","baddrt.de",0.8,0.1,-0.7,NA,0.720833333,NA,15.9,NA,NA,NA,NA,"FORB","PERENNIAL","FORB"
"209","Epipactis PALUSTRIS","pineta.es",3,3,0,NA,0.4375,NA,22.62,NA,NA,NA,NA,"FORB","NULL","FORB"
"210","EQUISETUM ARVENSE","elvadrt.ee",1.333333333,1,-0.333333333,20.06733732,0.344317143,NA,13.18450744,0.2262,NA,NA,NA,"FORB","PERENNIAL","FORB"
"214","ERIGERON ANNUUS","esw.ca",1,1.33333333333333,0.33333333333333,13.87251282,0.790891667,NA,23.37334387,1.02,0.32875817,62.7520477,0.25,"FORB","ANNUAL","FORB"
"215","ERIGERON STRIGOSUS","oklah.us",1.75,3,1.25,12.3765,0.566,NA,24.97386549,0.254,NA,NA,NA,"FORB","ANNUAL, Perennial (Oklahoma (KAEFS-OK))","FORB"
"216","ERIGERON STRIGOSUS","konzadrt.us",1,3,2,12.3765,0.566,NA,24.97386549,0.254,NA,NA,NA,"FORB","ANNUAL, Perennial (Oklahoma (KAEFS-OK))","FORB"
"218","ERODIUM CICUTARIUM","spvdrt.ar",1,1,0,34.47666667,0.0275,11.48,28.8428,0.5,0.43626943,71.7331,0.1243,"FORB","ANNUAL","FORB"
"219","ERODIUM CICUTARIUM","gmgranite.us",6.714285714,0.1,-6.614285714,34.47666667,0.0275,11.48,28.8428,0.5,0.43626943,71.7331,0.1243,"FORB","ANNUAL","FORB"
"220","ERODIUM CICUTARIUM","gmmolar.us",3.928571429,0.1,-3.828571429,34.47666667,0.0275,11.48,28.8428,0.5,0.43626943,71.7331,0.1243,"FORB","ANNUAL","FORB"
"221","ESCHSCHOLZIA CALIFORNICA","scruzm.us",4.350330267,10,5.649669733,46.6,0.405253333,NA,27.92808564,0.254,0.015053333,527.2,0.24385,"FORB","PERENNIAL","FORB"
"222","EUPHORBIA CYPARISSIAS","allmendo.ch",1.75,1.25,-0.5,29,0.2375,8.96,23.6,0.89,0.411,6.4,0.699,"FORB","PERENNIAL","FORB"
"223","EUPHORBIA CYPARISSIAS","allmendb.ch",2,2,0,29,0.2375,8.96,23.6,0.89,0.411,6.4,0.699,"FORB","PERENNIAL","FORB"
"224","EUPHORBIA DRUMMONDII","credoj.au",0.5,0.5,0,NA,0.1276,NA,12.13032804,NA,NA,NA,NA,"FORB","PERENNIAL","FORB"
"225","EUTHAMIA GRAMINIFOLIA","cedarsav.us",4,3,-1,19.4891582,0.798,NA,12.04198841,NA,NA,NA,NA,"FORB","PERENNIAL","FORB"
"226","EVOLVULUS SERICEUS","bfl.us",1.333333333,1.5,0.166666667,NA,0.165186473,NA,13.12723643,NA,NA,NA,NA,"FORB","PERENNIAL","FORB"
"228","FALCARIA VULGARIS","jenadrt.de",2.25,4.5,2.25,NA,1.2613,NA,13.0375,1.8,0.147,216.667,1.15043,"FORB","PERENNIAL","FORB"
"243","FRAGARIA VESCA","elvadrt.ee",12.33333333,10.3333333333333,-1.9999999966667,16.48863464,0.136111111,NA,24.4032544,0.267,0.351086957,312.2441806,0.1112,"FORB","PERENNIAL","FORB"
"244","FRAGARIA VESCA","pineta.es",9.25,4.5,-4.75,16.48863464,0.136111111,NA,24.4032544,0.267,0.351086957,312.2441806,0.1112,"FORB","PERENNIAL","FORB"
"245","FRAGARIA VIRIDIS","jenadrt.de",0.5,0.5,0,28.3614838,0.104166667,NA,17.04997,0.32,0.2599583,215,1.136,"FORB","PERENNIAL","FORB"
"248","GALIUM APARINE","cowidrt.ca",1,1,0,30.3875,0.765787211,17.66740825,34.58771111,0.1016,0.246153846,342.4265529,0.153183334,"FORB","ANNUAL","FORB"
"249","GALIUM BOREALE","kernnu.ca",8,6,-2,18.80683333,0.37,10,22.71017578,0.1524,0.315984509,172.8382766,0.1779,"FORB","PERENNIAL","FORB"
"250","GALIUM BOREALE","kernb.ca",0.5,2,1.5,18.80683333,0.37,10,22.71017578,0.1524,0.315984509,172.8382766,0.1779,"FORB","PERENNIAL","FORB"
"251","GALIUM BOREALE","brookdale.ca",1.333333333,1.05,-0.283333333,18.80683333,0.37,10,22.71017578,0.1524,0.315984509,172.8382766,0.1779,"FORB","PERENNIAL","FORB"
"252","GALIUM LUCIDUM","ayora.es",2.5,3,0.5,26,0.375,NA,40.8,0.67,NA,NA,NA,"VINE","PERENNIAL","FORB"
"253","GALIUM MOLLUGO","rhijn.nl",25,13.6666666666667,-11.3333333333333,29.6653889,0.57825,12.06782427,21.5515698,0.1688729,0.105319476,406.1581499,0.264461111,"FORB","ANNUAL","FORB"
"254","GALIUM SAXATILE","lygraint.no",1,2,1,25.1,0.175,NA,25.08983957,NA,NA,NA,NA,"FORB","NULL","FORB"
"255","GALIUM VERUM","allmendo.ch",0.875,0.875,0,21.6094737,0.516038889,11.75956766,17.72121934,0.7266667,0.140178711,402.3842917,0.122981034,"FORB","PERENNIAL","FORB"
"257","GERANIUM DISSECTUM","jenadrt.de",2,3.66666666666667,1.66666666666667,19.13,0.151,NA,17.86,0.5,0.382010582,207.6012196,0.122766667,"FORB","ANNUAL","FORB"
"258","GERANIUM DISSECTUM","scruzl.us",3.799262233,7,3.200737767,19.13,0.151,NA,17.86,0.5,0.382010582,207.6012196,0.122766667,"FORB","ANNUAL","FORB"
"259","GERANIUM MOLLE","cowidrt.ca",3.5,8.5,5,26.45,0.296666667,NA,23.20870159,0.53,0.329104478,289.9024475,0.112466667,"FORB","NULL","FORB"
"260","GERANIUM PUSILLUM","jenadrt.de",12.33333333,54.3333333333333,42.0000000033333,17.47,0.2,NA,26.42,0.59,0.417391304,192.0238007,0.1212,"FORB","NULL","FORB"
"261","GEUM CANADENSE","esw.ca",1,1,0,NA,0.77936,NA,20.2434208,0.1016,NA,NA,NA,"FORB","PERENNIAL","FORB"
"262","GLOBULARIA VULGARIS","allmendo.ch",1.333333333,1.75,0.416666667,NA,0.2,NA,6.892,0.47,NA,NA,NA,"FORB","PERENNIAL","FORB"
"263","GLOBULARIA VULGARIS","allmendb.ch",0.375,0.5,0.125,NA,0.2,NA,6.892,0.47,NA,NA,NA,"FORB","PERENNIAL","FORB"
"264","GNAPHALIUM SUPINUM","passogavia.it",0.075,0.05,-0.025,22.46381487,NA,28.1,27.00300375,NA,NA,307.39,0.29,"FORB","PERENNIAL","FORB"
"267","GYMNADENIA CONOPSEA","pineta.es",0.5,0.5,0,28.85621237,0.45,NA,19.92759166,0.07,NA,NA,NA,"FORB","NULL","FORB"
"268","GYPSOPHILA REPENS","allmendo.ch",0.5,0.25,-0.25,12.7,0.14,NA,15.67666667,NA,NA,NA,NA,"FORB","PERENNIAL","FORB"
"282","HELIOPSIS HELIANTHOIDES","brookdale.ca",2,1,-1,NA,1.2745,NA,19.34129566,NA,0.155412644,61.30678286,0.38123125,"FORB","PERENNIAL","FORB"
"283","HEPATICA NOBILIS","pineta.es",3,1.75,-1.25,24,NA,NA,27.165,NA,NA,NA,NA,"FORB","NULL","FORB"
"293","HYDROCOTYLE BONARIENSIS","marcdrt.ar",2.333333333,2.75,0.416666667,NA,NA,NA,27.35005333,NA,NA,NA,NA,"FORB","PERENNIAL","FORB"
"294","HYPOCHAERIS RADICATA","falls.au",0.833333333,0.833333333333333,3.3333302784655e-10,17.75,0.3505,5.956457605,28.74506187,0.5475,0.14089564,151.7703194,0.261638779,"FORB","PERENNIAL","FORB"
"295","HYPOCHAERIS RADICATA","spvdrt.ar",3,2.66666666666667,-0.33333333333333,17.75,0.3505,5.956457605,28.74506187,0.5475,0.14089564,151.7703194,0.261638779,"FORB","PERENNIAL","FORB"
"296","HYPOCHAERIS RADICATA","baddrt.de",1,1,0,17.75,0.3505,5.956457605,28.74506187,0.5475,0.14089564,151.7703194,0.261638779,"FORB","PERENNIAL","FORB"
"298","KNAUTIA ARVENSIS","allmendb.ch",1.5,1.5,0,24.60384722,0.559111111,10.58839097,18.38055602,0.155,0.2315,150.6768113,0.417,"FORB","PERENNIAL","FORB"
"306","LACTUCA SERRIOLA","naposta.ar",3,1,-2,32,0.9375,NA,21.4302,0.825,0.2572538,193.07,0.61,"FORB","BIENNIAL","FORB"
"307","LACTUCA TATARICA","kernb.ca",1.25,2,0.75,22.6,0.625,NA,18.07666667,2.4,0.213227444,77.19169246,NA,"FORB","PERENNIAL","FORB"
"312","LEONTODON HISPIDUS","elvadrt.ee",4,2,-2,23.92644618,0.371,11.53789754,27.0408515,0.3,0.134462153,204.9072943,0.273284146,"FORB","PERENNIAL","FORB"
"315","LEUCANTHEMOPSIS ALPINA","passogavia.it",0.46,0.47,0.00999999999999995,26,0.035,NA,15.775,0.126,NA,NA,0.83,"FORB","PERENNIAL","FORB"
"316","LEUCANTHEMUM VULGARE","allmendb.ch",1.5,1.5,0,30.26796208,0.53192,9.640667198,17.80983272,0.2032,0.178238532,205.5962002,0.23427,"FORB","PERENNIAL","FORB"
"317","LEUCANTHEMUM VULGARE","rhijn.nl",1,3,2,30.26796208,0.53192,9.640667198,17.80983272,0.2032,0.178238532,205.5962002,0.23427,"FORB","PERENNIAL","FORB"
"318","LIATRIS ASPERA","cedartrait.us",11.8,6.25,-5.55,12.33641253,0.68,20.498833,17.00092904,NA,0.135313282,193.6403191,0.335858333,"FORB","PERENNIAL","FORB"
"319","LIATRIS PUNCTATA","bfl.us",11.5,11,-0.5,16.817,0.6096,NA,9.8333502,0.3556,0.16753096,118.8077502,0.3044,"FORB","PERENNIAL","FORB"
"320","LIATRIS PUNCTATA","biddulph.ca",1,1,0,16.817,0.6096,NA,9.8333502,0.3556,0.16753096,118.8077502,0.3044,"FORB","PERENNIAL","FORB"
"321","LIATRIS SQUARROSA","oklah.us",1.75,3,1.25,22.06384,0.4548,NA,16.33650548,0.67,NA,NA,NA,"FORB","PERENNIAL","FORB"
"322","LIGUSTICUM MUTELLINA","passogavia.it",46,45,-1,21.8,0.28,NA,24.9616,0.68,NA,NA,NA,"FORB","PERENNIAL","FORB"
"323","LINUM BIENNE","scruzh.us",6.29785905,3.5,-2.79785905,27.53,0.375,NA,26.60625,NA,NA,NA,NA,"FORB","ANNUAL","FORB"
"324","LINUM CATHARTICUM","allmendo.ch",1.666666667,0.25,-1.416666667,20.2751018,0.184833333,NA,29.89038332,0.18,0.3081,160,1.190476,"FORB","ANNUAL","FORB"
"325","LINUM CATHARTICUM","allmendb.ch",2.083333333,1.08333333333333,-0.99999999966667,20.2751018,0.184833333,NA,29.89038332,0.18,0.3081,160,1.190476,"FORB","ANNUAL","FORB"
"326","LINUM CATHARTICUM","elvadrt.ee",1.5,1.5,0,20.2751018,0.184833333,NA,29.89038332,0.18,0.3081,160,1.190476,"FORB","ANNUAL","FORB"
"328","LINUM SULCATUM","oklah.us",0.5,0.5,0,NA,NA,NA,17.12,NA,NA,NA,NA,"FORB","ANNUAL","FORB"
"329","LITHOSPERMUM INCISUM","mattheis.ca",10,11,1,26.9,0.2176,NA,12.77,3.03,NA,NA,NA,"FORB","PERENNIAL","FORB"
"337","LYSIMACHIA EUROPAEA","lygraint.no",1,1,0,32.8,0.09,NA,51,NA,NA,NA,NA,"FORB","NULL","FORB"
"343","MICROSERIS LANCEOLATA","falls.au",1,0.5,-0.5,NA,0.4,NA,11.380814,NA,NA,NA,NA,"FORB","PERENNIAL","FORB"
"346","MONARDA FISTULOSA","cedartrait.us",8,2,-6,11.29051118,0.662,17.87547,26.21085308,0.1016,0.165191358,93.37285277,0.28925,"FORB","PERENNIAL","FORB"
"347","MONARDA PUNCTATA","slp.us",5,3,-2,13.2,0.4265,NA,18.95202815,NA,NA,NA,NA,"FORB","ANNUAL","FORB"
"348","NARTHECIUM OSSIFRAGUM","lygraold.no",3,2,-1,24.7,0.2325,NA,24.15,0.22,NA,NA,NA,"FORB","NULL","FORB"
"352","NEOTTIA OVATA","pineta.es",1.75,1.33333333333333,-0.41666666666667,NA,0.32,NA,30.18571429,NA,NA,NA,NA,"FORB","NULL","FORB"
"353","NOTICASTRUM SERICEUM","spvdrt.ar",4,3.5,-0.5,30.175,NA,NA,36.99,NA,NA,NA,NA,"FORB","PERENNIAL","FORB"
"355","OXALIS CONORRHIZA","naposta.ar",1,1,0,NA,0.1176,NA,42.67,NA,NA,NA,NA,"FORB","PERENNIAL, ANNUAL (Yarramundi Drt)","FORB"
"356","OXALIS DILLENII","slp.us",2.5,2,-0.5,NA,0.188478161,NA,41.82566697,NA,NA,NA,NA,"FORB","PERENNIAL","FORB"
"363","PEDICULARIS SYLVATICA","lygraint.no",1,1,0,NA,0.161666667,24.01,11.55,NA,NA,NA,NA,"FORB","NULL","FORB"
"364","PERSICARIA VIVIPARA","passogavia.it",0.1,0.2,0.1,21.5,0.283,NA,22,NA,NA,NA,NA,"FORB","PERENNIAL","FORB"
"367","PHLOX HOODII","oreaa.us",1.625,1,-0.625,23.27,0.02825,NA,13.95070877,0.54,0.180454545,107.0545926,0.2647,"FORB","PERENNIAL","FORB"
"368","PHYTEUMA HEMISPHAERICUM","passogavia.it",2.3,2,-0.3,27,0.1,NA,19.5,NA,NA,NA,NA,"FORB","PERENNIAL","FORB"
"370","PICRIS HIERACIOIDES","jenadrt.de",2.166666667,3,0.833333333,24.11,0.157,12.13,18.58,1.23,0.0725,193.765,0.45557832,"FORB","PERENNIAL","FORB"
"371","PICRIS HIERACIOIDES","baddrt.de",48,37,-11,24.11,0.157,12.13,18.58,1.23,0.0725,193.765,0.45557832,"FORB","PERENNIAL","FORB"
"373","PIMPINELLA SAXIFRAGA","allmendb.ch",2.416666667,2.25,-0.166666667,21.22166667,0.445,3.322678571,21.46439541,2.42685,0.315348446,149.6596103,0.228622222,"FORB","PERENNIAL","FORB"
"374","PIMPINELLA SAXIFRAGA","allmendo.ch",2.166666667,1.91666666666667,-0.25000000033333,21.22166667,0.445,3.322678571,21.46439541,2.42685,0.315348446,149.6596103,0.228622222,"FORB","PERENNIAL","FORB"
"375","PIMPINELLA SAXIFRAGA","pineta.es",0.5,0.5,0,21.22166667,0.445,3.322678571,21.46439541,2.42685,0.315348446,149.6596103,0.228622222,"FORB","PERENNIAL","FORB"
"376","PLANTAGO EURYPHYLLA","falls.au",1,0.5,-0.5,45.18531954,0.03,NA,15.9845175,NA,NA,NA,NA,"FORB","PERENNIAL","FORB"
"377","PLANTAGO LANCEOLATA","cowidrt.ca",2,2,0,25.695,0.320146825,23.59846931,23.55,0.57,0.138912722,225.0999155,0.228368317,"FORB","PERENNIAL","FORB"
"378","PLANTAGO LANCEOLATA","rhijn.nl",4,3.5,-0.5,25.695,0.320146825,23.59846931,23.55,0.57,0.138912722,225.0999155,0.228368317,"FORB","PERENNIAL","FORB"
"379","PLANTAGO LANCEOLATA","allmendo.ch",0.75,0.75,0,25.695,0.320146825,23.59846931,23.55,0.57,0.138912722,225.0999155,0.228368317,"FORB","PERENNIAL","FORB"
"380","PLANTAGO LANCEOLATA","baddrt.de",0.3,1,0.7,25.695,0.320146825,23.59846931,23.55,0.57,0.138912722,225.0999155,0.228368317,"FORB","PERENNIAL","FORB"
"381","PLANTAGO LANCEOLATA","allmendb.ch",1,0.25,-0.75,25.695,0.320146825,23.59846931,23.55,0.57,0.138912722,225.0999155,0.228368317,"FORB","PERENNIAL","FORB"
"382","PLANTAGO LANCEOLATA","scruzh.us",22.2222222,8.33333333333333,-13.8888888666667,25.695,0.320146825,23.59846931,23.55,0.57,0.138912722,225.0999155,0.228368317,"FORB","PERENNIAL","FORB"
"383","PLANTAGO PATAGONICA","spvdrt.ar",1,1.5,0.5,16.75319,0.1524,NA,7.068,0.1524,0.406666667,171.778132,0.173233333,"FORB","ANNUAL","FORB"
"384","PLANTAGO PATAGONICA","capwhite.us",1,0.125,-0.875,16.75319,0.1524,NA,7.068,0.1524,0.406666667,171.778132,0.173233333,"FORB","ANNUAL","FORB"
"385","PLANTAGO RHODOSPERMA","bfl.us",1,1,0,NA,NA,NA,17.37,NA,NA,NA,NA,"FORB","ANNUAL","FORB"
"406","POLYGALA VULGARIS","allmendb.ch",1.416666667,0.5,-0.916666667,NA,0.172916667,NA,19.02952398,0.5,0.2661556,396.667,0.7826128,"FORB","PERENNIAL","FORB"
"407","POTENTILLA ANSERINA","elvadrt.ee",1,1,0,26.20897891,0.277222222,NA,17.47534074,0.43,0.63425,148.75,0.6572,"FORB","PERENNIAL","FORB"
"408","POTENTILLA ERECTA","pineta.es",3,3,0,25.74581524,0.203633333,9.89,22.4188617,0.55,0.3627833,230,0.88602,"FORB","NULL","FORB"
"409","POTENTILLA ERECTA","lygraint.no",2.333333333,2.66666666666667,0.33333333366667,25.74581524,0.203633333,9.89,22.4188617,0.55,0.3627833,230,0.88602,"FORB","NULL","FORB"
"410","POTENTILLA ERECTA","lygraold.no",3,8,5,25.74581524,0.203633333,9.89,22.4188617,0.55,0.3627833,230,0.88602,"FORB","NULL","FORB"
"411","POTENTILLA GRANDIFLORA","allmendo.ch",3.25,3.16666666666667,-0.0833333333333299,NA,NA,NA,39.1,NA,NA,NA,NA,"FORB","PERENNIAL","FORB"
"412","POTENTILLA GRANDIFLORA","allmendb.ch",0.666666667,0.5,-0.166666667,NA,NA,NA,39.1,NA,NA,NA,NA,"FORB","PERENNIAL","FORB"
"413","POTENTILLA REPTANS","rhijn.nl",22.5,12.5,-10,24.6133503,0.274083333,NA,23.567332,NA,NA,NA,NA,"FORB","PERENNIAL","FORB"
"414","PRIMULA GLUTINOSA","passogavia.it",0.75,0.6,-0.15,27,NA,NA,13.58757528,0.2515,NA,NA,NA,"FORB","PERENNIAL","FORB"
"415","PRUNELLA VULGARIS","allmendo.ch",4.166666667,1.83333333333333,-2.33333333366667,16.811555,0.250255556,5.87871,22.91466839,0.254,0.105496279,223.0600732,0.294300536,"FORB","PERENNIAL","FORB"
"416","PRUNELLA VULGARIS","allmendb.ch",14.08333333,11.25,-2.83333333,16.811555,0.250255556,5.87871,22.91466839,0.254,0.105496279,223.0600732,0.294300536,"FORB","PERENNIAL","FORB"
"421","PTILOTUS POLYSTACHYUS","ethadb.au",21,0.1,-20.9,23.98,1,NA,9.6,NA,NA,37,NA,"FORB","NULL","FORB"
"423","RANUNCULUS ACRIS","elvadrt.ee",2,2,0,24.40250649,0.455420833,11.25,22.35741937,0.44,0.121892828,139.8527763,0.35099,"FORB","PERENNIAL","FORB"
"424","RANUNCULUS ACRIS","rhijn.nl",3,2,-1,24.40250649,0.455420833,11.25,22.35741937,0.44,0.121892828,139.8527763,0.35099,"FORB","PERENNIAL","FORB"
"425","RAPHANUS SATIVUS","scruzl.us",61.0981501,45.2,-15.8981501,40.5,0.715,14.825,34.60857143,1.566667,NA,NA,NA,"FORB","ANNUAL","FORB"
"426","RAPHANUS SATIVUS","scruzm.us",20.57703828,4.5,-16.07703828,40.5,0.715,14.825,34.60857143,1.566667,NA,NA,NA,"FORB","ANNUAL","FORB"
"427","RATIBIDA COLUMNIFERA","oklah.us",0.5,0.5,0,NA,0.94488,NA,22.85,0.3556,NA,56,0.66,"FORB","PERENNIAL","FORB"
"428","RHINANTHUS MINOR","allmendb.ch",2,0.5,-1.5,34.3558401,0.395833333,NA,18.84206584,0.08,NA,NA,NA,"FORB","ANNUAL","FORB"
"436","RUDBECKIA HIRTA","bfl.us",1.5,1,-0.5,28.33854,0.48345,21.64598,19.67108394,0.254,0.14325585,119.2626432,0.2691575,"FORB","ANNUAL","FORB"
"437","RUDBECKIA HIRTA","slp.us",5.5,1.5,-4,28.33854,0.48345,21.64598,19.67108394,0.254,0.14325585,119.2626432,0.2691575,"FORB","ANNUAL","FORB"
"438","RUELLIA HUMILIS","konzadrt.us",2,3,1,17,0.502906667,NA,12.07550636,0.1016,0.40803047,18.40109592,0.42,"FORB","PERENNIAL","FORB"
"443","SALVIA PRATENSIS","allmendb.ch",3.25,2.25,-1,19.3,0.520833333,NA,24.4875,2.1,0.2015038,272.308,2.015308,"FORB","PERENNIAL","FORB"
"444","SALVIA PRATENSIS","allmendo.ch",3.875,3.25,-0.625,19.3,0.520833333,NA,24.4875,2.1,0.2015038,272.308,2.015308,"FORB","PERENNIAL","FORB"
"445","SALVIA VERBENACA","credom.au",0.8,0.5,-0.3,NA,0.508333333,NA,11.94,NA,NA,NA,NA,"FORB","ANNUAL","FORB"
"446","SALVIA VERBENACA","credoj.au",0.5,0.5,0,NA,0.508333333,NA,11.94,NA,NA,NA,NA,"FORB","ANNUAL","FORB"
"447","SANGUISORBA MINOR","allmendb.ch",2.5,2,-0.5,19.82857143,0.340136667,13.0925861,17.81475981,0.3048,0.290931094,118.7237432,0.4611271,"FORB","PERENNIAL","FORB"
"448","SANGUISORBA MINOR","allmendo.ch",0.5,0.75,0.25,19.82857143,0.340136667,13.0925861,17.81475981,0.3048,0.290931094,118.7237432,0.4611271,"FORB","PERENNIAL","FORB"
"449","SCABIOSA COLUMBARIA","allmendb.ch",1,1.5,0.5,21.2,0.594444444,NA,19.16302632,0.9,0.347953216,120.2294669,0.181166667,"FORB","PERENNIAL","FORB"
"450","SCABIOSA COLUMBARIA","allmendo.ch",1.625,1,-0.625,21.2,0.594444444,NA,19.16302632,0.9,0.347953216,120.2294669,0.181166667,"FORB","PERENNIAL","FORB"
"451","SCABIOSA COLUMBARIA","ukulingadrt.za",4,10,6,21.2,0.594444444,NA,19.16302632,0.9,0.347953216,120.2294669,0.181166667,"FORB","PERENNIAL","FORB"
"458","SEDUM STENOPETALUM","oreaa.us",2.875,2.125,-0.75,NA,0.1118,NA,9.29,0.1,NA,NA,0.58,"FORB","PERENNIAL","FORB"
"463","SISYRINCHIUM BELLUM","scruzh.us",1.8340046,4.75,2.9159954,22.35,0.2558,NA,23.93793933,NA,0.101107003,118.754489,0.32952,"FORB","PERENNIAL","FORB"
"464","SISYRINCHIUM MONTANUM","kinsella.ca",2,2,0,NA,0.225,NA,19.78,NA,NA,NA,NA,"FORB","PERENNIAL","FORB"
"465","SOLDANELLA PUSILLA","passogavia.it",13.6,12.6,-1,NA,0.02,NA,16.8,0.11,NA,NA,NA,"FORB","PERENNIAL","FORB"
"466","SOLIDAGO CANADENSIS","baddrt.de",0.15,0.2,0.05,15.13338959,1.30146,NA,17.75668436,0.3048,NA,77.59504262,0.486273328,"FORB","PERENNIAL","FORB"
"467","SOLIDAGO CANADENSIS","esw.ca",27,24.6666666666667,-2.3333333333333,15.13338959,1.30146,NA,17.75668436,0.3048,NA,77.59504262,0.486273328,"FORB","PERENNIAL","FORB"
"468","SOLIDAGO CANADENSIS","brookdale.ca",2.9,1.9,-1,15.13338959,1.30146,NA,17.75668436,0.3048,NA,77.59504262,0.486273328,"FORB","PERENNIAL","FORB"
"469","SOLIDAGO MISSOURIENSIS","kinsella.ca",5,5,0,13.3335,0.576,10.93,10.60804205,0.2032,0.208174196,100.2127031,0.323716667,"FORB","PERENNIAL","FORB"
"470","SOLIDAGO MISSOURIENSIS","kernb.ca",1,1,0,13.3335,0.576,10.93,10.60804205,0.2032,0.208174196,100.2127031,0.323716667,"FORB","PERENNIAL","FORB"
"471","SOLIDAGO NEMORALIS","cedartrait.us",7,8.5,1.5,15.47778333,0.57,23.31317375,13.95394921,0.3048,0.129791058,208.2087011,0.369872222,"FORB","PERENNIAL","FORB"
"472","SOLIDAGO NEMORALIS","oklah.us",7.75,15,7.25,15.47778333,0.57,23.31317375,13.95394921,0.3048,0.129791058,208.2087011,0.369872222,"FORB","PERENNIAL","FORB"
"473","SOLIDAGO RIGIDA","oklah.us",3,11,8,11.83477126,0.598,8.386758333,10.23214847,0.3048,0.212780118,35.33592984,0.482373411,"FORB","PERENNIAL","FORB"
"474","SOLIDAGO RIGIDA","brookdale.ca",1.5,2,0.5,11.83477126,0.598,8.386758333,10.23214847,0.3048,0.212780118,35.33592984,0.482373411,"FORB","PERENNIAL","FORB"
"475","SOLIDAGO RIGIDA","cedartrait.us",9,10,1,11.83477126,0.598,8.386758333,10.23214847,0.3048,0.212780118,35.33592984,0.482373411,"FORB","PERENNIAL","FORB"
"476","SONCHUS ARVENSIS","esw.ca",2,5,3,26.4,1.1875,NA,21,0.56,0.219369,40.215,NA,"FORB","PERENNIAL","FORB"
"477","SONCHUS ARVENSIS","brookdale.ca",1.95,1.5,-0.45,26.4,1.1875,NA,21,0.56,0.219369,40.215,NA,"FORB","PERENNIAL","FORB"
"478","SONCHUS ARVENSIS","kernnu.ca",7.166666667,6,-1.166666667,26.4,1.1875,NA,21,0.56,0.219369,40.215,NA,"FORB","PERENNIAL","FORB"
"479","SONCHUS ARVENSIS","kernb.ca",1.25,1,-0.25,26.4,1.1875,NA,21,0.56,0.219369,40.215,NA,"FORB","PERENNIAL","FORB"
"480","SONCHUS ASPER","scruzl.us",14.54787123,5.5,-9.04787123,27.6,0.5875,NA,24.97389591,0.69,0.301036269,223.2180487,0.1419,"FORB","ANNUAL","FORB"
"483","SPHAERALCEA HASTULATA","antelope.us",2,1,-1,NA,NA,NA,14.04606421,2.5,NA,10.52042,0.492,"FORB","PERENNIAL","FORB"
"487","STELLARIA GRAMINEA","elvadrt.ee",1,1,0,29.426,0.460386667,NA,29.05086069,0.34,0.337078652,251.0337458,0.135266667,"FORB","PERENNIAL","FORB"
"488","STENARIA NIGRICANS","bfl.us",1,2.5,1.5,NA,0.2,NA,15.01261282,NA,NA,NA,NA,"FORB","PERENNIAL","FORB"
"495","SYMPHYOTRICHUM ERICOIDES","brookdale.ca",1.25,1,-0.25,12.6,0.7802222,11.01821,20.14194711,0.76,0.151923077,73.83666667,0.3263,"FORB","PERENNIAL","FORB"
"496","SYMPHYOTRICHUM ERICOIDES","kernb.ca",2,2,0,12.6,0.7802222,11.01821,20.14194711,0.76,0.151923077,73.83666667,0.3263,"FORB","PERENNIAL","FORB"
"497","SYMPHYOTRICHUM ERICOIDES","matador.ca",1,1,0,12.6,0.7802222,11.01821,20.14194711,0.76,0.151923077,73.83666667,0.3263,"FORB","PERENNIAL","FORB"
"498","SYMPHYOTRICHUM ERICOIDES","oklah.us",11,11,0,12.6,0.7802222,11.01821,20.14194711,0.76,0.151923077,73.83666667,0.3263,"FORB","PERENNIAL","FORB"
"499","SYMPHYOTRICHUM ERICOIDES","konzadrt.us",35,6,-29,12.6,0.7802222,11.01821,20.14194711,0.76,0.151923077,73.83666667,0.3263,"FORB","PERENNIAL","FORB"
"500","SYMPHYOTRICHUM ERICOIDES","hard.us",9.333333333,9.66666666666667,0.333333333666669,12.6,0.7802222,11.01821,20.14194711,0.76,0.151923077,73.83666667,0.3263,"FORB","PERENNIAL","FORB"
"501","SYMPHYOTRICHUM FALCATUM","kinsella.ca",13.33333333,13.3333333333333,3.33329985835462e-09,22.282,0.4175,8.69,14.18715,NA,0.117472,79.08403333,0.31118,"FORB","PERENNIAL","FORB"
"502","SYMPHYOTRICHUM LAEVE","brookdale.ca",2.666666667,2.5,-0.166666667,11.6,0.976666667,9.78,14.28815235,NA,0.253411079,69.91354785,0.323475,"FORB","PERENNIAL","FORB"
"503","SYMPHYOTRICHUM LANCEOLATUM","esw.ca",1,2,1,25.1,1.8288,NA,12.754,0.2032,0.15,68,0.36,"FORB","PERENNIAL","FORB"
"504","SYMPHYOTRICHUM NOVAE-ANGLIAE","esw.ca",1,8.5,7.5,12.17017,1.022302632,NA,23.88988777,NA,0.12,52,0.46,"FORB","PERENNIAL","FORB"
"505","TARAXACUM CAMPYLODES","jenadrt.de",11.33333333,6,-5.33333333,28.3472693,0.044,10.73618,30.05916441,0.1524,0.2871857,213.1,0.292,"FORB","PERENNIAL","FORB"
"506","TARAXACUM CAMPYLODES","validate.fr",0.925,6,5.075,28.3472693,0.044,10.73618,30.05916441,0.1524,0.2871857,213.1,0.292,"FORB","PERENNIAL","FORB"
"510","THALICTRUM VENULOSUM","brookdale.ca",1.75,1.16666666666667,-0.58333333333333,NA,0.1059,NA,19.84,NA,NA,NA,NA,"FORB","PERENNIAL","FORB"
"512","THLASPI ARVENSE","hard.us",3,2,-1,NA,0.423333333,NA,24.42761317,0.49,0.42845,105,0.2761525,"FORB","ANNUAL","FORB"
"518","TIDESTROMIA LANUGINOSA","jorndrt.us",0.2,1,0.8,NA,0.3,NA,17.09882973,0.265,NA,4.37819,0.074,"FORB","ANNUAL","FORB"
"519","TRAGOPOGON DUBIUS","mattheis.ca",1,1,0,26.314,0.34175,11.37,18.88481429,0.1524,0.27502617,48.55913333,0.359875,"FORB","BIENNIAL","FORB"
"522","TRIENTALIS EUROPEA","lygraold.no",1,1,0,NA,NA,NA,47.591,NA,NA,NA,NA,"FORB","NULL","FORB"
"542","VALERIANELLA LOCUSTA","cowidrt.ca",2.5,5.25,2.75,26,0.1925,NA,31.7,0.05,0.56326,204,1.242171,"FORB","ANNUAL","FORB"
"545","VERONICA ARVENSIS","cowidrt.ca",1,1,0,15,0.187777778,NA,21.00097059,0.19,0.7139167,224.167,0.98561,"FORB","ANNUAL","FORB"
"546","VERONICA ARVENSIS","jenadrt.de",0.5,0.5,0,15,0.187777778,NA,21.00097059,0.19,0.7139167,224.167,0.98561,"FORB","ANNUAL","FORB"
"547","VERONICA CHAMAEDRYS","elvadrt.ee",1.5,1.33333333333333,-0.16666666666667,25.804,0.234,10.00287923,28.10742313,0.34,0.114461321,349.9700698,0.149373333,"FORB","PERENNIAL","FORB"
"557","VIOLA BETONICIFOLIA","falls.au",0.5,0.5,0,NA,0.2,NA,17.081108,NA,NA,NA,NA,"FORB","PERENNIAL","FORB"
"563","ZIZIA APTERA","brookdale.ca",1,1.16666666666667,0.16666666666667,16.074,NA,NA,40.37573969,NA,NA,NA,NA,"FORB","PERENNIAL","FORB"
