,dataset_id,taxon_name,observation_id,trait_name,value,unit,entity_type,value_type,basis_of_value,replicates,basis_of_record,life_stage,population_id,individual_id,temporal_id,source_id,location_id,entity_context_id,plot_id,treatment_id,collection_date,measurement_remarks,method_id,original_name
20,Dwyer_2017,Actinobole uliginosum,1,leaf_mass_per_area,23.59123913,g/m2,population,mean,measurement,unknown,field,adult,2,NA,NA,NA,2,NA,NA,NA,2011,NA,NA,Actinobole uliginosum
22,Dwyer_2017,Actinobole uliginosum,2,leaf_mass_per_area,22.51532928,g/m2,population,mean,measurement,unknown,field,adult,3,NA,NA,NA,3,NA,NA,NA,2011,NA,NA,Actinobole uliginosum
24,Dwyer_2017,Actinobole uliginosum,3,leaf_mass_per_area,23.77138432,g/m2,population,mean,measurement,unknown,field,adult,5,NA,NA,NA,5,NA,NA,NA,2011,NA,NA,Actinobole uliginosum
26,Dwyer_2017,Actinobole uliginosum,4,leaf_mass_per_area,24.36119288,g/m2,population,mean,measurement,unknown,field,adult,7,NA,NA,NA,7,NA,NA,NA,2011,NA,NA,Actinobole uliginosum
28,Dwyer_2017,Actinobole uliginosum,5,leaf_mass_per_area,22.5953559,g/m2,population,mean,measurement,unknown,field,adult,10,NA,NA,NA,10,NA,NA,NA,2011,NA,NA,Actinobole uliginosum
30,Dwyer_2017,Actinobole uliginosum,6,leaf_mass_per_area,27.18870059,g/m2,population,mean,measurement,unknown,field,adult,11,NA,NA,NA,11,NA,NA,NA,2011,NA,NA,Actinobole uliginosum
32,Dwyer_2017,Actinobole uliginosum,7,leaf_mass_per_area,24.66891419,g/m2,population,mean,measurement,unknown,field,adult,12,NA,NA,NA,12,NA,NA,NA,2011,NA,NA,Actinobole uliginosum
105,Firn_2019,Actinobole uliginosum,1,leaf_mass_per_area,116.7085277,g/m2,population,mean,measurement,5,field_experiment,adult,92,NA,NA,NA,4,NA,2,1,2011,NA,NA,Actinobole uliginosum
106,Firn_2019,Actinobole uliginosum,2,leaf_mass_per_area,108.4294892,g/m2,population,mean,measurement,5,field_experiment,adult,112,NA,NA,NA,4,NA,22,6,2011,NA,NA,Actinobole uliginosum
107,Firn_2019,Actinobole uliginosum,3,leaf_mass_per_area,137.8697948,g/m2,population,mean,measurement,5,field_experiment,adult,116,NA,NA,NA,4,NA,26,7,2011,NA,NA,Actinobole uliginosum
108,Firn_2019,Actinobole uliginosum,4,leaf_mass_per_area,1200.342955,g/m2,population,mean,measurement,5,field_experiment,adult,124,NA,NA,NA,4,NA,34,9,2011,NA,NA,Actinobole uliginosum
109,Firn_2019,Actinobole uliginosum,5,leaf_mass_per_area,120.1114634,g/m2,population,mean,measurement,5,field_experiment,adult,125,NA,NA,NA,4,NA,35,9,2011,NA,NA,Actinobole uliginosum
110,Firn_2019,Actinobole uliginosum,6,leaf_mass_per_area,104.204296,g/m2,population,mean,measurement,5,field_experiment,adult,128,NA,NA,NA,4,NA,38,10,2011,NA,NA,Actinobole uliginosum
111,Firn_2019,Actinobole uliginosum,7,leaf_mass_per_area,144.0966367,g/m2,population,mean,measurement,5,field_experiment,adult,130,NA,NA,NA,4,NA,40,10,2011,NA,NA,Actinobole uliginosum
191,Fonseca_2000,Actinobole uliginosum,89,leaf_mass_per_area,52.63157895,g/m2,population,mean,measurement,5,field,adult,21,NA,NA,NA,21,NA,NA,NA,1996/1997,NA,NA,Actinobole uliginosum
21,Dwyer_2017,Actinobole uliginosum,1,plant_height,0.025,m,population,maximum,measurement,595,field,adult,2,NA,NA,NA,2,NA,NA,NA,2011,NA,NA,Actinobole uliginosum
23,Dwyer_2017,Actinobole uliginosum,2,plant_height,0.02423203,m,population,maximum,measurement,148,field,adult,3,NA,NA,NA,3,NA,NA,NA,2011,NA,NA,Actinobole uliginosum
25,Dwyer_2017,Actinobole uliginosum,3,plant_height,0.018549287,m,population,maximum,measurement,35,field,adult,5,NA,NA,NA,5,NA,NA,NA,2011,NA,NA,Actinobole uliginosum
27,Dwyer_2017,Actinobole uliginosum,4,plant_height,0.016157662,m,population,maximum,measurement,49,field,adult,7,NA,NA,NA,7,NA,NA,NA,2011,NA,NA,Actinobole uliginosum
29,Dwyer_2017,Actinobole uliginosum,5,plant_height,0.031706185,m,population,maximum,measurement,337,field,adult,10,NA,NA,NA,10,NA,NA,NA,2011,NA,NA,Actinobole uliginosum
31,Dwyer_2017,Actinobole uliginosum,6,plant_height,0.019467691,m,population,maximum,measurement,21,field,adult,11,NA,NA,NA,11,NA,NA,NA,2011,NA,NA,Actinobole uliginosum
33,Dwyer_2017,Actinobole uliginosum,7,plant_height,0.01,m,population,maximum,measurement,1,field,adult,12,NA,NA,NA,12,NA,NA,NA,2011,NA,NA,Actinobole uliginosum
210,Leishman_1992,Actinobole uliginosum,30,plant_height,0.02,m,species,maximum,measurement,NA,literature,adult,NA,NA,NA,NA,1,NA,NA,NA,1996/1996,NA,NA,Actinobole uliginosum
371,WAH_1998,Actinobole uliginosum,42,plant_height,0.12,m,species,maximum,measurement,NA,preserved_specimen,adult,NA,NA,NA,NA,NA,NA,NA,NA,unknown/1998,NA,NA,Actinobole uliginosum
250,NHNSW_2014_2,Agrostis gigantea,319,plant_height,1,m,species,maximum,measurement,NA,preserved_specimen,adult,NA,NA,NA,NA,NA,NA,NA,NA,unknown/2014,NA,NA,Agrostis gigantea
320,SAH_2014,Agrostis gigantea,45,plant_height,1,m,species,maximum,measurement,NA,preserved_specimen,adult,NA,NA,NA,NA,NA,NA,NA,NA,unknown/1986,NA,NA,Agrostis gigantea
249,NHNSW_2014_2,Agrostis gigantea,319,plant_height,0.333,m,species,minimum,measurement,NA,preserved_specimen,adult,NA,NA,NA,NA,NA,NA,NA,NA,unknown/2014,NA,NA,Agrostis gigantea
252,NHNSW_2014_2,Allium vineale,358,plant_height,0.75,m,species,maximum,measurement,NA,preserved_specimen,adult,NA,NA,NA,NA,NA,NA,NA,NA,unknown/2014,NA,NA,Allium vineale
322,SAH_2014,Allium vineale,62,plant_height,0.8,m,species,maximum,measurement,NA,preserved_specimen,adult,NA,NA,NA,NA,NA,NA,NA,NA,unknown/1986,NA,NA,Allium vineale
251,NHNSW_2014_2,Allium vineale,358,plant_height,0.35,m,species,minimum,measurement,NA,preserved_specimen,adult,NA,NA,NA,NA,NA,NA,NA,NA,unknown/2014,NA,NA,Allium vineale
321,SAH_2014,Allium vineale,62,plant_height,0.3,m,species,minimum,measurement,NA,preserved_specimen,adult,NA,NA,NA,NA,NA,NA,NA,NA,unknown/1986,NA,NA,Allium vineale
243,Morgan_2011_1,Atriplex prostrata,73,plant_height,0.5,m,population,maximum,measurement,unknown,field,adult,1,NA,NA,NA,1,NA,NA,NA,2011/2011,NA,NA,Atriplex prostrata
254,NHNSW_2014_2,Atriplex prostrata,682,plant_height,0.8,m,species,maximum,measurement,NA,preserved_specimen,adult,NA,NA,NA,NA,NA,NA,NA,NA,unknown/2014,NA,NA,Atriplex prostrata
323,SAH_2014,Atriplex prostrata,228,plant_height,0.5,m,species,maximum,measurement,NA,preserved_specimen,adult,NA,NA,NA,NA,NA,NA,NA,NA,unknown/1986,NA,NA,Atriplex prostrata
253,NHNSW_2014_2,Atriplex prostrata,682,plant_height,0.267,m,species,minimum,measurement,NA,preserved_specimen,adult,NA,NA,NA,NA,NA,NA,NA,NA,unknown/2014,NA,NA,Atriplex prostrata
2,Catford_2014,Avena fatua,18,leaf_mass_per_area,54.03087478,g/m2,population,mean,measurement,17-Feb,field,adult,1,NA,NA,NA,1,NA,NA,NA,2012/2012,NA,NA,Avena fatua
318,OReillyNugent_2018,Avena fatua,86,plant_height,1.96,m,population,maximum,measurement,40,field,adult,1,NA,NA,NA,1,NA,NA,NA,NA,NA,NA,Avena fatua
3,Catford_2014,Avena fatua,19,plant_height,1.6,m,species,maximum,measurement,NA,field,adult,NA,NA,NA,NA,1,NA,NA,NA,2012/2012,NA,NA,Avena fatua
256,NHNSW_2014_2,Avena fatua,760,plant_height,1.6,m,species,maximum,measurement,NA,preserved_specimen,adult,NA,NA,NA,NA,NA,NA,NA,NA,unknown/2014,NA,NA,Avena fatua
255,NHNSW_2014_2,Avena fatua,760,plant_height,0.533,m,species,minimum,measurement,NA,preserved_specimen,adult,NA,NA,NA,NA,NA,NA,NA,NA,unknown/2014,NA,NA,Avena fatua
4,Catford_2014,Bromus catharticus,26,leaf_mass_per_area,69.63788301,g/m2,population,mean,measurement,17-Feb,field,adult,1,NA,NA,NA,1,NA,NA,NA,2012/2012,NA,NA,Bromus catharticus
258,NHNSW_2014_2,Bromus catharticus,1029,plant_height,1,m,species,maximum,measurement,NA,preserved_specimen,adult,NA,NA,NA,NA,NA,NA,NA,NA,unknown/2014,NA,NA,Bromus catharticus
257,NHNSW_2014_2,Bromus catharticus,1029,plant_height,0.333,m,species,minimum,measurement,NA,preserved_specimen,adult,NA,NA,NA,NA,NA,NA,NA,NA,unknown/2014,NA,NA,Bromus catharticus
66,Everingham_2020,Bulbine bulbosa,2301,leaf_mass_per_area,60.97662424,g/m2,individual,raw,measurement,1,lab,seedling,59,4,NA,NA,59,NA,NA,NA,12/10/80,NA,1,Bulbine bulbosa
67,Everingham_2020,Bulbine bulbosa,2303,leaf_mass_per_area,67.21676247,g/m2,individual,raw,measurement,1,lab,seedling,59,6,NA,NA,59,NA,NA,NA,12/10/80,NA,1,Bulbine bulbosa
68,Everingham_2020,Bulbine bulbosa,2304,leaf_mass_per_area,94.43867896,g/m2,individual,raw,measurement,1,lab,seedling,59,7,NA,NA,59,NA,NA,NA,12/10/80,NA,1,Bulbine bulbosa
69,Everingham_2020,Bulbine bulbosa,2306,leaf_mass_per_area,68.94948869,g/m2,individual,raw,measurement,1,lab,seedling,59,9,NA,NA,59,NA,NA,NA,12/10/80,NA,1,Bulbine bulbosa
70,Everingham_2020,Bulbine bulbosa,2309,leaf_mass_per_area,59.32513733,g/m2,individual,raw,measurement,1,lab,seedling,59,12,NA,NA,59,NA,NA,NA,12/10/80,NA,1,Bulbine bulbosa
71,Everingham_2020,Bulbine bulbosa,2311,leaf_mass_per_area,99.77011494,g/m2,individual,raw,measurement,1,lab,seedling,59,14,NA,NA,59,NA,NA,NA,12/10/80,NA,1,Bulbine bulbosa
72,Everingham_2020,Bulbine bulbosa,2312,leaf_mass_per_area,52.55210654,g/m2,individual,raw,measurement,1,lab,seedling,59,15,NA,NA,59,NA,NA,NA,12/10/80,NA,1,Bulbine bulbosa
73,Everingham_2020,Bulbine bulbosa,2313,leaf_mass_per_area,102.996176,g/m2,individual,raw,measurement,1,lab,seedling,59,16,NA,NA,59,NA,NA,NA,12/10/80,NA,1,Bulbine bulbosa
74,Everingham_2020,Bulbine bulbosa,2316,leaf_mass_per_area,90.29399152,g/m2,individual,raw,measurement,1,lab,seedling,59,19,NA,NA,59,NA,NA,NA,12/10/80,NA,1,Bulbine bulbosa
75,Everingham_2020,Bulbine bulbosa,2317,leaf_mass_per_area,76.360203,g/m2,individual,raw,measurement,1,lab,seedling,59,20,NA,NA,59,NA,NA,NA,12/10/80,NA,1,Bulbine bulbosa
76,Everingham_2020,Bulbine bulbosa,2319,leaf_mass_per_area,131.0536558,g/m2,individual,raw,measurement,1,lab,seedling,59,22,NA,NA,59,NA,NA,NA,12/10/80,NA,1,Bulbine bulbosa
77,Everingham_2020,Bulbine bulbosa,2322,leaf_mass_per_area,76.41102304,g/m2,individual,raw,measurement,1,lab,seedling,59,25,NA,NA,59,NA,NA,NA,12/10/80,NA,1,Bulbine bulbosa
78,Everingham_2020,Bulbine bulbosa,2325,leaf_mass_per_area,76.74679161,g/m2,individual,raw,measurement,1,lab,seedling,59,28,NA,NA,59,NA,NA,NA,12/10/80,NA,1,Bulbine bulbosa
79,Everingham_2020,Bulbine bulbosa,2326,leaf_mass_per_area,103.7159212,g/m2,individual,raw,measurement,1,lab,seedling,59,29,NA,NA,59,NA,NA,NA,12/10/80,NA,1,Bulbine bulbosa
80,Everingham_2020,Bulbine bulbosa,2327,leaf_mass_per_area,119.9585329,g/m2,individual,raw,measurement,1,lab,seedling,59,30,NA,NA,59,NA,NA,NA,12/10/80,NA,1,Bulbine bulbosa
81,Everingham_2020,Bulbine bulbosa,2328,leaf_mass_per_area,82.2129302,g/m2,individual,raw,measurement,1,lab,seedling,59,31,NA,NA,59,NA,NA,NA,12/10/80,NA,1,Bulbine bulbosa
82,Everingham_2020,Bulbine bulbosa,2330,leaf_mass_per_area,102.3171049,g/m2,individual,raw,measurement,1,lab,seedling,59,33,NA,NA,59,NA,NA,NA,12/10/80,NA,1,Bulbine bulbosa
83,Everingham_2020,Bulbine bulbosa,2348,leaf_mass_per_area,69.25207756,g/m2,individual,raw,measurement,1,lab,seedling,59,51,NA,NA,59,NA,NA,NA,12/10/80,NA,1,Bulbine bulbosa
84,Everingham_2020,Bulbine bulbosa,2349,leaf_mass_per_area,61.28386979,g/m2,individual,raw,measurement,1,lab,seedling,59,52,NA,NA,59,NA,NA,NA,12/10/80,NA,1,Bulbine bulbosa
85,Everingham_2020,Bulbine bulbosa,2351,leaf_mass_per_area,91.86168355,g/m2,individual,raw,measurement,1,lab,seedling,59,54,NA,NA,59,NA,NA,NA,12/10/80,NA,1,Bulbine bulbosa
86,Everingham_2020,Bulbine bulbosa,2410,leaf_mass_per_area,57.50286369,g/m2,individual,raw,measurement,1,lab,seedling,63,2,NA,NA,63,NA,NA,NA,12/1/16,NA,2,Bulbine bulbosa
87,Everingham_2020,Bulbine bulbosa,2411,leaf_mass_per_area,62.81922101,g/m2,individual,raw,measurement,1,lab,seedling,63,3,NA,NA,63,NA,NA,NA,12/1/16,NA,2,Bulbine bulbosa
88,Everingham_2020,Bulbine bulbosa,2412,leaf_mass_per_area,159.0979302,g/m2,individual,raw,measurement,1,lab,seedling,63,4,NA,NA,63,NA,NA,NA,12/1/16,NA,2,Bulbine bulbosa
89,Everingham_2020,Bulbine bulbosa,2415,leaf_mass_per_area,84.83086681,g/m2,individual,raw,measurement,1,lab,seedling,63,7,NA,NA,63,NA,NA,NA,12/1/16,NA,2,Bulbine bulbosa
90,Everingham_2020,Bulbine bulbosa,2418,leaf_mass_per_area,69.50988191,g/m2,individual,raw,measurement,1,lab,seedling,63,10,NA,NA,63,NA,NA,NA,12/1/16,NA,2,Bulbine bulbosa
91,Everingham_2020,Bulbine bulbosa,2421,leaf_mass_per_area,63.60104316,g/m2,individual,raw,measurement,1,lab,seedling,63,13,NA,NA,63,NA,NA,NA,12/1/16,NA,2,Bulbine bulbosa
92,Everingham_2020,Bulbine bulbosa,2422,leaf_mass_per_area,50.92169409,g/m2,individual,raw,measurement,1,lab,seedling,63,14,NA,NA,63,NA,NA,NA,12/1/16,NA,2,Bulbine bulbosa
93,Everingham_2020,Bulbine bulbosa,2427,leaf_mass_per_area,47.59184548,g/m2,individual,raw,measurement,1,lab,seedling,63,19,NA,NA,63,NA,NA,NA,12/1/16,NA,2,Bulbine bulbosa
94,Everingham_2020,Bulbine bulbosa,2430,leaf_mass_per_area,74.58762887,g/m2,individual,raw,measurement,1,lab,seedling,63,22,NA,NA,63,NA,NA,NA,12/1/16,NA,2,Bulbine bulbosa
95,Everingham_2020,Bulbine bulbosa,2432,leaf_mass_per_area,67.54957846,g/m2,individual,raw,measurement,1,lab,seedling,63,24,NA,NA,63,NA,NA,NA,12/1/16,NA,2,Bulbine bulbosa
96,Everingham_2020,Bulbine bulbosa,2433,leaf_mass_per_area,71.65293664,g/m2,individual,raw,measurement,1,lab,seedling,63,25,NA,NA,63,NA,NA,NA,12/1/16,NA,2,Bulbine bulbosa
97,Everingham_2020,Bulbine bulbosa,2434,leaf_mass_per_area,52.16874124,g/m2,individual,raw,measurement,1,lab,seedling,63,26,NA,NA,63,NA,NA,NA,12/1/16,NA,2,Bulbine bulbosa
98,Everingham_2020,Bulbine bulbosa,2438,leaf_mass_per_area,70.84042504,g/m2,individual,raw,measurement,1,lab,seedling,63,30,NA,NA,63,NA,NA,NA,12/1/16,NA,2,Bulbine bulbosa
99,Everingham_2020,Bulbine bulbosa,2439,leaf_mass_per_area,64.13915666,g/m2,individual,raw,measurement,1,lab,seedling,63,31,NA,NA,63,NA,NA,NA,12/1/16,NA,2,Bulbine bulbosa
100,Everingham_2020,Bulbine bulbosa,2442,leaf_mass_per_area,64.48805191,g/m2,individual,raw,measurement,1,lab,seedling,63,34,NA,NA,63,NA,NA,NA,12/1/16,NA,2,Bulbine bulbosa
101,Everingham_2020,Bulbine bulbosa,2443,leaf_mass_per_area,62.15119229,g/m2,individual,raw,measurement,1,lab,seedling,63,35,NA,NA,63,NA,NA,NA,12/1/16,NA,2,Bulbine bulbosa
102,Everingham_2020,Bulbine bulbosa,2444,leaf_mass_per_area,57.52524067,g/m2,individual,raw,measurement,1,lab,seedling,63,36,NA,NA,63,NA,NA,NA,12/1/16,NA,2,Bulbine bulbosa
103,Everingham_2020,Bulbine bulbosa,2445,leaf_mass_per_area,59.89950884,g/m2,individual,raw,measurement,1,lab,seedling,63,37,NA,NA,63,NA,NA,NA,12/1/16,NA,2,Bulbine bulbosa
104,Everingham_2020,Bulbine bulbosa,2446,leaf_mass_per_area,48.85467161,g/m2,individual,raw,measurement,1,lab,seedling,63,38,NA,NA,63,NA,NA,NA,12/1/16,NA,2,Bulbine bulbosa
1,Angevin_2011,Bulbine bulbosa,27,leaf_mass_per_area,66.08511763,g/m2,population,mean,measurement,10,field,adult,1,NA,NA,NA,1,NA,NA,NA,2010/2010,NA,NA,Bulbine bulbosa
8,Cross_2009,Bulbine bulbosa,13,leaf_mass_per_area,66.09385327,g/m2,population,mean,measurement,10,field,adult,1,NA,NA,NA,1,NA,NA,NA,2009/2009,NA,NA,Bulbine bulbosa
223,Meers_2007,Bulbine bulbosa,48,leaf_mass_per_area,102.3541453,g/m2,population,mean,measurement,5,field,adult,1,NA,NA,NA,1,NA,NA,NA,2004/2004,NA,NA,Bulbine bulbosa
9,Cross_2009,Bulbine bulbosa,13,plant_height,0.1328,m,population,maximum,measurement,10,field,adult,1,NA,NA,NA,1,NA,NA,NA,2009/2009,NA,NA,Bulbine bulbosa
244,Morgan_2011_1,Bulbine bulbosa,121,plant_height,0.5,m,population,maximum,measurement,unknown,field,adult,1,NA,NA,NA,1,NA,NA,NA,2011/2011,NA,NA,Bulbine bulbosa
211,Leishman_1992,Bulbine bulbosa,98,plant_height,0.4,m,species,maximum,measurement,NA,literature,adult,NA,NA,NA,NA,1,NA,NA,NA,1996/1996,NA,NA,Bulbine bulbosa
224,Meers_2007,Bulbine bulbosa,49,plant_height,0.36,m,species,maximum,measurement,NA,field,adult,NA,NA,NA,NA,1,NA,NA,NA,2004/2004,NA,NA,Bulbine bulbosa
240,Mokany_2015,Bulbine bulbosa,185,plant_height,0.3,m,species,maximum,measurement,NA,literature,adult,NA,NA,NA,NA,NA,NA,NA,NA,2015/2015,NA,NA,Bulbine bulbosa
260,NHNSW_2014_2,Bulbine bulbosa,1053,plant_height,0.75,m,species,maximum,measurement,NA,preserved_specimen,adult,NA,NA,NA,NA,NA,NA,NA,NA,unknown/2014,NA,NA,Bulbine bulbosa
325,SAH_2014,Bulbine bulbosa,371,plant_height,0.5,m,species,maximum,measurement,NA,preserved_specimen,adult,NA,NA,NA,NA,NA,NA,NA,NA,unknown/1986,NA,NA,Bulbine bulbosa
259,NHNSW_2014_2,Bulbine bulbosa,1053,plant_height,0.27,m,species,minimum,measurement,NA,preserved_specimen,adult,NA,NA,NA,NA,NA,NA,NA,NA,unknown/2014,NA,NA,Bulbine bulbosa
324,SAH_2014,Bulbine bulbosa,371,plant_height,0.2,m,species,minimum,measurement,NA,preserved_specimen,adult,NA,NA,NA,NA,NA,NA,NA,NA,unknown/1986,NA,NA,Bulbine bulbosa
262,NHNSW_2014_2,Calotis cymbacantha,1200,plant_height,0.4,m,species,maximum,measurement,NA,preserved_specimen,adult,NA,NA,NA,NA,NA,NA,NA,NA,unknown/2014,NA,NA,Calotis cymbacantha
327,SAH_2014,Calotis cymbacantha,454,plant_height,0.4,m,species,maximum,measurement,NA,preserved_specimen,adult,NA,NA,NA,NA,NA,NA,NA,NA,unknown/1986,NA,NA,Calotis cymbacantha
261,NHNSW_2014_2,Calotis cymbacantha,1200,plant_height,0.133,m,species,minimum,measurement,NA,preserved_specimen,adult,NA,NA,NA,NA,NA,NA,NA,NA,unknown/2014,NA,NA,Calotis cymbacantha
326,SAH_2014,Calotis cymbacantha,454,plant_height,0.1,m,species,minimum,measurement,NA,preserved_specimen,adult,NA,NA,NA,NA,NA,NA,NA,NA,unknown/1986,NA,NA,Calotis cymbacantha
264,NHNSW_2014_2,Calotis porphyroglossa,1210,plant_height,0.4,m,species,maximum,measurement,NA,preserved_specimen,adult,NA,NA,NA,NA,NA,NA,NA,NA,unknown/2014,NA,NA,Calotis porphyroglossa
328,SAH_2014,Calotis porphyroglossa,462,plant_height,0.4,m,species,maximum,measurement,NA,preserved_specimen,adult,NA,NA,NA,NA,NA,NA,NA,NA,unknown/1986,NA,NA,Calotis porphyroglossa
372,WAH_1998,Calotis porphyroglossa,992,plant_height,0.4,m,species,maximum,measurement,NA,preserved_specimen,adult,NA,NA,NA,NA,NA,NA,NA,NA,unknown/1998,NA,NA,Calotis porphyroglossa
263,NHNSW_2014_2,Calotis porphyroglossa,1210,plant_height,0.133,m,species,minimum,measurement,NA,preserved_specimen,adult,NA,NA,NA,NA,NA,NA,NA,NA,unknown/2014,NA,NA,Calotis porphyroglossa
266,NHNSW_2014_2,Carduus nutans,1255,plant_height,0.7,m,species,maximum,measurement,NA,preserved_specimen,adult,NA,NA,NA,NA,NA,NA,NA,NA,unknown/2014,NA,NA,Carduus nutans
329,SAH_2014,Carduus nutans,476,plant_height,0.7,m,species,maximum,measurement,NA,preserved_specimen,adult,NA,NA,NA,NA,NA,NA,NA,NA,unknown/1986,NA,NA,Carduus nutans
265,NHNSW_2014_2,Carduus nutans,1255,plant_height,0.233,m,species,minimum,measurement,NA,preserved_specimen,adult,NA,NA,NA,NA,NA,NA,NA,NA,unknown/2014,NA,NA,Carduus nutans
225,Metcalfe_2009,Centella asiatica,103,plant_height,0.1,m,population,maximum,measurement,NA,field,adult,4,NA,NA,NA,4,NA,NA,NA,2005/2005,NA,NA,Centella asiatica
200,Hughes_1992,Centella asiatica,129,plant_height,0.1,m,species,maximum,measurement,NA,literature,adult,NA,NA,NA,NA,NA,NA,NA,NA,1992/1992,NA,NA,Centella asiatica
373,WAH_1998,Centella asiatica,1109,plant_height,0.4,m,species,maximum,measurement,NA,preserved_specimen,adult,NA,NA,NA,NA,NA,NA,NA,NA,unknown/1998,NA,NA,Centella asiatica
388,Wheeler_2002,Centella asiatica,311,plant_height,0.16,m,species,maximum,measurement,NA,preserved_specimen,adult,NA,NA,NA,NA,NA,NA,NA,NA,2014/2014,NA,NA,Centella asiatica
270,NHNSW_2014_2,Conium maculatum,1553,plant_height,2.5,m,species,maximum,measurement,NA,preserved_specimen,adult,NA,NA,NA,NA,NA,NA,NA,NA,unknown/2014,NA,NA,Conium maculatum
333,SAH_2014,Conium maculatum,613,plant_height,2.5,m,species,maximum,measurement,NA,preserved_specimen,adult,NA,NA,NA,NA,NA,NA,NA,NA,unknown/1986,NA,NA,Conium maculatum
269,NHNSW_2014_2,Conium maculatum,1553,plant_height,1,m,species,minimum,measurement,NA,preserved_specimen,adult,NA,NA,NA,NA,NA,NA,NA,NA,unknown/2014,NA,NA,Conium maculatum
332,SAH_2014,Conium maculatum,613,plant_height,1,m,species,minimum,measurement,NA,preserved_specimen,adult,NA,NA,NA,NA,NA,NA,NA,NA,unknown/1986,NA,NA,Conium maculatum
245,Morgan_2011_1,Cotula australis,182,plant_height,0.1,m,population,maximum,measurement,unknown,field,adult,1,NA,NA,NA,1,NA,NA,NA,2011/2011,NA,NA,Cotula australis
201,Hughes_1992,Cotula australis,151,plant_height,0.1,0.144,species,maximum,measurement,NA,literature,adult,NA,NA,NA,NA,NA,NA,NA,NA,1992/1992,NA,NA,Cotula australis
241,Mokany_2015,Cotula australis,309,plant_height,0.1,m,species,maximum,measurement,NA,literature,adult,NA,NA,NA,NA,NA,NA,NA,NA,2015/2015,NA,NA,Cotula australis
334,SAH_2014,Cotula australis,644,plant_height,0.12,m,species,maximum,measurement,NA,preserved_specimen,adult,NA,NA,NA,NA,NA,NA,NA,NA,unknown/1986,NA,NA,Cotula australis
374,WAH_1998,Cotula australis,1401,plant_height,0.2,m,species,maximum,measurement,NA,preserved_specimen,adult,NA,NA,NA,NA,NA,NA,NA,NA,unknown/1998,NA,NA,Cotula australis
389,Wheeler_2002,Cotula australis,384,plant_height,0.2,m,species,maximum,measurement,NA,preserved_specimen,adult,NA,NA,NA,NA,NA,NA,NA,NA,2014/2014,NA,NA,Cotula australis
34,Dwyer_2017,Crassula colorata,208,leaf_mass_per_area,23.57519368,g/m2,population,23.67200271,measurement,unknown,field,adult,1,NA,NA,NA,1,NA,NA,NA,2011,NA,NA,Crassula colorata
36,Dwyer_2017,Crassula colorata,209,leaf_mass_per_area,23.25328313,g/m2,population,0.042243997,measurement,unknown,field,adult,2,NA,NA,NA,2,NA,NA,NA,2011,NA,NA,Crassula colorata
38,Dwyer_2017,Crassula colorata,210,leaf_mass_per_area,23.57519368,g/m2,population,mean,measurement,unknown,field,adult,3,NA,NA,NA,3,NA,NA,NA,2011,NA,NA,Crassula colorata
40,Dwyer_2017,Crassula colorata,211,leaf_mass_per_area,23.57519368,g/m2,population,mean,measurement,unknown,field,adult,4,NA,NA,NA,4,NA,NA,NA,2011,NA,NA,Crassula colorata
42,Dwyer_2017,Crassula colorata,212,leaf_mass_per_area,23.57519368,g/m2,population,mean,measurement,unknown,field,adult,5,NA,NA,NA,5,NA,NA,NA,2011,NA,NA,Crassula colorata
44,Dwyer_2017,Crassula colorata,213,leaf_mass_per_area,24.13728108,g/m2,population,mean,measurement,unknown,field,adult,6,NA,NA,NA,6,NA,NA,NA,2011,NA,NA,Crassula colorata
46,Dwyer_2017,Crassula colorata,214,leaf_mass_per_area,23.57519368,g/m2,population,mean,measurement,unknown,field,adult,7,NA,NA,NA,7,NA,NA,NA,2011,NA,NA,Crassula colorata
48,Dwyer_2017,Crassula colorata,215,leaf_mass_per_area,23.61214929,g/m2,population,mean,measurement,unknown,field,adult,8,NA,NA,NA,8,NA,NA,NA,2011,NA,NA,Crassula colorata
50,Dwyer_2017,Crassula colorata,216,leaf_mass_per_area,23.57519368,g/m2,population,mean,measurement,unknown,field,adult,9,NA,NA,NA,9,NA,NA,NA,2011,NA,NA,Crassula colorata
52,Dwyer_2017,Crassula colorata,217,leaf_mass_per_area,23.64372053,g/m2,population,mean,measurement,unknown,field,adult,10,NA,NA,NA,10,NA,NA,NA,2011,NA,NA,Crassula colorata
54,Dwyer_2017,Crassula colorata,218,leaf_mass_per_area,24.12609436,g/m2,population,mean,measurement,unknown,field,adult,11,NA,NA,NA,11,NA,NA,NA,2011,NA,NA,Crassula colorata
56,Dwyer_2017,Crassula colorata,219,leaf_mass_per_area,23.84034199,g/m2,population,mean,measurement,unknown,field,adult,12,NA,NA,NA,12,NA,NA,NA,2011,NA,NA,Crassula colorata
35,Dwyer_2017,Crassula colorata,208,plant_height,0.090186467,m,population,maximum,measurement,17,field,adult,1,NA,NA,NA,1,NA,NA,NA,2011,NA,NA,Crassula colorata
37,Dwyer_2017,Crassula colorata,209,plant_height,0.035,m,population,maximum,measurement,312,field,adult,2,NA,NA,NA,2,NA,NA,NA,2011,NA,NA,Crassula colorata
39,Dwyer_2017,Crassula colorata,210,plant_height,0.041222403,m,population,maximum,measurement,1183,field,adult,3,NA,NA,NA,3,NA,NA,NA,2011,NA,NA,Crassula colorata
41,Dwyer_2017,Crassula colorata,211,plant_height,0.051385964,m,population,maximum,measurement,56,field,adult,4,NA,NA,NA,4,NA,NA,NA,2011,NA,NA,Crassula colorata
43,Dwyer_2017,Crassula colorata,212,plant_height,0.032702333,m,population,maximum,measurement,103,field,adult,5,NA,NA,NA,5,NA,NA,NA,2011,NA,NA,Crassula colorata
45,Dwyer_2017,Crassula colorata,213,plant_height,0.090186467,m,population,maximum,measurement,105,field,adult,6,NA,NA,NA,6,NA,NA,NA,2011,NA,NA,Crassula colorata
47,Dwyer_2017,Crassula colorata,214,plant_height,0.03539831,m,population,maximum,measurement,862,field,adult,7,NA,NA,NA,7,NA,NA,NA,2011,NA,NA,Crassula colorata
49,Dwyer_2017,Crassula colorata,215,plant_height,0.050499948,m,population,maximum,measurement,53,field,adult,8,NA,NA,NA,8,NA,NA,NA,2011,NA,NA,Crassula colorata
51,Dwyer_2017,Crassula colorata,216,plant_height,0.07,m,population,maximum,measurement,386,field,adult,9,NA,NA,NA,9,NA,NA,NA,2011,NA,NA,Crassula colorata
53,Dwyer_2017,Crassula colorata,217,plant_height,0.075,m,population,maximum,measurement,577,field,adult,10,NA,NA,NA,10,NA,NA,NA,2011,NA,NA,Crassula colorata
55,Dwyer_2017,Crassula colorata,218,plant_height,0.071397753,m,population,maximum,measurement,80,field,adult,11,NA,NA,NA,11,NA,NA,NA,2011,NA,NA,Crassula colorata
57,Dwyer_2017,Crassula colorata,219,plant_height,0.101961883,m,population,maximum,measurement,555,field,adult,12,NA,NA,NA,12,NA,NA,NA,2011,NA,NA,Crassula colorata
212,Leishman_1992,Crassula colorata,170,plant_height,0.1,m,species,maximum,measurement,NA,literature,adult,NA,NA,NA,NA,1,NA,NA,NA,1996/1996,NA,NA,Crassula colorata
272,NHNSW_2014_2,Crassula colorata,1647,plant_height,0.15,m,species,maximum,measurement,NA,preserved_specimen,adult,NA,NA,NA,NA,NA,NA,NA,NA,unknown/2014,NA,NA,Crassula colorata
375,WAH_1998,Crassula colorata,1407,plant_height,0.15,m,species,maximum,measurement,NA,preserved_specimen,adult,NA,NA,NA,NA,NA,NA,NA,NA,unknown/1998,NA,NA,Crassula colorata
390,Wheeler_2002,Crassula colorata,389,plant_height,0.15,m,species,maximum,measurement,NA,preserved_specimen,adult,NA,NA,NA,NA,NA,NA,NA,NA,2014/2014,NA,NA,Crassula colorata
271,NHNSW_2014_2,Crassula colorata,1647,plant_height,0.05,m,species,minimum,measurement,NA,preserved_specimen,adult,NA,NA,NA,NA,NA,NA,NA,NA,unknown/2014,NA,NA,Crassula colorata
228,Mokany_2008,Crassula sieberiana,120,leaf_mass_per_area,25.78582295,g/m2,individual,raw,measurement,1,field,adult,2,1,NA,NA,2,NA,NA,NA,9/20/05,NA,NA,Crassula sieberiana
230,Mokany_2008,Crassula sieberiana,121,leaf_mass_per_area,18.85156279,g/m2,individual,raw,measurement,1,field,adult,2,2,NA,NA,2,NA,NA,NA,9/20/05,NA,NA,Crassula sieberiana
232,Mokany_2008,Crassula sieberiana,122,leaf_mass_per_area,46.89111882,g/m2,individual,raw,measurement,1,field,adult,2,3,NA,NA,2,NA,NA,NA,9/21/05,NA,NA,Crassula sieberiana
221,Lunt_2012,Crassula sieberiana,64,leaf_mass_per_area,15.06931887,g/m2,population,mean,measurement,unknown,field,adult,1,NA,NA,NA,1,NA,NA,NA,1990/2012,NA,NA,Crassula sieberiana
246,Morgan_2011_1,Crassula sieberiana,196,plant_height,0.1,m,population,maximum,measurement,unknown,field,adult,1,NA,NA,NA,1,NA,NA,NA,2011/2011,NA,NA,Crassula sieberiana s.l.
242,Mokany_2015,Crassula sieberiana,317,plant_height,0.2,m,species,maximum,measurement,NA,literature,adult,NA,NA,NA,NA,NA,NA,NA,NA,2015/2015,NA,NA,Crassula sieberiana
391,Wheeler_2002,Crassula sieberiana,393,plant_height,0.1,m,species,maximum,measurement,NA,preserved_specimen,adult,NA,NA,NA,NA,NA,NA,NA,NA,2014/2014,NA,NA,Crassula sieberiana
229,Mokany_2008,Crassula sieberiana,120,root_diameter,0.37,mm,individual,maximum,0.353333333,1,field,adult,2,1,NA,NA,2,NA,NA,NA,9/20/05,NA,NA,Crassula sieberiana
231,Mokany_2008,Crassula sieberiana,121,root_diameter,0.31,mm,individual,maximum,measurement,1,field,adult,2,2,NA,NA,2,NA,NA,NA,9/20/05,NA,NA,Crassula sieberiana
233,Mokany_2008,Crassula sieberiana,122,root_diameter,0.38,mm,individual,maximum,measurement,1,field,adult,2,3,NA,NA,2,NA,NA,NA,9/21/05,NA,NA,Crassula sieberiana
192,Fonseca_2000,Cuphonotus humistratus,414,leaf_mass_per_area,99.00990099,g/m2,population,mean,measurement,5,field,adult,21,NA,NA,NA,21,NA,NA,NA,1996/1997,NA,NA,Cuphonotus humistratus
274,NHNSW_2014_2,Cuphonotus humistratus,1742,plant_height,0.25,m,species,maximum,measurement,NA,preserved_specimen,adult,NA,NA,NA,NA,NA,NA,NA,NA,unknown/2014,NA,NA,Cuphonotus humistratus
335,SAH_2014,Cuphonotus humistratus,688,plant_height,0.25,m,species,maximum,measurement,NA,preserved_specimen,adult,NA,NA,NA,NA,NA,NA,NA,NA,unknown/1986,NA,NA,Cuphonotus humistratus
376,WAH_1998,Cuphonotus humistratus,1468,plant_height,0.25,m,species,maximum,measurement,NA,preserved_specimen,adult,NA,NA,NA,NA,NA,NA,NA,NA,unknown/1998,NA,NA,Cuphonotus humistratus
273,NHNSW_2014_2,Cuphonotus humistratus,1742,plant_height,0.083,m,species,minimum,measurement,NA,preserved_specimen,adult,NA,NA,NA,NA,NA,NA,NA,NA,unknown/2014,NA,NA,Cuphonotus humistratus
268,NHNSW_2014_2,Cyclospermum leptophyllum,1494,plant_height,0.7,m,species,maximum,measurement,NA,preserved_specimen,adult,NA,NA,NA,NA,NA,NA,NA,NA,unknown/2014,NA,NA,Ciclospermum leptophyllum
331,SAH_2014,Cyclospermum leptophyllum,593,plant_height,0.7,m,species,maximum,measurement,NA,preserved_specimen,adult,NA,NA,NA,NA,NA,NA,NA,NA,unknown/1986,NA,NA,Ciclospermum leptophyllum
267,NHNSW_2014_2,Cyclospermum leptophyllum,1494,plant_height,0.15,m,species,minimum,measurement,NA,preserved_specimen,adult,NA,NA,NA,NA,NA,NA,NA,NA,unknown/2014,NA,NA,Ciclospermum leptophyllum
330,SAH_2014,Cyclospermum leptophyllum,593,plant_height,0.3,m,species,minimum,measurement,NA,preserved_specimen,adult,NA,NA,NA,NA,NA,NA,NA,NA,unknown/1986,NA,NA,Ciclospermum leptophyllum
276,NHNSW_2014_2,Digitaria violascens,2057,plant_height,0.6,m,species,maximum,measurement,NA,preserved_specimen,adult,NA,NA,NA,NA,NA,NA,NA,NA,unknown/2014,NA,NA,Digitaria violascens
275,NHNSW_2014_2,Digitaria violascens,2057,plant_height,0.2,m,species,minimum,measurement,NA,preserved_specimen,adult,NA,NA,NA,NA,NA,NA,NA,NA,unknown/2014,NA,NA,Digitaria violascens
5,Cooper_2013,Elephantopus mollis,1068,plant_height,1.5,m,species,maximum,measurement,NA,literature,adult,NA,NA,1,NA,NA,NA,NA,NA,unknown/2013,NA,NA,Elephantopus mollis
112,Firn_2019,Erodium botrys,171,leaf_mass_per_area,49.81008438,g/m2,population,mean,81.14030593,5,field_experiment,adult,112,NA,NA,NA,4,NA,22,6,2011,NA,NA,Erodium botrys
114,Firn_2019,Erodium botrys,172,leaf_mass_per_area,154.1688864,g/m2,population,mean,0.012324331,5,field_experiment,adult,114,NA,NA,NA,4,NA,24,6,2011,NA,NA,Erodium botrys
116,Firn_2019,Erodium botrys,173,leaf_mass_per_area,56.86759294,g/m2,population,mean,measurement,5,field_experiment,adult,115,NA,NA,NA,4,NA,25,7,2011,NA,NA,Erodium botrys
118,Firn_2019,Erodium botrys,174,leaf_mass_per_area,173.0183672,g/m2,population,mean,measurement,5,field_experiment,adult,118,NA,NA,NA,4,NA,28,7,2011,NA,NA,Erodium botrys
120,Firn_2019,Erodium botrys,175,leaf_mass_per_area,31.5700688,g/m2,population,mean,measurement,5,field_experiment,adult,119,NA,NA,NA,4,NA,29,8,2011,NA,NA,Erodium botrys
123,Firn_2019,Erodium botrys,177,leaf_mass_per_area,37.70913538,g/m2,population,mean,measurement,5,field_experiment,adult,121,NA,NA,NA,4,NA,31,8,2011,NA,NA,Erodium botrys
125,Firn_2019,Erodium botrys,178,leaf_mass_per_area,123.3588307,g/m2,population,mean,measurement,5,field_experiment,adult,122,NA,NA,NA,4,NA,32,8,2011,NA,NA,Erodium botrys
127,Firn_2019,Erodium botrys,179,leaf_mass_per_area,98.70171739,g/m2,population,mean,measurement,5,field_experiment,adult,123,NA,NA,NA,4,NA,33,9,2011,NA,NA,Erodium botrys
129,Firn_2019,Erodium botrys,180,leaf_mass_per_area,68.58109946,g/m2,population,mean,measurement,5,field_experiment,adult,124,NA,NA,NA,4,NA,34,9,2011,NA,NA,Erodium botrys
131,Firn_2019,Erodium botrys,181,leaf_mass_per_area,91.92186285,g/m2,population,mean,measurement,5,field_experiment,adult,125,NA,NA,NA,4,NA,35,9,2011,NA,NA,Erodium botrys
134,Firn_2019,Erodium botrys,183,leaf_mass_per_area,55.37716479,g/m2,population,mean,measurement,5,field_experiment,adult,127,NA,NA,NA,4,NA,37,10,2011,NA,NA,Erodium botrys
136,Firn_2019,Erodium botrys,184,leaf_mass_per_area,61.17067869,g/m2,population,mean,measurement,5,field_experiment,adult,128,NA,NA,NA,4,NA,38,10,2011,NA,NA,Erodium botrys
138,Firn_2019,Erodium botrys,185,leaf_mass_per_area,52.56848807,g/m2,population,mean,measurement,5,field_experiment,adult,129,NA,NA,NA,4,NA,39,10,2011,NA,NA,Erodium botrys
113,Firn_2019,Erodium botrys,171,leaf_N_per_dry_mass,64.80222791,mg/g,population,mean,measurement,5,field_experiment,adult,112,NA,NA,NA,4,NA,22,6,2011,NA,NA,Erodium botrys
115,Firn_2019,Erodium botrys,172,leaf_N_per_dry_mass,39.02532686,mg/g,population,mean,measurement,5,field_experiment,adult,114,NA,NA,NA,4,NA,24,6,2011,NA,NA,Erodium botrys
117,Firn_2019,Erodium botrys,173,leaf_N_per_dry_mass,60.84062685,mg/g,population,mean,measurement,5,field_experiment,adult,115,NA,NA,NA,4,NA,25,7,2011,NA,NA,Erodium botrys
119,Firn_2019,Erodium botrys,174,leaf_N_per_dry_mass,25.45450446,mg/g,population,mean,measurement,5,field_experiment,adult,118,NA,NA,NA,4,NA,28,7,2011,NA,NA,Erodium botrys
121,Firn_2019,Erodium botrys,175,leaf_N_per_dry_mass,41.21410845,mg/g,population,mean,measurement,5,field_experiment,adult,119,NA,NA,NA,4,NA,29,8,2011,NA,NA,Erodium botrys
122,Firn_2019,Erodium botrys,176,leaf_N_per_dry_mass,57.0904895,mg/g,population,mean,measurement,5,field_experiment,adult,120,NA,NA,NA,4,NA,30,8,2011,NA,NA,Erodium botrys
124,Firn_2019,Erodium botrys,177,leaf_N_per_dry_mass,54.14201315,mg/g,population,mean,measurement,5,field_experiment,adult,121,NA,NA,NA,4,NA,31,8,2011,NA,NA,Erodium botrys
126,Firn_2019,Erodium botrys,178,leaf_N_per_dry_mass,29.45123541,mg/g,population,mean,measurement,5,field_experiment,adult,122,NA,NA,NA,4,NA,32,8,2011,NA,NA,Erodium botrys
128,Firn_2019,Erodium botrys,179,leaf_N_per_dry_mass,32.10670424,mg/g,population,mean,measurement,5,field_experiment,adult,123,NA,NA,NA,4,NA,33,9,2011,NA,NA,Erodium botrys
130,Firn_2019,Erodium botrys,180,leaf_N_per_dry_mass,47.09017846,mg/g,population,mean,measurement,5,field_experiment,adult,124,NA,NA,NA,4,NA,34,9,2011,NA,NA,Erodium botrys
132,Firn_2019,Erodium botrys,181,leaf_N_per_dry_mass,34.82034593,mg/g,population,mean,measurement,5,field_experiment,adult,125,NA,NA,NA,4,NA,35,9,2011,NA,NA,Erodium botrys
133,Firn_2019,Erodium botrys,182,leaf_N_per_dry_mass,25.60333148,mg/g,population,mean,measurement,5,field_experiment,adult,126,NA,NA,NA,4,NA,36,9,2011,NA,NA,Erodium botrys
135,Firn_2019,Erodium botrys,183,leaf_N_per_dry_mass,42.99057774,mg/g,population,mean,measurement,5,field_experiment,adult,127,NA,NA,NA,4,NA,37,10,2011,NA,NA,Erodium botrys
137,Firn_2019,Erodium botrys,184,leaf_N_per_dry_mass,57.60897233,mg/g,population,mean,measurement,5,field_experiment,adult,128,NA,NA,NA,4,NA,38,10,2011,NA,NA,Erodium botrys
139,Firn_2019,Erodium botrys,185,leaf_N_per_dry_mass,56.67023174,mg/g,population,mean,measurement,5,field_experiment,adult,129,NA,NA,NA,4,NA,39,10,2011,NA,NA,Erodium botrys
140,Firn_2019,Erodium botrys,186,leaf_N_per_dry_mass,11.31095624,mg/g,population,mean,measurement,5,field_experiment,adult,130,NA,NA,NA,4,NA,40,10,2011,NA,NA,Erodium botrys
278,NHNSW_2014_2,Erodium botrys,2437,plant_height,0.4,m,species,maximum,measurement,NA,preserved_specimen,adult,NA,NA,NA,NA,NA,NA,NA,NA,unknown/2014,NA,NA,Erodium botrys
336,SAH_2014,Erodium botrys,1002,plant_height,0.4,m,species,maximum,measurement,NA,preserved_specimen,adult,NA,NA,NA,NA,NA,NA,NA,NA,unknown/1986,NA,NA,Erodium botrys
277,NHNSW_2014_2,Erodium botrys,2437,plant_height,0.133,m,species,minimum,measurement,NA,preserved_specimen,adult,NA,NA,NA,NA,NA,NA,NA,NA,unknown/2014,NA,NA,Erodium botrys
10,Curtis_2012,Erodium crinitum,83,leaf_mass_per_area,110.8640857,g/m2,population,mean,measurement,5,field,adult,4,NA,NA,NA,4,NA,NA,NA,2010/2010,NA,NA,Erodium crinitum
203,Jurado_1991,Erodium crinitum,228,plant_height,0.9,m,species,maximum,measurement,NA,field,adult,NA,NA,NA,NA,1,NA,NA,NA,1987/1989,NA,NA,Erodium crinitum
213,Leishman_1992,Erodium crinitum,252,plant_height,0.9,m,species,maximum,measurement,NA,literature,adult,NA,NA,NA,NA,1,NA,NA,NA,1996/1996,NA,NA,Erodium crinitum
280,NHNSW_2014_2,Erodium crinitum,2440,plant_height,0.5,m,species,maximum,measurement,NA,preserved_specimen,adult,NA,NA,NA,NA,NA,NA,NA,NA,unknown/2014,NA,NA,Erodium crinitum
377,WAH_1998,Erodium crinitum,2237,plant_height,0.5,m,species,maximum,measurement,NA,preserved_specimen,adult,NA,NA,NA,NA,NA,NA,NA,NA,unknown/1998,NA,NA,Erodium crinitum
394,Williams_2011,Erodium crinitum,474,plant_height,0.8,m,species,maximum,measurement,NA,field,adult,NA,NA,NA,NA,3,NA,NA,NA,2011/2013,NA,NA,Erodium crinitum
279,NHNSW_2014_2,Erodium crinitum,2440,plant_height,0.167,m,species,minimum,measurement,NA,preserved_specimen,adult,NA,NA,NA,NA,NA,NA,NA,NA,unknown/2014,NA,NA,Erodium crinitum
141,Firn_2019,Fimbristylis dichotoma,195,leaf_mass_per_area,194.0025469,g/m2,population,mean,168.13602,5,field_experiment,adult,31,NA,NA,NA,2,NA,1,1,2011,NA,NA,Fimbristylis dichotoma
143,Firn_2019,Fimbristylis dichotoma,196,leaf_mass_per_area,178.4886754,g/m2,population,mean,0.005947566,5,field_experiment,adult,32,NA,NA,NA,2,NA,2,1,2011,NA,NA,Fimbristylis dichotoma
145,Firn_2019,Fimbristylis dichotoma,197,leaf_mass_per_area,170.5719592,g/m2,population,mean,measurement,5,field_experiment,adult,33,NA,NA,NA,2,NA,3,1,2011,NA,NA,Fimbristylis dichotoma
147,Firn_2019,Fimbristylis dichotoma,198,leaf_mass_per_area,178.0762714,g/m2,population,mean,measurement,5,field_experiment,adult,34,NA,NA,NA,2,NA,5,2,2011,NA,NA,Fimbristylis dichotoma
149,Firn_2019,Fimbristylis dichotoma,199,leaf_mass_per_area,176.03722,g/m2,population,mean,measurement,5,field_experiment,adult,37,NA,NA,NA,2,NA,9,3,2011,NA,NA,Fimbristylis dichotoma
151,Firn_2019,Fimbristylis dichotoma,200,leaf_mass_per_area,121.479429,g/m2,population,mean,measurement,5,field_experiment,adult,38,NA,NA,NA,2,NA,10,3,2011,NA,NA,Fimbristylis dichotoma
153,Firn_2019,Fimbristylis dichotoma,201,leaf_mass_per_area,221.4479208,g/m2,population,mean,measurement,5,field_experiment,adult,39,NA,NA,NA,2,NA,11,3,2011,NA,NA,Fimbristylis dichotoma
155,Firn_2019,Fimbristylis dichotoma,202,leaf_mass_per_area,136.3686525,g/m2,population,mean,measurement,5,field_experiment,adult,40,NA,NA,NA,2,NA,13,4,2011,NA,NA,Fimbristylis dichotoma
157,Firn_2019,Fimbristylis dichotoma,203,leaf_mass_per_area,171.4561459,g/m2,population,mean,measurement,5,field_experiment,adult,41,NA,NA,NA,2,NA,14,4,2011,NA,NA,Fimbristylis dichotoma
159,Firn_2019,Fimbristylis dichotoma,204,leaf_mass_per_area,198.90428,g/m2,population,mean,measurement,5,field_experiment,adult,42,NA,NA,NA,2,NA,15,4,2011,NA,NA,Fimbristylis dichotoma
161,Firn_2019,Fimbristylis dichotoma,205,leaf_mass_per_area,184.5061412,g/m2,population,mean,measurement,5,field_experiment,adult,43,NA,NA,NA,2,NA,17,5,2011,NA,NA,Fimbristylis dichotoma
163,Firn_2019,Fimbristylis dichotoma,206,leaf_mass_per_area,190.6448678,g/m2,population,mean,measurement,5,field_experiment,adult,44,NA,NA,NA,2,NA,18,5,2011,NA,NA,Fimbristylis dichotoma
165,Firn_2019,Fimbristylis dichotoma,207,leaf_mass_per_area,189.521018,g/m2,population,mean,measurement,5,field_experiment,adult,45,NA,NA,NA,2,NA,19,5,2011,NA,NA,Fimbristylis dichotoma
167,Firn_2019,Fimbristylis dichotoma,208,leaf_mass_per_area,172.8973594,g/m2,population,mean,measurement,5,field_experiment,adult,46,NA,NA,NA,2,NA,21,6,2011,NA,NA,Fimbristylis dichotoma
169,Firn_2019,Fimbristylis dichotoma,209,leaf_mass_per_area,184.3279788,g/m2,population,mean,measurement,5,field_experiment,adult,47,NA,NA,NA,2,NA,22,6,2011,NA,NA,Fimbristylis dichotoma
171,Firn_2019,Fimbristylis dichotoma,210,leaf_mass_per_area,156.8169528,g/m2,population,mean,measurement,5,field_experiment,adult,48,NA,NA,NA,2,NA,23,6,2011,NA,NA,Fimbristylis dichotoma
173,Firn_2019,Fimbristylis dichotoma,211,leaf_mass_per_area,191.8938878,g/m2,population,mean,measurement,5,field_experiment,adult,49,NA,NA,NA,2,NA,25,7,2011,NA,NA,Fimbristylis dichotoma
175,Firn_2019,Fimbristylis dichotoma,212,leaf_mass_per_area,116.2442899,g/m2,population,mean,measurement,5,field_experiment,adult,50,NA,NA,NA,2,NA,26,7,2011,NA,NA,Fimbristylis dichotoma
177,Firn_2019,Fimbristylis dichotoma,213,leaf_mass_per_area,203.9088728,g/m2,population,mean,measurement,5,field_experiment,adult,51,NA,NA,NA,2,NA,27,7,2011,NA,NA,Fimbristylis dichotoma
179,Firn_2019,Fimbristylis dichotoma,214,leaf_mass_per_area,178.1308329,g/m2,population,mean,measurement,5,field_experiment,adult,55,NA,NA,NA,2,NA,33,9,2011,NA,NA,Fimbristylis dichotoma
181,Firn_2019,Fimbristylis dichotoma,215,leaf_mass_per_area,114.6038225,g/m2,population,mean,measurement,5,field_experiment,adult,56,NA,NA,NA,2,NA,34,9,2011,NA,NA,Fimbristylis dichotoma
183,Firn_2019,Fimbristylis dichotoma,216,leaf_mass_per_area,169.083377,g/m2,population,mean,measurement,5,field_experiment,adult,57,NA,NA,NA,2,NA,35,9,2011,NA,NA,Fimbristylis dichotoma
185,Firn_2019,Fimbristylis dichotoma,217,leaf_mass_per_area,187.2458393,g/m2,population,mean,measurement,5,field_experiment,adult,58,NA,NA,NA,2,NA,37,10,2011,NA,NA,Fimbristylis dichotoma
187,Firn_2019,Fimbristylis dichotoma,218,leaf_mass_per_area,42.38790614,g/m2,population,mean,measurement,5,field_experiment,adult,59,NA,NA,NA,2,NA,38,10,2011,NA,NA,Fimbristylis dichotoma
189,Firn_2019,Fimbristylis dichotoma,219,leaf_mass_per_area,174.3542536,g/m2,population,mean,measurement,5,field_experiment,adult,60,NA,NA,NA,2,NA,39,10,2011,NA,NA,Fimbristylis dichotoma
354,Schmidt_2003,Fimbristylis dichotoma,637,leaf_N_per_dry_mass,11,mg/g,individual,raw,measurement,1,field,adult,6,1,2,NA,2,NA,NA,NA,1994/1998,NA,NA,Fimbristylis dichotoma
142,Firn_2019,Fimbristylis dichotoma,195,leaf_N_per_dry_mass,14.64930138,mg/g,population,mean,measurement,5,field_experiment,adult,31,NA,NA,NA,2,NA,1,1,2011,NA,NA,Fimbristylis dichotoma
144,Firn_2019,Fimbristylis dichotoma,196,leaf_N_per_dry_mass,12.31778785,mg/g,population,mean,14.11303333,5,field_experiment,adult,32,NA,NA,NA,2,NA,2,1,2011,NA,NA,Fimbristylis dichotoma
146,Firn_2019,Fimbristylis dichotoma,197,leaf_N_per_dry_mass,15.76797233,mg/g,population,mean,measurement,5,field_experiment,adult,33,NA,NA,NA,2,NA,3,1,2011,NA,NA,Fimbristylis dichotoma
148,Firn_2019,Fimbristylis dichotoma,198,leaf_N_per_dry_mass,14.73721581,mg/g,population,mean,measurement,5,field_experiment,adult,34,NA,NA,NA,2,NA,5,2,2011,NA,NA,Fimbristylis dichotoma
150,Firn_2019,Fimbristylis dichotoma,199,leaf_N_per_dry_mass,11.35367369,mg/g,population,mean,measurement,5,field_experiment,adult,37,NA,NA,NA,2,NA,9,3,2011,NA,NA,Fimbristylis dichotoma
152,Firn_2019,Fimbristylis dichotoma,200,leaf_N_per_dry_mass,11.05446005,mg/g,population,mean,measurement,5,field_experiment,adult,38,NA,NA,NA,2,NA,10,3,2011,NA,NA,Fimbristylis dichotoma
154,Firn_2019,Fimbristylis dichotoma,201,leaf_N_per_dry_mass,11.07387679,mg/g,population,mean,measurement,5,field_experiment,adult,39,NA,NA,NA,2,NA,11,3,2011,NA,NA,Fimbristylis dichotoma
156,Firn_2019,Fimbristylis dichotoma,202,leaf_N_per_dry_mass,20.14791015,mg/g,population,mean,measurement,5,field_experiment,adult,40,NA,NA,NA,2,NA,13,4,2011,NA,NA,Fimbristylis dichotoma
158,Firn_2019,Fimbristylis dichotoma,203,leaf_N_per_dry_mass,13.92340235,mg/g,population,mean,measurement,5,field_experiment,adult,41,NA,NA,NA,2,NA,14,4,2011,NA,NA,Fimbristylis dichotoma
160,Firn_2019,Fimbristylis dichotoma,204,leaf_N_per_dry_mass,13.39643809,mg/g,population,mean,measurement,5,field_experiment,adult,42,NA,NA,NA,2,NA,15,4,2011,NA,NA,Fimbristylis dichotoma
162,Firn_2019,Fimbristylis dichotoma,205,leaf_N_per_dry_mass,16.46501332,mg/g,population,mean,measurement,5,field_experiment,adult,43,NA,NA,NA,2,NA,17,5,2011,NA,NA,Fimbristylis dichotoma
164,Firn_2019,Fimbristylis dichotoma,206,leaf_N_per_dry_mass,11.22690318,mg/g,population,mean,measurement,5,field_experiment,adult,44,NA,NA,NA,2,NA,18,5,2011,NA,NA,Fimbristylis dichotoma
166,Firn_2019,Fimbristylis dichotoma,207,leaf_N_per_dry_mass,15.45519456,mg/g,population,mean,measurement,5,field_experiment,adult,45,NA,NA,NA,2,NA,19,5,2011,NA,NA,Fimbristylis dichotoma
168,Firn_2019,Fimbristylis dichotoma,208,leaf_N_per_dry_mass,19.29373808,mg/g,population,mean,measurement,5,field_experiment,adult,46,NA,NA,NA,2,NA,21,6,2011,NA,NA,Fimbristylis dichotoma
170,Firn_2019,Fimbristylis dichotoma,209,leaf_N_per_dry_mass,17.96624811,mg/g,population,mean,measurement,5,field_experiment,adult,47,NA,NA,NA,2,NA,22,6,2011,NA,NA,Fimbristylis dichotoma
172,Firn_2019,Fimbristylis dichotoma,210,leaf_N_per_dry_mass,15.39846609,mg/g,population,mean,measurement,5,field_experiment,adult,48,NA,NA,NA,2,NA,23,6,2011,NA,NA,Fimbristylis dichotoma
174,Firn_2019,Fimbristylis dichotoma,211,leaf_N_per_dry_mass,18.55189785,mg/g,population,mean,measurement,5,field_experiment,adult,49,NA,NA,NA,2,NA,25,7,2011,NA,NA,Fimbristylis dichotoma
176,Firn_2019,Fimbristylis dichotoma,212,leaf_N_per_dry_mass,12.92745795,mg/g,population,mean,measurement,5,field_experiment,adult,50,NA,NA,NA,2,NA,26,7,2011,NA,NA,Fimbristylis dichotoma
178,Firn_2019,Fimbristylis dichotoma,213,leaf_N_per_dry_mass,12.44738902,mg/g,population,mean,measurement,5,field_experiment,adult,51,NA,NA,NA,2,NA,27,7,2011,NA,NA,Fimbristylis dichotoma
180,Firn_2019,Fimbristylis dichotoma,214,leaf_N_per_dry_mass,14.96521158,mg/g,population,mean,measurement,5,field_experiment,adult,55,NA,NA,NA,2,NA,33,9,2011,NA,NA,Fimbristylis dichotoma
182,Firn_2019,Fimbristylis dichotoma,215,leaf_N_per_dry_mass,12.53737664,mg/g,population,mean,measurement,5,field_experiment,adult,56,NA,NA,NA,2,NA,34,9,2011,NA,NA,Fimbristylis dichotoma
184,Firn_2019,Fimbristylis dichotoma,216,leaf_N_per_dry_mass,12.38053083,mg/g,population,mean,measurement,5,field_experiment,adult,57,NA,NA,NA,2,NA,35,9,2011,NA,NA,Fimbristylis dichotoma
186,Firn_2019,Fimbristylis dichotoma,217,leaf_N_per_dry_mass,10.37370561,mg/g,population,mean,measurement,5,field_experiment,adult,58,NA,NA,NA,2,NA,37,10,2011,NA,NA,Fimbristylis dichotoma
188,Firn_2019,Fimbristylis dichotoma,218,leaf_N_per_dry_mass,10.24494584,mg/g,population,mean,measurement,5,field_experiment,adult,59,NA,NA,NA,2,NA,38,10,2011,NA,NA,Fimbristylis dichotoma
190,Firn_2019,Fimbristylis dichotoma,219,leaf_N_per_dry_mass,14.16971611,mg/g,population,mean,measurement,5,field_experiment,adult,60,NA,NA,NA,2,NA,39,10,2011,NA,NA,Fimbristylis dichotoma
204,Jurado_1991,Fimbristylis dichotoma,260,plant_height,0.4,m,species,maximum,0.583333333,NA,field,adult,NA,NA,NA,NA,1,NA,NA,NA,1987/1989,NA,NA,Fimbristylis dichotoma
282,NHNSW_2014_2,Fimbristylis dichotoma,2767,plant_height,0.75,m,species,maximum,measurement,NA,preserved_specimen,adult,NA,NA,NA,NA,NA,NA,NA,NA,unknown/2014,NA,NA,Fimbristylis dichotoma
378,WAH_1998,Fimbristylis dichotoma,2319,plant_height,0.6,m,species,maximum,measurement,NA,preserved_specimen,adult,NA,NA,NA,NA,NA,NA,NA,NA,unknown/1998,NA,NA,Fimbristylis dichotoma
281,NHNSW_2014_2,Fimbristylis dichotoma,2767,plant_height,0.1,m,species,minimum,measurement,NA,preserved_specimen,adult,NA,NA,NA,NA,NA,NA,NA,NA,unknown/2014,NA,NA,Fimbristylis dichotoma
284,NHNSW_2014_2,Geum urbanum,2903,plant_height,1,m,species,maximum,measurement,NA,preserved_specimen,adult,NA,NA,NA,NA,NA,NA,NA,NA,unknown/2014,NA,NA,Geum urbanum
283,NHNSW_2014_2,Geum urbanum,2903,plant_height,0.5,m,species,minimum,measurement,NA,preserved_specimen,adult,NA,NA,NA,NA,NA,NA,NA,NA,unknown/2014,NA,NA,Geum urbanum
205,Jurado_1991,Glycine canescens,262,plant_height,2,m,species,maximum,measurement,NA,field,adult,NA,NA,NA,NA,1,NA,NA,NA,1987/1989,NA,NA,Glycine canescens
193,Fonseca_2000,Harmsiodoxa blennodioides,752,leaf_mass_per_area,71.42857143,g/m2,population,mean,measurement,5,field,adult,21,NA,NA,NA,21,NA,NA,NA,1996/1997,NA,NA,Harmsiodoxa blennodioides
214,Leishman_1992,Harmsiodoxa blennodioides,309,plant_height,0.3,m,species,maximum,measurement,NA,literature,adult,NA,NA,NA,NA,1,NA,NA,NA,1996/1996,NA,NA,Harmsiodoxa blennodioides
286,NHNSW_2014_2,Harmsiodoxa blennodioides,3158,plant_height,0.3,m,species,maximum,measurement,NA,preserved_specimen,adult,NA,NA,NA,NA,NA,NA,NA,NA,unknown/2014,NA,NA,Harmsiodoxa blennodioides
285,NHNSW_2014_2,Harmsiodoxa blennodioides,3158,plant_height,0.1,m,species,minimum,measurement,NA,preserved_specimen,adult,NA,NA,NA,NA,NA,NA,NA,NA,unknown/2014,NA,NA,Harmsiodoxa blennodioides
11,Curtis_2012,Harmsiodoxa brevipes,105,leaf_mass_per_area,66.15949812,g/m2,population,mean,0.015114988,5,field,adult,4,NA,NA,NA,4,NA,NA,NA,2010/2010,NA,NA,Harmsiodoxa brevipes
288,NHNSW_2014_2,Harmsiodoxa brevipes,3159,plant_height,0.4,m,species,maximum,measurement,NA,preserved_specimen,adult,NA,NA,NA,NA,NA,NA,NA,NA,unknown/2014,NA,NA,Harmsiodoxa brevipes
337,SAH_2014,Harmsiodoxa brevipes,1339,plant_height,0.4,m,species,maximum,measurement,NA,preserved_specimen,adult,NA,NA,NA,NA,NA,NA,NA,NA,unknown/1986,NA,NA,Harmsiodoxa brevipes
379,WAH_1998,Harmsiodoxa brevipes,3062,plant_height,0.15,m,species,maximum,measurement,NA,preserved_specimen,adult,NA,NA,NA,NA,NA,NA,NA,NA,unknown/1998,NA,NA,Harmsiodoxa brevipes
287,NHNSW_2014_2,Harmsiodoxa brevipes,3159,plant_height,0.133,m,species,minimum,measurement,NA,preserved_specimen,adult,NA,NA,NA,NA,NA,NA,NA,NA,unknown/2014,NA,NA,Harmsiodoxa brevipes
194,Fonseca_2000,Hyalosperma semisterile,786,leaf_mass_per_area,78.74015748,g/m2,population,mean,measurement,5,field,adult,21,NA,NA,NA,21,NA,NA,NA,1996/1997,NA,NA,Hyalosperma semisterile
290,NHNSW_2014_2,Hyalosperma semisterile,3291,plant_height,0.15,m,species,maximum,measurement,NA,preserved_specimen,adult,NA,NA,NA,NA,NA,NA,NA,NA,unknown/2014,NA,NA,Hyalosperma semisterile
289,NHNSW_2014_2,Hyalosperma semisterile,3291,plant_height,0.05,m,species,minimum,measurement,NA,preserved_specimen,adult,NA,NA,NA,NA,NA,NA,NA,NA,unknown/2014,NA,NA,Hyalosperma semisterile
216,Leishman_1992,Hypochaeris albiflora,343,plant_height,0.15,m,species,maximum,measurement,NA,literature,adult,NA,NA,NA,NA,1,NA,NA,NA,1996/1996,NA,NA,Hypochaeris microcephala var. albiflora
292,NHNSW_2014_2,Hypochaeris albiflora,3332,plant_height,0.4,m,species,maximum,measurement,NA,preserved_specimen,adult,NA,NA,NA,NA,NA,NA,NA,NA,unknown/2014,NA,NA,Hypochaeris microcephala
291,NHNSW_2014_2,Hypochaeris albiflora,3332,plant_height,0.1,m,species,minimum,measurement,NA,preserved_specimen,adult,NA,NA,NA,NA,NA,NA,NA,NA,unknown/2014,NA,NA,Hypochaeris microcephala
207,Jurado_1991,Indigofera colutea,304,plant_height,0.2,m,species,maximum,measurement,NA,field,adult,NA,NA,NA,NA,1,NA,NA,NA,1987/1989,NA,NA,Indigofera colutea
294,NHNSW_2014_2,Indigofera colutea,3355,plant_height,0.5,m,species,maximum,measurement,NA,preserved_specimen,adult,NA,NA,NA,NA,NA,NA,NA,NA,unknown/2014,NA,NA,Indigofera colutea
317,NTH_2014,Indigofera colutea,381,plant_height,0.5,m,species,maximum,measurement,NA,preserved_specimen,adult,NA,NA,NA,NA,NA,NA,NA,NA,unknown/2014,NA,NA,Indigofera colutea
293,NHNSW_2014_2,Indigofera colutea,3355,plant_height,0.167,m,species,minimum,measurement,NA,preserved_specimen,adult,NA,NA,NA,NA,NA,NA,NA,NA,unknown/2014,NA,NA,Indigofera colutea
380,WAH_1998,Lemooria burkittii,3649,plant_height,0.05,m,species,maximum,measurement,NA,preserved_specimen,adult,NA,NA,NA,NA,NA,NA,NA,NA,unknown/1998,NA,NA,Lemooria burkittii
296,NHNSW_2014_2,Lolium multiflorum,3826,plant_height,1,m,species,maximum,measurement,NA,preserved_specimen,adult,NA,NA,NA,NA,NA,NA,NA,NA,unknown/2014,NA,NA,Lolium multiflorum
340,SAH_2014,Lolium multiflorum,1669,plant_height,1.2,m,species,maximum,measurement,NA,preserved_specimen,adult,NA,NA,NA,NA,NA,NA,NA,NA,unknown/1986,NA,NA,Lolium multiflorum
295,NHNSW_2014_2,Lolium multiflorum,3826,plant_height,0.333,m,species,minimum,measurement,NA,preserved_specimen,adult,NA,NA,NA,NA,NA,NA,NA,NA,unknown/2014,NA,NA,Lolium multiflorum
381,WAH_1998,Lomandra collina,3949,plant_height,0.5,m,species,maximum,measurement,NA,preserved_specimen,adult,NA,NA,NA,NA,NA,NA,NA,NA,unknown/1998,NA,NA,Lomandra collina
13,Dong_2017,Lomandra micrantha,426,leaf_mass_per_area,715.2845581,g/m2,population,mean,0.001398045,6-May,field,adult,22,NA,NA,NA,22,NA,NA,NA,2011/2012,NA,NA,Lomandra micrantha
14,Dong_2017,Lomandra micrantha,426,leaf_N_per_dry_mass,6.8159292,mg/g,population,mean,measurement,6-May,field,adult,22,NA,NA,NA,22,NA,NA,NA,2011/2012,NA,NA,Lomandra micrantha
247,Morgan_2011_1,Lomandra micrantha,432,plant_height,0.7,m,population,maximum,measurement,unknown,field,adult,1,NA,NA,NA,1,NA,NA,NA,2011/2011,NA,NA,Lomandra micrantha s.s.
248,Morgan_2014,Lomandra micrantha,61,plant_height,0.3407,m,population,maximum,measurement,unknown,field,adult,1,NA,NA,NA,1,NA,NA,NA,2004/2014,NA,NA,Lomandra micrantha
202,Hughes_1992,Lomandra micrantha,389,plant_height,0.3,m,species,maximum,0.466666667,NA,literature,adult,NA,NA,NA,NA,NA,NA,NA,NA,1992/1992,NA,NA,Lomandra micrantha
382,WAH_1998,Lomandra micrantha,3957,plant_height,0.7,m,species,maximum,measurement,NA,preserved_specimen,adult,NA,NA,NA,NA,NA,NA,NA,NA,unknown/1998,NA,NA,Lomandra micrantha
392,Wheeler_2002,Lomandra micrantha,913,plant_height,0.4,m,species,maximum,measurement,NA,preserved_specimen,adult,NA,NA,NA,NA,NA,NA,NA,NA,2014/2014,NA,NA,Lomandra micrantha
217,Leishman_1992,Medicago laciniata,391,plant_height,0.05,m,species,maximum,measurement,NA,literature,adult,NA,NA,NA,NA,1,NA,NA,NA,1996/1996,NA,NA,Medicago laciniata
58,Dwyer_2017,Medicago polymorpha,406,leaf_mass_per_area,28.59311114,g/m2,population,mean,measurement,unknown,field,adult,7,NA,NA,NA,7,NA,NA,NA,2011,NA,NA,Medicago polymorpha
59,Dwyer_2017,Medicago polymorpha,406,plant_height,0.105,m,population,maximum,measurement,1,field,adult,7,NA,NA,NA,7,NA,NA,NA,2011,NA,NA,Medicago polymorpha
218,Leishman_1992,Medicago polymorpha,395,plant_height,0.5,m,species,maximum,measurement,NA,literature,adult,NA,NA,NA,NA,1,NA,NA,NA,1996/1996,NA,NA,Medicago polymorpha
395,Williams_2011,Microtis arenaria,789,plant_height,0.4,m,species,maximum,measurement,NA,field,adult,NA,NA,NA,NA,3,NA,NA,NA,2011/2013,NA,NA,Microtis arenaria
195,Fonseca_2000,Minuria denticulata,957,leaf_mass_per_area,99.00990099,g/m2,population,mean,measurement,5,field,adult,4,NA,NA,NA,4,NA,NA,NA,1996/1997,NA,NA,Minuria denticulata
298,NHNSW_2014_2,Minuria denticulata,4130,plant_height,0.3,m,species,maximum,measurement,NA,preserved_specimen,adult,NA,NA,NA,NA,NA,NA,NA,NA,unknown/2014,NA,NA,Minuria denticulata
342,SAH_2014,Minuria denticulata,1839,plant_height,0.35,m,species,maximum,measurement,NA,preserved_specimen,adult,NA,NA,NA,NA,NA,NA,NA,NA,unknown/1986,NA,NA,Minuria denticulata
297,NHNSW_2014_2,Minuria denticulata,4130,plant_height,0.1,m,species,minimum,measurement,NA,preserved_specimen,adult,NA,NA,NA,NA,NA,NA,NA,NA,unknown/2014,NA,NA,Minuria denticulata
341,SAH_2014,Minuria denticulata,1839,plant_height,0.1,m,species,minimum,measurement,NA,preserved_specimen,adult,NA,NA,NA,NA,NA,NA,NA,NA,unknown/1986,NA,NA,Minuria denticulata
234,Mokany_2008,Myosotis discolor,295,leaf_mass_per_area,24.12545235,g/m2,individual,raw,measurement,1,field,adult,2,1,NA,NA,2,NA,NA,NA,10/28/05,NA,NA,Myosotis discolor
236,Mokany_2008,Myosotis discolor,296,leaf_mass_per_area,24.76194764,g/m2,individual,raw,measurement,1,field,adult,2,2,NA,NA,2,NA,NA,NA,10/28/05,NA,NA,Myosotis discolor
238,Mokany_2008,Myosotis discolor,297,leaf_mass_per_area,28.11025136,g/m2,individual,raw,measurement,1,field,adult,2,3,NA,NA,2,NA,NA,NA,10/28/05,NA,NA,Myosotis discolor
300,NHNSW_2014_2,Myosotis discolor,4211,plant_height,0.2,m,species,maximum,measurement,NA,preserved_specimen,adult,NA,NA,NA,NA,NA,NA,NA,NA,unknown/2014,NA,NA,Myosotis discolor
343,SAH_2014,Myosotis discolor,1885,plant_height,0.2,m,species,maximum,measurement,NA,preserved_specimen,adult,NA,NA,NA,NA,NA,NA,NA,NA,unknown/1986,NA,NA,Myosotis discolor
299,NHNSW_2014_2,Myosotis discolor,4211,plant_height,0.1,m,species,minimum,measurement,NA,preserved_specimen,adult,NA,NA,NA,NA,NA,NA,NA,NA,unknown/2014,NA,NA,Myosotis discolor
235,Mokany_2008,Myosotis discolor,295,root_diameter,0.94,mm,individual,maximum,0.846666667,1,field,adult,2,1,NA,NA,2,NA,NA,NA,10/28/05,NA,NA,Myosotis discolor
237,Mokany_2008,Myosotis discolor,296,root_diameter,0.78,mm,individual,maximum,measurement,1,field,adult,2,2,NA,NA,2,NA,NA,NA,10/28/05,NA,NA,Myosotis discolor
239,Mokany_2008,Myosotis discolor,297,root_diameter,0.82,mm,individual,maximum,measurement,1,field,adult,2,3,NA,NA,2,NA,NA,NA,10/28/05,NA,NA,Myosotis discolor
302,NHNSW_2014_2,Papaver rhoeas,4525,plant_height,1,m,species,maximum,measurement,NA,preserved_specimen,adult,NA,NA,NA,NA,NA,NA,NA,NA,unknown/2014,NA,NA,Papaver rhoeas
344,SAH_2014,Papaver rhoeas,2044,plant_height,0.5,m,species,maximum,measurement,NA,preserved_specimen,adult,NA,NA,NA,NA,NA,NA,NA,NA,unknown/1986,NA,NA,Papaver rhoeas
301,NHNSW_2014_2,Papaver rhoeas,4525,plant_height,0.333,m,species,minimum,measurement,NA,preserved_specimen,adult,NA,NA,NA,NA,NA,NA,NA,NA,unknown/2014,NA,NA,Papaver rhoeas
226,Metcalfe_2020_2,Paspalum notatum,488,plant_height,0.75,m,species,maximum,measurement,NA,literature,adult,NA,NA,NA,NA,NA,NA,NA,NA,2020/2020,NA,NA,Paspalum notatum
304,NHNSW_2014_2,Paspalum notatum,4580,plant_height,0.8,m,species,maximum,measurement,NA,preserved_specimen,adult,NA,NA,NA,NA,NA,NA,NA,NA,unknown/2014,NA,NA,Paspalum notatum
303,NHNSW_2014_2,Paspalum notatum,4580,plant_height,0.267,m,species,minimum,measurement,NA,preserved_specimen,adult,NA,NA,NA,NA,NA,NA,NA,NA,unknown/2014,NA,NA,Paspalum notatum
227,Metcalfe_2020_2,Paspalum plicatulum,490,plant_height,1.2,m,species,maximum,measurement,NA,literature,adult,NA,NA,NA,NA,NA,NA,NA,NA,2020/2020,NA,NA,Paspalum plicatulum
196,Fonseca_2000,Rhodanthe floribunda,1178,leaf_mass_per_area,64.93506494,g/m2,population,mean,measurement,5,field,adult,21,NA,NA,NA,21,NA,NA,NA,1996/1997,NA,NA,Rhodanthe floribunda
206,Jurado_1991,Rhodanthe floribunda,294,plant_height,0.4,m,species,maximum,measurement,NA,field,adult,NA,NA,NA,NA,1,NA,NA,NA,1987/1989,NA,NA,Helipterum floribundum
215,Leishman_1992,Rhodanthe floribunda,323,plant_height,0.4,m,species,maximum,measurement,NA,literature,adult,NA,NA,NA,NA,1,NA,NA,NA,1996/1996,NA,NA,Helipterum floribundum
306,NHNSW_2014_2,Rhodanthe floribunda,5380,plant_height,0.3,m,species,maximum,measurement,NA,preserved_specimen,adult,NA,NA,NA,NA,NA,NA,NA,NA,unknown/2014,NA,NA,Rhodanthe floribunda
339,SAH_2014,Rhodanthe floribunda,1376,plant_height,0.4,m,species,maximum,measurement,NA,preserved_specimen,adult,NA,NA,NA,NA,NA,NA,NA,NA,unknown/1986,NA,NA,Helipterum floribundum
383,WAH_1998,Rhodanthe floribunda,5253,plant_height,0.3,m,species,maximum,measurement,NA,preserved_specimen,adult,NA,NA,NA,NA,NA,NA,NA,NA,unknown/1998,NA,NA,Rhodanthe floribunda
305,NHNSW_2014_2,Rhodanthe floribunda,5380,plant_height,0.1,m,species,minimum,measurement,NA,preserved_specimen,adult,NA,NA,NA,NA,NA,NA,NA,NA,unknown/2014,NA,NA,Rhodanthe floribunda
338,SAH_2014,Rhodanthe floribunda,1376,plant_height,0.04,m,species,minimum,measurement,NA,preserved_specimen,adult,NA,NA,NA,NA,NA,NA,NA,NA,unknown/1986,NA,NA,Helipterum floribundum
60,Dwyer_2017,Rhodanthe pygmaea,604,leaf_mass_per_area,23.7533415,g/m2,population,mean,23.48630774,unknown,field,adult,5,NA,NA,NA,5,NA,NA,NA,2011,NA,NA,Rhodanthe pygmaea
62,Dwyer_2017,Rhodanthe pygmaea,605,leaf_mass_per_area,24.03094147,g/m2,population,mean,0.042578,unknown,field,adult,8,NA,NA,NA,8,NA,NA,NA,2011,NA,NA,Rhodanthe pygmaea
64,Dwyer_2017,Rhodanthe pygmaea,606,leaf_mass_per_area,22.67464025,g/m2,population,mean,measurement,unknown,field,adult,11,NA,NA,NA,11,NA,NA,NA,2011,NA,NA,Rhodanthe pygmaea
61,Dwyer_2017,Rhodanthe pygmaea,604,plant_height,0.039484983,m,population,maximum,measurement,21,field,adult,5,NA,NA,NA,5,NA,NA,NA,2011,NA,NA,Rhodanthe pygmaea
63,Dwyer_2017,Rhodanthe pygmaea,605,plant_height,0.043419999,m,population,maximum,measurement,66,field,adult,8,NA,NA,NA,8,NA,NA,NA,2011,NA,NA,Rhodanthe pygmaea
65,Dwyer_2017,Rhodanthe pygmaea,606,plant_height,0.015,m,population,maximum,measurement,2,field,adult,11,NA,NA,NA,11,NA,NA,NA,2011,NA,NA,Rhodanthe pygmaea
308,NHNSW_2014_2,Rhodanthe pygmaea,5386,plant_height,0.06,m,species,maximum,0.08,NA,preserved_specimen,adult,NA,NA,NA,NA,NA,NA,NA,NA,unknown/2014,NA,NA,Rhodanthe pygmaea
384,WAH_1998,Rhodanthe pygmaea,5269,plant_height,0.1,m,species,maximum,measurement,NA,preserved_specimen,adult,NA,NA,NA,NA,NA,NA,NA,NA,unknown/1998,NA,NA,Rhodanthe pygmaea
307,NHNSW_2014_2,Rhodanthe pygmaea,5386,plant_height,0.02,m,species,minimum,measurement,NA,preserved_specimen,adult,NA,NA,NA,NA,NA,NA,NA,NA,unknown/2014,NA,NA,Rhodanthe pygmaea
12,Curtis_2012,Sclerolaena tricuspis,161,leaf_mass_per_area,81.14581312,g/m2,population,mean,measurement,5,field,adult,3,NA,NA,NA,3,NA,NA,NA,2010/2010,NA,NA,Sclerolaena tricuspis
197,Fonseca_2000,Sclerolaena tricuspis,1283,leaf_mass_per_area,322.5806452,g/m2,population,mean,measurement,5,field,adult,34,NA,NA,NA,34,NA,NA,NA,1996/1997,NA,NA,Sclerolaena tricuspis
387,Westoby_2014,Sclerolaena tricuspis,286,leaf_mass_per_area,112.11,g/m2,population,mean,measurement,5,field,adult,4,NA,NA,NA,4,NA,NA,NA,2011/2012,NA,NA,Sclerolaena tricuspis
219,Leishman_1992,Sclerolaena tricuspis,515,plant_height,0.7,m,species,maximum,measurement,NA,literature,adult,NA,NA,NA,NA,1,NA,NA,NA,1996/1996,NA,NA,Sclerolaena tricuspis
222,McGlone_2015,Sclerolaena tricuspis,1232,plant_height,0.8,m,species,maximum,measurement,NA,literature,adult,NA,NA,NA,NA,4,NA,NA,NA,2014/2014,NA,NA,Sclerolaena tricuspis
310,NHNSW_2014_2,Sclerolaena tricuspis,5647,plant_height,0.75,m,species,maximum,measurement,NA,preserved_specimen,adult,NA,NA,NA,NA,NA,NA,NA,NA,unknown/2014,NA,NA,Sclerolaena tricuspis
345,SAH_2014,Sclerolaena tricuspis,2557,plant_height,1,m,species,maximum,measurement,NA,preserved_specimen,adult,NA,NA,NA,NA,NA,NA,NA,NA,unknown/1986,NA,NA,Sclerolaena tricuspis
309,NHNSW_2014_2,Sclerolaena tricuspis,5647,plant_height,0.25,m,species,minimum,measurement,NA,preserved_specimen,adult,NA,NA,NA,NA,NA,NA,NA,NA,unknown/2014,NA,NA,Sclerolaena tricuspis
346,SAH_2014,Silene conica,2628,plant_height,0.25,m,species,maximum,measurement,NA,preserved_specimen,adult,NA,NA,NA,NA,NA,NA,NA,NA,unknown/1986,NA,NA,Silene conica
6,Cooper_2013,Sisyrinchium micranthum,2348,plant_height,0.2,m,species,maximum,measurement,NA,literature,adult,NA,NA,1,NA,NA,NA,NA,NA,unknown/2013,NA,NA,Sisyrinchium micranthum
19,Duncan_1998,Thyridolepis mitchelliana,141,leaf_mass_per_area,56.49717514,g/m2,individual,mean,measurement,5,field,adult,18,1,NA,NA,18,NA,NA,NA,1998/1998,NA,NA,Thyridolepis mitchelliana
355,Vesk_2004,Thyridolepis mitchelliana,482,leaf_mass_per_area,45.6412597,g/m2,individual,raw,measurement,1,field,adult,1,1,NA,NA,1,NA,NA,NA,1999/2001,NA,NA,Thyridolepis mitchelliana
356,Vesk_2004,Thyridolepis mitchelliana,483,leaf_mass_per_area,46.88232536,g/m2,individual,raw,measurement,1,field,adult,1,2,NA,NA,1,NA,NA,NA,1999/2001,NA,NA,Thyridolepis mitchelliana
357,Vesk_2004,Thyridolepis mitchelliana,484,leaf_mass_per_area,47.5737393,g/m2,individual,raw,measurement,1,field,adult,1,3,NA,NA,1,NA,NA,NA,1999/2001,NA,NA,Thyridolepis mitchelliana
358,Vesk_2004,Thyridolepis mitchelliana,485,leaf_mass_per_area,52.08333333,g/m2,individual,raw,measurement,1,field,adult,1,4,NA,NA,1,NA,NA,NA,1999/2001,NA,NA,Thyridolepis mitchelliana
359,Vesk_2004,Thyridolepis mitchelliana,486,leaf_mass_per_area,50.6842372,g/m2,individual,raw,measurement,1,field,adult,1,5,NA,NA,1,NA,NA,NA,1999/2001,NA,NA,Thyridolepis mitchelliana
360,Vesk_2004,Thyridolepis mitchelliana,487,leaf_mass_per_area,56.62514156,g/m2,individual,raw,measurement,1,field,adult,17,1,NA,NA,13,NA,NA,NA,1999/2001,NA,NA,Thyridolepis mitchelliana
361,Vesk_2004,Thyridolepis mitchelliana,488,leaf_mass_per_area,56.24296963,g/m2,individual,raw,measurement,1,field,adult,17,2,NA,NA,13,NA,NA,NA,1999/2001,NA,NA,Thyridolepis mitchelliana
362,Vesk_2004,Thyridolepis mitchelliana,489,leaf_mass_per_area,62.42197253,g/m2,individual,raw,measurement,1,field,adult,17,3,NA,NA,13,NA,NA,NA,1999/2001,NA,NA,Thyridolepis mitchelliana
363,Vesk_2004,Thyridolepis mitchelliana,490,leaf_mass_per_area,69.25207756,g/m2,individual,raw,measurement,1,field,adult,17,4,NA,NA,13,NA,NA,NA,1999/2001,NA,NA,Thyridolepis mitchelliana
364,Vesk_2004,Thyridolepis mitchelliana,491,leaf_mass_per_area,64.1025641,g/m2,individual,raw,measurement,1,field,adult,17,5,NA,NA,13,NA,NA,NA,1999/2001,NA,NA,Thyridolepis mitchelliana
365,Vesk_2004,Thyridolepis mitchelliana,492,leaf_mass_per_area,53.7056928,g/m2,individual,raw,measurement,1,field,adult,18,1,NA,NA,18,NA,NA,NA,1999/2001,NA,NA,Thyridolepis mitchelliana
366,Vesk_2004,Thyridolepis mitchelliana,493,leaf_mass_per_area,54.88474204,g/m2,individual,raw,measurement,1,field,adult,18,2,NA,NA,18,NA,NA,NA,1999/2001,NA,NA,Thyridolepis mitchelliana
367,Vesk_2004,Thyridolepis mitchelliana,494,leaf_mass_per_area,58.27505828,g/m2,individual,raw,measurement,1,field,adult,18,3,NA,NA,18,NA,NA,NA,1999/2001,NA,NA,Thyridolepis mitchelliana
368,Vesk_2004,Thyridolepis mitchelliana,495,leaf_mass_per_area,65.27415144,g/m2,individual,raw,measurement,1,field,adult,18,4,NA,NA,18,NA,NA,NA,1999/2001,NA,NA,Thyridolepis mitchelliana
369,Vesk_2004,Thyridolepis mitchelliana,496,leaf_mass_per_area,65.70302234,g/m2,individual,raw,measurement,1,field,adult,18,5,NA,NA,18,NA,NA,NA,1999/2001,NA,NA,Thyridolepis mitchelliana
370,Vesk_2004,Thyridolepis mitchelliana,497,plant_height,0.14,m,population,maximum,measurement,30,field,adult,18,NA,NA,NA,18,NA,NA,NA,1999/2001,NA,NA,Thyridolepis mitchelliana
199,GrassBase_2014,Thyridolepis mitchelliana,939,plant_height,0.6,m,species,maximum,measurement,NA,literature,adult,NA,NA,NA,NA,NA,NA,NA,NA,unknown/2014,NA,NA,Thyridolepis mitchelliana
208,Jurado_1991,Thyridolepis mitchelliana,442,plant_height,0.3,m,species,maximum,measurement,NA,field,adult,NA,NA,NA,NA,1,NA,NA,NA,1987/1989,NA,NA,Thyridolepis mitchelliana
220,Leishman_1992,Thyridolepis mitchelliana,569,plant_height,0.3,m,species,maximum,measurement,NA,literature,adult,NA,NA,NA,NA,1,NA,NA,NA,1996/1996,NA,NA,Thyridolepis mitchelliana
312,NHNSW_2014_2,Thyridolepis mitchelliana,6119,plant_height,0.5,m,species,maximum,measurement,NA,preserved_specimen,adult,NA,NA,NA,NA,NA,NA,NA,NA,unknown/2014,NA,NA,Thyridolepis mitchelliana
348,SAH_2014,Thyridolepis mitchelliana,2879,plant_height,0.3,m,species,maximum,measurement,NA,preserved_specimen,adult,NA,NA,NA,NA,NA,NA,NA,NA,unknown/1986,NA,NA,Thyridolepis mitchelliana
198,GrassBase_2014,Thyridolepis mitchelliana,939,plant_height,0.2,m,species,minimum,measurement,NA,literature,adult,NA,NA,NA,NA,NA,NA,NA,NA,unknown/2014,NA,NA,Thyridolepis mitchelliana
311,NHNSW_2014_2,Thyridolepis mitchelliana,6119,plant_height,0.167,m,species,minimum,measurement,NA,preserved_specimen,adult,NA,NA,NA,NA,NA,NA,NA,NA,unknown/2014,NA,NA,Thyridolepis mitchelliana
347,SAH_2014,Thyridolepis mitchelliana,2879,plant_height,0.2,m,species,minimum,measurement,NA,preserved_specimen,adult,NA,NA,NA,NA,NA,NA,NA,NA,unknown/1986,NA,NA,Thyridolepis mitchelliana
385,WAH_1998,Tricoryne tenella,6417,plant_height,0.45,m,species,maximum,0.525,NA,preserved_specimen,adult,NA,NA,NA,NA,NA,NA,NA,NA,unknown/1998,NA,NA,Tricoryne tenella
393,Wheeler_2002,Tricoryne tenella,1436,plant_height,0.6,m,species,maximum,measurement,NA,preserved_specimen,adult,NA,NA,NA,NA,NA,NA,NA,NA,2014/2014,NA,NA,Tricoryne tenella
319,OReillyNugent_2018,Verbascum thapsus,326,plant_height,0.3,m,population,maximum,measurement,3,field,adult,1,NA,NA,NA,1,NA,NA,NA,NA,NA,NA,Verbascum thapsus
314,NHNSW_2014_2,Verbascum thapsus,6295,plant_height,2,m,species,maximum,measurement,NA,preserved_specimen,adult,NA,NA,NA,NA,NA,NA,NA,NA,unknown/2014,NA,NA,Verbascum thapsus
349,SAH_2014,Verbascum thapsus,2961,plant_height,2,m,species,maximum,measurement,NA,preserved_specimen,adult,NA,NA,NA,NA,NA,NA,NA,NA,unknown/1986,NA,NA,Verbascum thapsus
313,NHNSW_2014_2,Verbascum thapsus,6295,plant_height,0.5,m,species,minimum,measurement,NA,preserved_specimen,adult,NA,NA,NA,NA,NA,NA,NA,NA,unknown/2014,NA,NA,Verbascum thapsus
316,NHNSW_2014_2,Veronica peregrina,6316,plant_height,0.2,m,species,maximum,measurement,NA,preserved_specimen,adult,NA,NA,NA,NA,NA,NA,NA,NA,unknown/2014,NA,NA,Veronica peregrina
351,SAH_2014,Veronica peregrina,2974,plant_height,0.3,m,species,maximum,measurement,NA,preserved_specimen,adult,NA,NA,NA,NA,NA,NA,NA,NA,unknown/1986,NA,NA,Veronica peregrina
315,NHNSW_2014_2,Veronica peregrina,6316,plant_height,0.067,m,species,minimum,measurement,NA,preserved_specimen,adult,NA,NA,NA,NA,NA,NA,NA,NA,unknown/2014,NA,NA,Veronica peregrina
350,SAH_2014,Veronica peregrina,2974,plant_height,0.03,m,species,minimum,measurement,NA,preserved_specimen,adult,NA,NA,NA,NA,NA,NA,NA,NA,unknown/1986,NA,NA,Veronica peregrina
353,SAH_2014,Veronica persica,2975,plant_height,0.5,m,species,maximum,measurement,NA,preserved_specimen,adult,NA,NA,NA,NA,NA,NA,NA,NA,unknown/1986,NA,NA,Veronica persica
352,SAH_2014,Veronica persica,2975,plant_height,0.06,m,species,minimum,measurement,NA,preserved_specimen,adult,NA,NA,NA,NA,NA,NA,NA,NA,unknown/1986,NA,NA,Veronica persica
15,Dong_2017,Waltheria indica,648,leaf_mass_per_area,116.870161,g/m2,population,mean,measurement,6-May,field,adult,9,NA,NA,NA,9,NA,NA,NA,2011/2012,NA,NA,Waltheria indica
17,Dong_2017,Waltheria indica,649,leaf_mass_per_area,109.7152407,g/m2,population,mean,measurement,6-May,field,adult,11,NA,NA,NA,11,NA,NA,NA,2011/2012,NA,NA,Waltheria indica
16,Dong_2017,Waltheria indica,648,leaf_N_per_dry_mass,13.93449205,mg/g,population,mean,measurement,6-May,field,adult,9,NA,NA,NA,9,NA,NA,NA,2011/2012,NA,NA,Waltheria indica
18,Dong_2017,Waltheria indica,649,leaf_N_per_dry_mass,13.38888599,mg/g,population,mean,measurement,6-May,field,adult,11,NA,NA,NA,11,NA,NA,NA,2011/2012,NA,NA,Waltheria indica
7,Cooper_2013,Waltheria indica,2677,plant_height,4,m,species,maximum,measurement,NA,literature,adult,NA,NA,1,NA,NA,NA,NA,NA,unknown/2013,NA,NA,Waltheria indica
209,Kooyman_2011,Waltheria indica,2510,plant_height,4,m,species,maximum,measurement,NA,literature,adult,NA,NA,NA,NA,NA,NA,NA,NA,2010/2010,NA,NA,Waltheria indica
386,WAH_1998,Waltheria indica,6705,plant_height,1.5,m,species,maximum,measurement,NA,preserved_specimen,adult,NA,NA,NA,NA,NA,NA,NA,NA,unknown/1998,NA,NA,Waltheria indica
,,,,,3.166666667,,,,,,,,,,,,,,,,,,,