"","Taxon","site_code","mean.cover.response","local_lifeform","local_lifespan","functional_group","leafN","height","rootN","SLA","root_depth","RTD","SRL","root_diam"
"1","Achillea millefolium","hard.us",-0.333333333333333,"FORB","PERENNIAL","FORB",19.234,0.559,4.8,7.859942857,0.2032,0.138977909,35.26726667,0.26778
"2","Achillea millefolium","jenadrt.de",-31,"FORB","PERENNIAL","FORB",19.234,0.559,4.8,7.859942857,0.2032,0.138977909,35.26726667,0.26778
"3","Achillea millefolium","elvadrt.ee",2.66666666666667,"FORB","PERENNIAL","FORB",19.234,0.559,4.8,7.859942857,0.2032,0.138977909,35.26726667,0.26778
"4","Achillea millefolium","kernb.ca",2.16666666666667,"FORB","PERENNIAL","FORB",19.234,0.559,4.8,7.859942857,0.2032,0.138977909,35.26726667,0.26778
"5","Achillea millefolium","brookdale.ca",0,"FORB","PERENNIAL","FORB",19.234,0.559,4.8,7.859942857,0.2032,0.138977909,35.26726667,0.26778
"6","Achillea millefolium","kinsella.ca",10,"FORB","PERENNIAL","FORB",19.234,0.559,4.8,7.859942857,0.2032,0.138977909,35.26726667,0.26778
"7","Achillea millefolium","oreac.us",-2.5,"FORB","PERENNIAL","FORB",19.234,0.559,4.8,7.859942857,0.2032,0.138977909,35.26726667,0.26778
"8","Achillea millefolium","allmendb.ch",-0.333333333333333,"FORB","PERENNIAL","FORB",19.234,0.559,4.8,7.859942857,0.2032,0.138977909,35.26726667,0.26778
"9","Achillea millefolium","allmendo.ch",-0.25,"FORB","PERENNIAL","FORB",19.234,0.559,4.8,7.859942857,0.2032,0.138977909,35.26726667,0.26778
"10","Agrostis canina","lygraint.no",0,"GRASS","NULL","GRASS",20.86288625,0.4223,9.3,33.1583154,0.254,0.100489808,198.0882488,0.15
"11","Agrostis capillaris","pineta.es",-1.33333333333333,"GRASS","PERENNIAL","GRASS",27.65006595,0.393022873,8.907142857,29.44748071,0.3048,0.230872486,141.2639378,0.128571429
"12","Agrostis montevidensis","marcdrt.ar",2.33333333333333,"FORB","PERENNIAL","GRASS",21.13881933,0.229358974,8.373856221,12,0.373474257,0.318088373,166.7639741,0.121223477
"13","Agrostis rupestris","passogavia.it",-0.7,"GRASS","PERENNIAL","GRASS",17,0.035,8.497540706,15.5,0.41135993,0.282451859,187.9538421,0.121651842
"14","Aira caryophyllea","lcsouth.cl",21.5,"GRASS","ANNUAL","GRASS",19.9,0.155,8.843084453,21.08,0.181536575,0.207004398,224.2166835,0.21
"15","Aira caryophyllea","lcnorth.cl",-35.6666666666667,"GRASS","ANNUAL","GRASS",19.9,0.155,8.843084453,21.08,0.181536575,0.207004398,224.2166835,0.21
"16","Alchemilla pentaphyllea","passogavia.it",15.8,"FORB","PERENNIAL","FORB",37,NA,12.45427063,21,0.467155761,0.322232544,124.474535,0.553869747
"17","Allionia incarnata","cerrillos.ar",1.25,"FORB","PERENNIAL","FORB",23.79473104,0.4,9.368672762,21.88917424,0.4,0.333244632,10.31,0.665
"18","Allium acuminatum","oreaa.us",-0.5,"FORB","PERENNIAL","FORB",23.66432391,0.3048,10.42533081,8.45,0.1524,0.364284504,NA,1.64
"19","Alopecurus pratensis","validate.fr",13.6,"GRASS","PERENNIAL","GRASS",23.8325776,0.806266667,9.698958476,27.30021588,0.3048,0.069943613,230.6921222,0.305414955
"20","Alyssum desertorum","nplatte.us",0.0833333333333335,"FORB","ANNUAL","FORB",31.47332265,0.1,13.3203141,27.17578947,1.121515675,0.520679488,44.5774581,0.377279161
"21","Ambrosia artemisiifolia","bivensarm.us",0.177777777333333,"FORB","ANNUAL","FORB",23.1,0.226,15.077975,21.45333609,1.22,0.08,135,0.36
"22","Ambrosia psilostachya","cedarsav.us",-6.75,"FORB","PERENNIAL","FORB",23.246,0.4385,12.9,15.82842,0.99,0.37,72.86943333,0.44
"23","Ambrosia psilostachya","oklah.us",-7.5,"FORB","PERENNIAL","FORB",23.246,0.4385,12.9,15.82842,0.99,0.37,72.86943333,0.44
"24","Ambrosia psilostachya","slp.us",-1,"FORB","PERENNIAL","FORB",23.246,0.4385,12.9,15.82842,0.99,0.37,72.86943333,0.44
"25","Ambrosia tenuifolia","marcdrt.ar",0.5,"FORB","PERENNIAL","FORB",18.2,4.572,18.87281285,9.366271504,0.6096,0.363287337,178.9047728,0.762624192
"26","Ambrosia tenuifolia","chilcasdrt.ar",-1.75,"FORB","PERENNIAL","FORB",18.2,4.572,18.87281285,9.366271504,0.6096,0.363287337,178.9047728,0.762624192
"27","Amorpha canescens","cedarsav.us",-3.5,"FORB","PERENNIAL","LEGUME",22.25861206,0.446,27.18327333,13.80561828,0.508,0.59,45.95532256,0.19
"28","Amorpha canescens","cedartrait.us",-2.66666666666667,"FORB","PERENNIAL","LEGUME",22.25861206,0.446,27.18327333,13.80561828,0.508,0.59,45.95532256,0.19
"29","Anagallis arvensis","scruzh.us",-2.25,"FORB","ANNUAL","FORB",25,0.187,12.15309586,28.34396552,0.315,0.203073729,93.81085379,0.439038433
"30","Andropogon gerardii","konzadrt.us",-17.6,"GRASS","PERENNIAL","GRASS",11.43191184,1.43,14.4,7.475763032,0.508,0.2,65.1,0.7
"31","Andropogon gerardii","cedartrait.us",-11.2222222222222,"GRASS","PERENNIAL","GRASS",11.43191184,1.43,14.4,7.475763032,0.508,0.2,65.1,0.7
"32","Andropogon gerardii","brookdale.ca",-0.0833333333333333,"GRASS","PERENNIAL","GRASS",11.43191184,1.43,14.4,7.475763032,0.508,0.2,65.1,0.7
"33","Andropogon gerardii","cedarsav.us",1.875,"GRASS","PERENNIAL","GRASS",11.43191184,1.43,14.4,7.475763032,0.508,0.2,65.1,0.7
"34","Andropogon virginicus","bivensarm.us",3.8333333335,"GRAMINOID","PERENNIAL","GRASS",13.3,0.763593333,9.715897322,11.86738259,0.3556,0.294763114,44.58555987,0.416054483
"35","Anthoxanthum odoratum","passogavia.it",0,"GRASS","PERENNIAL","GRASS",23.59023243,0.383753535,8.005555556,24.91123988,0.155,0.107066623,344.3025853,0.111111111
"36","Anthoxanthum odoratum","cowidrt.ca",-0.333333333333333,"GRASS","PERENNIAL","GRASS",23.59023243,0.383753535,8.005555556,24.91123988,0.155,0.107066623,344.3025853,0.111111111
"37","Anthoxanthum odoratum","rhijn.nl",-4.06666666666667,"GRASS","PERENNIAL","GRASS",23.59023243,0.383753535,8.005555556,24.91123988,0.155,0.107066623,344.3025853,0.111111111
"38","Anthoxanthum odoratum","elvadrt.ee",-0.333333333333333,"GRASS","PERENNIAL","GRASS",23.59023243,0.383753535,8.005555556,24.91123988,0.155,0.107066623,344.3025853,0.111111111
"39","Anthyllis vulneraria","allmendo.ch",1.29166666666667,"FORB","PERENNIAL","LEGUME",32.33118574,0.2845,19.6042,18.21819656,1.7,0.22014466,149.3012403,0.25
"40","Apera spica-venti","baddrt.de",-0.8,"GRASS","ANNUAL","GRASS",22.44308186,0.775,8.744455455,19.13333333,0.66,0.183564622,193.8,0.300132339
"41","Arenaria serpyllifolia","jenadrt.de",-0.25,"FORB","ANNUAL","FORB",12,0.075,13.275,23.7,0.21,0.067,277.6260987,0.207422972
"42","Aristida holathera","ethadb.au",-1,"GRASS","ANNUAL","GRASS",8.4875,0.7,2.975,5.62,0.703009912,0.745,44.86124996,0.375
"43","Aristida stricta","bivensarm.us",0.580808080818182,"GRAMINOID","PERENNIAL","GRASS",11.1128167,1.18872,6.318642134,6.79,0.1524,0.536990085,57.28887629,0.573693542
"44","Armeria maritima","paike.ar",0,"FORB","PERENNIAL","FORB",17,0.308106667,9.3,21.1502,0.254,0.2612175,57.875,0.221876923
"45","Arrhenatherum elatius","rhijn.nl",-1.66666666666667,"GRASS, Forb (Jena)","PERENNIAL","GRASS",25.84,0.857,8.902914385,29.67,0.3556,0.119407807,190.1954961,0.304707692
"46","Arrhenatherum elatius","jenadrt.de",0.25,"GRASS, Forb (Jena)","PERENNIAL","GRASS",25.84,0.857,8.902914385,29.67,0.3556,0.119407807,190.1954961,0.304707692
"47","Arrhenatherum elatius","validate.fr",-7.9,"GRASS, Forb (Jena)","PERENNIAL","GRASS",25.84,0.857,8.902914385,29.67,0.3556,0.119407807,190.1954961,0.304707692
"48","Artemisia ludoviciana","kernnu.ca",2,"FORB","PERENNIAL","FORB",19.24454545,0.597,11.63,16.4954108,0.2032,0.222016659,76.92231348,0.31821746
"49","Artemisia ludoviciana","kernb.ca",1.25,"FORB","PERENNIAL","FORB",19.24454545,0.597,11.63,16.4954108,0.2032,0.222016659,76.92231348,0.31821746
"50","Artemisia ludoviciana","brookdale.ca",0.32499999985,"FORB","PERENNIAL","FORB",19.24454545,0.597,11.63,16.4954108,0.2032,0.222016659,76.92231348,0.31821746
"51","Artemisia ludoviciana","cedarsav.us",-0.75,"FORB","PERENNIAL","FORB",19.24454545,0.597,11.63,16.4954108,0.2032,0.222016659,76.92231348,0.31821746
"52","Asperula cynanchica","allmendo.ch",1.875,"FORB","PERENNIAL","FORB",26.78563146,0.284375,4.540442599,27.91666667,0.93,0.3908625,22.875,0.16639
"53","Asperula cynanchica","allmendb.ch",-0.125,"FORB","PERENNIAL","FORB",26.78563146,0.284375,4.540442599,27.91666667,0.93,0.3908625,22.875,0.16639
"54","Asperula gunnii","falls.au",0,"FORB","PERENNIAL","FORB",23.36581912,0.432,8.643246404,21.796842,0.570946719,0.353973018,157.6465274,0.169025203
"55","Astrantia major","pineta.es",3.75,"FORB","NULL","FORB",28.539,0.4215,10.15016148,22.75909384,1.102055464,0.24350627,154.1435862,0.500938893
"56","Avena barbata","scruzl.us",4.4,"GRASS","ANNUAL","GRASS",17,0.389,8.408464445,25.674375,0.5,0.02363125,149,0.373688235
"57","Avena barbata","scruzh.us",-1.5,"GRASS","ANNUAL","GRASS",17,0.389,8.408464445,25.674375,0.5,0.02363125,149,0.373688235
"58","Avena barbata","naposta.ar",-26.6666666666667,"GRASS","ANNUAL","GRASS",17,0.389,8.408464445,25.674375,0.5,0.02363125,149,0.373688235
"59","Avena barbata","scruzm.us",22,"GRASS","ANNUAL","GRASS",17,0.389,8.408464445,25.674375,0.5,0.02363125,149,0.373688235
"60","Bassia scoparia","antelope.us",0.075,"FORB","ANNUAL","FORB",32.45,1.184444444,9.39334462,19.65690846,0.573370828,0.384575183,97.31383001,0.249537131
"61","Bellis perennis","jenadrt.de",-6,"FORB","PERENNIAL","FORB",17.81,0.165,8.4,34.15,0.18,0.130088142,324.9590331,0.243322583
"62","Boerhavia diffusa","cerrillos.ar",-3.13,"FORB","PERENNIAL","FORB",22.5528536,0.55,8.971301891,20.76,1.2,0.347315764,14.29,0.630988319
"63","Bouteloua aristidoides","cerrillos.ar",23.1233333333333,"GRASS","ANNUAL","GRASS",15.9,0.04,11.24538881,12.89,0.3,0.350158988,103.65,0.067251419
"64","Bouteloua curtipendula","konzadrt.us",11,"GRASS","PERENNIAL","GRASS",8.7,0.427,8.84,14.60867,0.3048,0.19,94.40056667,0.032
"65","Bouteloua gracilis","konzadrt.us",-1.66666666666667,"GRASS","PERENNIAL","GRASS",15.416,0.345,14.76,12.868115,0.135,0.447182567,118.8815333,0.192729167
"66","Bouteloua gracilis","mattheis.ca",-9,"GRASS","PERENNIAL","GRASS",15.416,0.345,14.76,12.868115,0.135,0.447182567,118.8815333,0.192729167
"67","Bouteloua gracilis","nplatte.us",-2.14285714285714,"GRASS","PERENNIAL","GRASS",15.416,0.345,14.76,12.868115,0.135,0.447182567,118.8815333,0.192729167
"68","Brachypodium pinnatum","allmendo.ch",0.916666666666667,"GRASS","PERENNIAL","GRASS",18.10766667,0.540866667,7.10106212,23.9927357,0.1,0.186379697,207.6695041,0.22129993
"69","Brachypodium pinnatum","pineta.es",-6,"GRASS","PERENNIAL","GRASS",18.10766667,0.540866667,7.10106212,23.9927357,0.1,0.186379697,207.6695041,0.22129993
"70","Brachypodium pinnatum","allmendb.ch",-7,"GRASS","PERENNIAL","GRASS",18.10766667,0.540866667,7.10106212,23.9927357,0.1,0.186379697,207.6695041,0.22129993
"71","Brachypodium retusum","ayora.es",17.2,"GRASS","PERENNIAL","GRASS",7.1,0.4,4.578925223,16.24363109,0.2586667,0.304852694,25.86916574,0.85
"72","Briza media","elvadrt.ee",3.33333333333333,"GRASS","PERENNIAL, Annual (Jilpanger)","GRASS",19.10016667,0.41946,2.042559524,20.92775774,0.52,0.179667951,288.6987236,0.171363333
"73","Briza media","allmendo.ch",0.666666666666667,"GRASS","PERENNIAL, Annual (Jilpanger)","GRASS",19.10016667,0.41946,2.042559524,20.92775774,0.52,0.179667951,288.6987236,0.171363333
"74","Briza media","allmendb.ch",0,"GRASS","PERENNIAL, Annual (Jilpanger)","GRASS",19.10016667,0.41946,2.042559524,20.92775774,0.52,0.179667951,288.6987236,0.171363333
"75","Bromus catharticus","naposta.ar",1.66666666666667,"GRASS","NULL","GRASS",24.92311687,0.9572,4.9,35,0.3048,0.079079135,129.3385704,0.30525
"76","Bromus catharticus","marcdrt.ar",-1.66666666666667,"GRASS","NULL","GRASS",24.92311687,0.9572,4.9,35,0.3048,0.079079135,129.3385704,0.30525
"77","Bromus diandrus","scruzl.us",-0.4,"GRASS","ANNUAL","GRASS",19.4,0.99,10.24261237,39,0.664721084,0.142148117,238.8,0.414834417
"78","Bromus diandrus","scruzm.us",-16.2,"GRASS","ANNUAL","GRASS",19.4,0.99,10.24261237,39,0.664721084,0.142148117,238.8,0.414834417
"79","Bromus erectus","allmendo.ch",-7.25,"GRASS","PERENNIAL","GRASS",18.81892435,0.717333333,7.243150315,21.09580137,0.894,0.174709631,157.1212818,0.273789089
"80","Bromus erectus","allmendb.ch",0.333333333333332,"GRASS","PERENNIAL","GRASS",18.81892435,0.717333333,7.243150315,21.09580137,0.894,0.174709631,157.1212818,0.273789089
"81","Bromus hordeaceus","baddrt.de",-1.825,"GRASS","ANNUAL","GRASS",25.57289667,0.6899,10.2,27.25455017,0.254,0.137083333,471.2364007,0.2
"82","Bromus hordeaceus","scruzh.us",-1.5,"GRASS","ANNUAL","GRASS",25.57289667,0.6899,10.2,27.25455017,0.254,0.137083333,471.2364007,0.2
"83","Bromus inermis","brookdale.ca",0.1,"GRASS","PERENNIAL","GRASS",21.49936399,0.81,17.20145333,17.7899321,0.3048,0.268601793,108.7724975,0.281416667
"84","Bromus japonicus","oreac.us",6.8,"GRASS","ANNUAL","GRASS",20.898,0.424044444,9.067927037,19.31803729,1.5,0.309868736,156.4992401,0.54
"85","Bromus japonicus","oreaa.us",0,"GRASS","ANNUAL","GRASS",20.898,0.424044444,9.067927037,19.31803729,1.5,0.309868736,156.4992401,0.54
"86","Bromus rubens","capmcd.us",0,"GRASS","ANNUAL","GRASS",28.7686987,0.39624,8.986278183,18.713372,0.2032,0.310983708,149.5844876,0.308356516
"87","Bromus rubens","gmgranite.us",-0.0333333333333333,"GRASS","ANNUAL","GRASS",28.7686987,0.39624,8.986278183,18.713372,0.2032,0.310983708,149.5844876,0.308356516
"88","Bromus rubens","gmmolar.us",-0.1,"GRASS","ANNUAL","GRASS",28.7686987,0.39624,8.986278183,18.713372,0.2032,0.310983708,149.5844876,0.308356516
"89","Bromus sterilis","cowidrt.ca",-14.6666666666667,"GRASS","ANNUAL","GRASS",27.9,0.658333333,9.050166032,30.5349098,1.5,0.4459545,279.231,0.264288633
"90","Bromus sterilis","baddrt.de",9.66,"GRASS","ANNUAL","GRASS",27.9,0.658333333,9.050166032,30.5349098,1.5,0.4459545,279.231,0.264288633
"91","Bromus tectorum","hard.us",-0.5,"GRASS","ANNUAL","GRASS",18.768,0.198681818,7.006735802,17.28496,0.90288,0.47,31.204325,0.57
"92","Bromus tectorum","nplatte.us",0.476190476190477,"GRASS","ANNUAL","GRASS",18.768,0.198681818,7.006735802,17.28496,0.90288,0.47,31.204325,0.57
"93","Bromus tectorum","cowidrt.ca",4.5,"GRASS","ANNUAL","GRASS",18.768,0.198681818,7.006735802,17.28496,0.90288,0.47,31.204325,0.57
"94","Calamovilfa longifolia","cedarsav.us",0,"GRAMINOID","PERENNIAL","GRASS",13.59,0.968,5.2246,10.96892152,0.508,0.18,33,0.48
"95","Calylophus serrulatus","oklah.us",0,"FORB","PERENNIAL","FORB",27.14258247,0.370017392,11.95337047,11.69,1.33,0.419435767,109.2762943,0.332447572
"96","Camassia quamash","cowidrt.ca",0.5,"GRASS","PERENNIAL","FORB",27.42842508,0.70104,10.68807051,12.08,0.254,0.316040808,NA,0.932310815
"97","Campanula rotundifolia","kernnu.ca",-0.333333333333333,"FORB","PERENNIAL","FORB",21.08333333,0.452,13.14618087,22.94812699,1.125,0.146551312,475.6578007,0.141566667
"98","Campanula rotundifolia","kernb.ca",0,"FORB","PERENNIAL","FORB",21.08333333,0.452,13.14618087,22.94812699,1.125,0.146551312,475.6578007,0.141566667
"99","Carduus pycnocephalus","scruzl.us",-7.8,"FORB","ANNUAL","FORB",8.2,0.8,15.95131794,38,1.818370447,0.057208068,239.9117417,0.514014229
"100","Carduus pycnocephalus","scruzm.us",-1,"FORB","ANNUAL","FORB",8.2,0.8,15.95131794,38,1.818370447,0.057208068,239.9117417,0.514014229
"101","Carex arenaria","hoide.de",-1.66666666666667,"GRAMINOID","PERENNIAL","GRAMINOID",19.12604168,0.384259259,4.813983052,14.42164292,1.02,0.213901275,101.9846611,0.298247492
"102","Carex arenaria","hyide.de",-1.66666666666667,"GRAMINOID","PERENNIAL","GRAMINOID",19.12604168,0.384259259,4.813983052,14.42164292,1.02,0.213901275,101.9846611,0.298247492
"103","Carex breviculmis","falls.au",0.25,"GRASS","PERENNIAL","GRAMINOID",18.30157885,0.05,4.790760561,14.60009466,0.643749302,0.201694535,98.749896,0.292060534
"104","Carex brevior","konzadrt.us",-2.2,"GRAMINOID","PERENNIAL","GRAMINOID",19.66905045,0.254,4.80375618,21.15675902,0.593645298,0.151679871,97.15404162,0.327804179
"105","Carex caryophyllea","allmendo.ch",1.75,"GRAMINOID","PERENNIAL","GRAMINOID",18,0.223333333,4.995399659,18.76023077,0.2,0.175947244,142.613172,0.0784
"106","Carex caryophyllea","allmendb.ch",2.91666666666667,"GRAMINOID","PERENNIAL","GRAMINOID",18,0.223333333,4.995399659,18.76023077,0.2,0.175947244,142.613172,0.0784
"107","Carex curvula","passogavia.it",1,"GRAMINOID","PERENNIAL","GRAMINOID",12,0.437778071,5.532956422,9.999104145,0.65,0.245440334,134.7268838,0.32064211
"108","Carex distachya","ayora.es",-1,"GRAMINOID","PERENNIAL","FORB",18.75799477,0.1756,4.832835102,4.8,0.91,0.286560515,94.65180485,0.267297413
"109","Carex echinata","lygraold.no",29,"GRAMINOID","NULL","GRAMINOID",17.8,0.33305,5.111255298,15.53,0.2032,0.20381412,104.2041272,0.31437154
"110","Carex flacca","allmendo.ch",0,"GRAMINOID","PERENNIAL","GRAMINOID",17.07498081,0.37125,4.956666667,14.4018786,0.83,0.169025277,218.7926062,0.380313725
"111","Carex flacca","allmendb.ch",-1.5,"GRAMINOID","PERENNIAL","GRAMINOID",17.07498081,0.37125,4.956666667,14.4018786,0.83,0.169025277,218.7926062,0.380313725
"112","Carex hebes","falls.au",0,"GRASS","PERENNIAL","GRAMINOID",19.32875382,0.314786381,4.883966427,19.096154,0.593961778,0.170092912,98.71614231,0.327235699
"113","Carex nigra","lygraold.no",-1.5,"GRAMINOID","NULL","GRAMINOID",24.40009307,0.388666667,6.648625922,20.83559904,0.78,0.2198095,52.8,0.2421
"114","Carex pilulifera","lygraint.no",-1,"GRAMINOID","NULL","GRAMINOID",27.98325592,0.225625,4.221143119,19.13235729,0.553959305,0.172355678,51.83732018,0.306159214
"115","Celmisia costiniana","falls.au",1.66666666666666,"FORB","PERENNIAL","FORB",20.91047528,0.515,11.51438714,9.655537,0.544193829,0.258657721,129.5204575,0.277497004
"116","Cenchrus ciliaris","cerrillos.ar",0,"GRASS","PERENNIAL","GRASS",18.5,0.9144,6.5,14.69,0.508,0.289701402,12.55615736,0.236512789
"117","Centaurea jacea","allmendb.ch",-0.75,"FORB","PERENNIAL","FORB",25.06160617,0.8275,11.34202,21.9478316,0.155,0.133545753,116.6184597,0.328737037
"118","Centaurea jacea","allmendo.ch",1.375,"FORB","PERENNIAL","FORB",25.06160617,0.8275,11.34202,21.9478316,0.155,0.133545753,116.6184597,0.328737037
"119","Centaurea jacea","rhijn.nl",-1.2,"FORB","PERENNIAL","FORB",25.06160617,0.8275,11.34202,21.9478316,0.155,0.133545753,116.6184597,0.328737037
"120","Centaurea melitensis","lcnorth.cl",-26,"FORB","ANNUAL","FORB",23.46839325,1,13.19014872,9.4,0.3,0.255779309,145.36,0.333202668
"121","Centaurea scabiosa","allmendo.ch",-3.20833333333333,"FORB","PERENNIAL","FORB",22.3,0.9625,11.09976411,16.2315625,2.708833,0.182590287,146.4648418,0.286172254
"122","Centaurea scabiosa","allmendb.ch",0.083333333333333,"FORB","PERENNIAL","FORB",22.3,0.9625,11.09976411,16.2315625,2.708833,0.182590287,146.4648418,0.286172254
"123","Cerastium arvense","elvadrt.ee",0,"FORB","PERENNIAL","FORB",24.36700677,0.188888889,6.130655925,21.10181624,0.22,0.486326636,91.58154988,0.188766667
"124","Cerastium arvense","cowidrt.ca",0,"FORB","PERENNIAL","FORB",24.36700677,0.188888889,6.130655925,21.10181624,0.22,0.486326636,91.58154988,0.188766667
"125","Cerastium arvense","kernnu.ca",1.5,"FORB","PERENNIAL","FORB",24.36700677,0.188888889,6.130655925,21.10181624,0.22,0.486326636,91.58154988,0.188766667
"126","Cerastium arvense","kernb.ca",0,"FORB","PERENNIAL","FORB",24.36700677,0.188888889,6.130655925,21.10181624,0.22,0.486326636,91.58154988,0.188766667
"127","Cerastium arvense","matador.ca",-0.5,"FORB","PERENNIAL","FORB",24.36700677,0.188888889,6.130655925,21.10181624,0.22,0.486326636,91.58154988,0.188766667
"128","Cerastium arvense","cmss.us",4,"FORB","PERENNIAL","FORB",24.36700677,0.188888889,6.130655925,21.10181624,0.22,0.486326636,91.58154988,0.188766667
"129","Cerastium arvense","paike.ar",0,"FORB","PERENNIAL","FORB",24.36700677,0.188888889,6.130655925,21.10181624,0.22,0.486326636,91.58154988,0.188766667
"130","Cerastium fontanum","jenadrt.de",-0.916666666666667,"FORB","PERENNIAL","FORB",24.9755,0.218333333,8.721238939,25.83139407,0.193150305,0.133299797,101.6244572,0.282
"131","Cerastium glomeratum","cowidrt.ca",0.0666666666666667,"FORB","ANNUAL","FORB",17.025,0.249,14.7,23.38503171,0.11,0.4988333,318,0.157464537
"132","Cerastium glomeratum","jenadrt.de",-0.666666666666667,"FORB","ANNUAL","FORB",17.025,0.249,14.7,23.38503171,0.11,0.4988333,318,0.157464537
"133","Chlorogalum pomeridianum","scruzh.us",-2.5,"FORB","PERENNIAL","FORB",28.9,0.60286681,10.51116258,12.962,0.250380941,0.307317495,NA,0.924327217
"134","Chondrosum eriopodum","antelope.us",-3.78571428571429,"GRAMINOID","PERENNIAL","GRASS",14.8969364,0.508735283,9.087317693,18.54844313,0.463154361,0.271708636,193.2171249,0.03
"135","Chondrosum eriopodum","jorndrt.us",-17.6666666666667,"GRAMINOID","PERENNIAL","GRASS",14.8969364,0.508735283,9.087317693,18.54844313,0.463154361,0.271708636,193.2171249,0.03
"136","Cirsium arvense","baddrt.de",-1.25,"FORB","PERENNIAL","FORB",29.75611991,0.84284049,15.2,16.60803212,1.853333,0.272498089,64,0.71
"137","Cirsium arvense","esw.ca",0.333333333333333,"FORB","PERENNIAL","FORB",29.75611991,0.84284049,15.2,16.60803212,1.853333,0.272498089,64,0.71
"138","Cirsium arvense","brookdale.ca",0.1,"FORB","PERENNIAL","FORB",29.75611991,0.84284049,15.2,16.60803212,1.853333,0.272498089,64,0.71
"139","Cirsium vulgare","scruzl.us",-5.25,"FORB","BIENNIAL","FORB",38.6,1.175,15.11324196,14.23064781,2.1,0.285613682,131.2433191,0.184
"140","Cirsium vulgare","scruzh.us",15,"FORB","BIENNIAL","FORB",38.6,1.175,15.11324196,14.23064781,2.1,0.285613682,131.2433191,0.184
"141","Claytonia perfoliata","cowidrt.ca",8.5,"FORB","NULL","FORB",24.6,0.222866667,10.49947624,52.4560081,0.1524,0.04795616,117.9293372,0.466033481
"142","Collinsia parviflora","oreaa.us",0,"FORB","ANNUAL","FORB",24.9666689,0.3048,14.4920836,32.3,0.449812959,0.186900323,211.7691975,0.28
"143","Collinsia parviflora","oreac.us",0,"FORB","ANNUAL","FORB",24.9666689,0.3048,14.4920836,32.3,0.449812959,0.186900323,211.7691975,0.28
"144","Comandra umbellata","matador.ca",-4.5,"FORB","PERENNIAL","FORB",21.0594,0.248223914,9.387071458,18.08533756,0.681927847,0.334821433,31.36179282,0.321385714
"145","Comandra umbellata","brookdale.ca",0,"FORB","PERENNIAL","FORB",21.0594,0.248223914,9.387071458,18.08533756,0.681927847,0.334821433,31.36179282,0.321385714
"146","Comandra umbellata","cedarsav.us",-2.16666666666667,"FORB","PERENNIAL","FORB",21.0594,0.248223914,9.387071458,18.08533756,0.681927847,0.334821433,31.36179282,0.321385714
"147","Commelina cyanea","yarradrt.au",0,"FORB","PERENNIAL","FORB",30.634,0.1,9.421189506,34.85,0.372127358,0.12642,142.3912932,0.05284
"148","Convolvulus arvensis","jenadrt.de",-2.5,"FORB","PERENNIAL","FORB",27.77,0.048,12.29,17.215475,2.24,0.5298167,31.40813333,0.370782563
"149","Conyza canadensis","bivensarm.us",0.203749999775,"FORB","NULL","FORB",27.9,0.836805556,12.78245899,21.34368455,0.1524,0.09,119,0.35
"150","Coreopsis palmata","cedartrait.us",-0.916666666666667,"FORB","PERENNIAL","FORB",12.06502778,0.614,18.5591,18.06209157,0.808334779,0.1,82.33333333,0.33
"151","Coreopsis palmata","cedarsav.us",-23.5,"FORB","PERENNIAL","FORB",12.06502778,0.614,18.5591,18.06209157,0.808334779,0.1,82.33333333,0.33
"152","Crepis biennis","jenadrt.de",-0.333333333333333,"FORB","PERENNIAL","FORB",18.28,0.183,10.22761651,19.04,0.99,0.113427835,154.7062535,0.425214286
"153","Crepis biennis","allmendb.ch",-0.25,"FORB","PERENNIAL","FORB",18.28,0.183,10.22761651,19.04,0.99,0.113427835,154.7062535,0.425214286
"154","Crepis biennis","baddrt.de",0.2,"FORB","PERENNIAL","FORB",18.28,0.183,10.22761651,19.04,0.99,0.113427835,154.7062535,0.425214286
"155","Crepis capillaris","baddrt.de",0.2,"FORB","ANNUAL","FORB",25.65,0.458333333,10.7,35.00023666,0.385,0.034609511,138,0.451631676
"156","Croton glandulosus","bfl.us",0,"FORB","ANNUAL","FORB",17.5,0.480638763,12.09587325,38.2464889,0.999154641,0.225597414,153.5549323,0.593277454
"157","Croton monanthogynus","oklah.us",1.25,"FORB","ANNUAL","FORB",17.5,0.42171446,12.17699152,18.1,1.060784681,0.393482819,143.1969975,0.526032116
"158","Cruciata glabra","pineta.es",0,"FORB","NULL","FORB",17.002,0.194,10.75350322,21.52069774,0.14,0.306222369,242.5204112,0.163589059
"159","Cymbopogon caesius","ukulingadrt.za",2.75,"GRASS","PERENNIAL","GRASS",13.857227,0.962214255,6.656233111,17.88,0.278522058,0.292909071,36.59052686,0.346762063
"160","Cynodon dactylon","sclaudio.ar",1.5,"GRAMINOID","PERENNIAL","GRASS",16.887,0.235788519,8.517127051,16.61,0.3556,0.51,26.34,0.071
"161","Cynodon dactylon","yarradrt.au",-9.69499999999999,"GRAMINOID","PERENNIAL","GRASS",16.887,0.235788519,8.517127051,16.61,0.3556,0.51,26.34,0.071
"162","Cynosurus cristatus","rhijn.nl",-2,"GRASS","PERENNIAL","GRASS",20.5,0.588,8.98,25.76472222,0.22,0.3312667,24.6,0.705
"163","Dactylis glomerata","rhijn.nl",9.33333333333333,"GRASS","PERENNIAL","GRASS",25.72069341,0.671309259,10.15714286,26.04843708,0.3048,0.138583824,304.2076965,0.142857143
"164","Dactylis glomerata","elvadrt.ee",-4,"GRASS","PERENNIAL","GRASS",25.72069341,0.671309259,10.15714286,26.04843708,0.3048,0.138583824,304.2076965,0.142857143
"165","Dactylis glomerata","validate.fr",10.4,"GRASS","PERENNIAL","GRASS",25.72069341,0.671309259,10.15714286,26.04843708,0.3048,0.138583824,304.2076965,0.142857143
"166","Dactylis glomerata","cowidrt.ca",-5.5,"GRASS","PERENNIAL","GRASS",25.72069341,0.671309259,10.15714286,26.04843708,0.3048,0.138583824,304.2076965,0.142857143
"167","Dactylorhiza maculata","lygraint.no",-1,"FORB","NULL","FORB",22.6,0.6,10.99253857,24.23285714,0.100367652,0.222222098,108.1171735,0.555663263
"168","Dactylorhiza maculata","pineta.es",0,"FORB","NULL","FORB",22.6,0.6,10.99253857,24.23285714,0.100367652,0.222222098,108.1171735,0.555663263
"169","Dalea purpurea","oklah.us",6,"FORB","PERENNIAL","LEGUME",14.1,0.5272,13.9583,13.02080619,1.525,0.174143261,73.40507735,0.341785714
"170","Danthonia californica","oreaa.us",7.16666666666667,"GRASS","PERENNIAL","GRASS",21.1,0.6096,9.343848377,46.56,0.4064,0.094719179,103.8644685,0.413731082
"171","Daucus carota","esw.ca",-2,"FORB","BIENNIAL","FORB",23.75644602,0.487097662,12.75277167,17.37707021,0.8266667,0.329231092,244.5257138,0.314314803
"172","Daucus carota","elvadrt.ee",0,"FORB","BIENNIAL","FORB",23.75644602,0.487097662,12.75277167,17.37707021,0.8266667,0.329231092,244.5257138,0.314314803
"173","Deschampsia cespitosa","paike.ar",0,"GRASS","PERENNIAL","GRASS",19.38145224,0.623466667,9.504294333,15.38069921,1.23,0.170736151,364.9892355,0.206048414
"174","Deschampsia flexuosa","hoide.de",0,"GRASS","PERENNIAL","GRASS",21.14852266,0.40801415,6.90123,17.19285365,0.2032,0.386033,196.6766667,0.27
"175","Deschampsia flexuosa","lygraint.no",2,"GRASS","PERENNIAL","GRASS",21.14852266,0.40801415,6.90123,17.19285365,0.2032,0.386033,196.6766667,0.27
"176","Dichanthelium oligosanthes","bfl.us",3.5,"GRASS","PERENNIAL","GRASS",12.8,0.2083,4.73,23.2764706,0.423607253,0.261358967,7.466,0.36
"177","Dichanthelium oligosanthes","oklah.us",-4,"GRASS","PERENNIAL","GRASS",12.8,0.2083,4.73,23.2764706,0.423607253,0.261358967,7.466,0.36
"178","Dichanthelium oligosanthes","konzadrt.us",-4.25,"GRASS","PERENNIAL","GRASS",12.8,0.2083,4.73,23.2764706,0.423607253,0.261358967,7.466,0.36
"179","Diplotaxis tenuifolia","naposta.ar",-1.66666666666667,"FORB","BIENNIAL","FORB",31.29095327,0.575,14.02827681,22.45,1.170737015,0.566459823,53.58709687,0.399906876
"180","Dorycnium pentaphyllum","ayora.es",-1.5,"SUBSHRUB","PERENNIAL","LEGUME",24.5,0.4,13.1305785,20.8,1.17,0.56,3.83,0.517886924
"181","Echium vulgare","allmendb.ch",0.125,"FORB","PERENNIAL","FORB",23.6,0.716666667,12.28969466,14.45,2.57,0.362935325,149.2788485,0.385
"182","Ehrharta stipoides","yarradrt.au",-2.71666666666667,"GRASS","PERENNIAL","GRASS",25.541,0.670248521,2.040253744,21.72,0.3807231,0.72,39.27787662,0.043
"183","Elymus elymoides","oreac.us",-4.125,"GRASS","PERENNIAL","GRASS",13.572,0.4235,10.19,13.868725,0.3048,0.387230769,48.4183,0.62
"184","Elymus elymoides","oreaa.us",-1.125,"GRASS","PERENNIAL","GRASS",13.572,0.4235,10.19,13.868725,0.3048,0.387230769,48.4183,0.62
"185","Elymus repens","jenadrt.de",-4.75,"GRASS","PERENNIAL","GRASS",26.17661742,0.605442518,16.42030861,22.79877956,0.3556,0.220460629,91.89875611,0.258457785
"186","Elymus smithii","biddulph.ca",-0.75,"GRAMINOID","PERENNIAL","GRASS",28.0185,0.6096,17.06975875,31.74700117,0.508,0.15784992,73.5,0.419548409
"187","Enneapogon polyphyllus","credom.au",-1.9,"GRASS","PERENNIAL","GRASS",10.55,0.325,3.7,7.035333333,0.350050558,0.44,NA,0.6
"188","Enneapogon polyphyllus","credoj.au",-0.375,"GRASS","PERENNIAL","GRASS",10.55,0.325,3.7,7.035333333,0.350050558,0.44,NA,0.6
"189","Epilobium angustifolium","baddrt.de",0.075,"FORB","PERENNIAL","FORB",26.69696541,1.0483,15.43931368,19.77553761,0.627,0.328382619,261.095,0.335656736
"190","Epilobium brachycarpum","oreac.us",-0.3,"FORB","ANNUAL","FORB",30.48666667,0.286,10.95816314,21.56584,0.689424156,0.343062758,81.71053333,0.363723603
"191","Epilobium brachycarpum","oreaa.us",0.6,"FORB","ANNUAL","FORB",30.48666667,0.286,10.95816314,21.56584,0.689424156,0.343062758,81.71053333,0.363723603
"192","Epilobium tetragonum","baddrt.de",-0.116666666666667,"FORB","PERENNIAL","FORB",28.01877313,0.720833333,13.22258086,15.9,0.674655441,0.377923218,167.5179887,0.344057504
"193","Epipactis palustris","pineta.es",-5,"FORB","NULL","FORB",24.91187714,0.4375,10.69394443,22.62,0.213589112,0.233384533,93.69976675,0.531156695
"194","Equisetum arvense","elvadrt.ee",0,"FORB","PERENNIAL","FORB",20.06733732,0.344317143,10.65761826,13.18450744,0.2262,0.252201208,93.69557629,0.256341479
"195","Eragrostis curvula","yarradrt.au",-8.505,"GRASS","PERENNIAL","GRASS",15.862,0.9144,5.6,10.92,0.3556,0.674737064,31.5618682,0.071
"196","Eragrostis spectabilis","bivensarm.us",-1.09752747245055,"GRAMINOID","PERENNIAL","GRASS",10.935,0.23375,7.477397743,24.79827372,0.1016,0.410430209,53.00217991,0.255343303
"197","Erigeron annuus","esw.ca",-0.333333333333333,"FORB","ANNUAL","FORB",13.87251282,0.790891667,7.539363428,23.37334387,1.02,0.32875817,62.7520477,0.25
"198","Erigeron bonariensis","naposta.ar",2,"FORB","ANNUAL","FORB",20.2,0.46625,11.70671258,17.6205,0.850727356,0.162494861,126.8641723,0.30477812
"199","Erigeron canadensis","baddrt.de",0.0333333333333333,"FORB","ANNUAL","FORB",27.5,0.676,12.38888882,21.20435157,1.09,0.09,119,0.35
"200","Erigeron strigosus","oklah.us",-6,"FORB","ANNUAL, Perennial (Oklahoma (KAEFS-OK))","FORB",12.3765,0.566,8.469484874,24.97386549,0.254,0.276854627,81.10196985,0.268597214
"201","Eriophorum vaginatum","lygraold.no",0,"GRAMINOID","NULL","GRAMINOID",18.34176544,0.441666667,7.2,10.24422818,0.4,0.0933333,148.81,0.756666667
"202","Erodium cicutarium","spvdrt.ar",-2.33333333333333,"FORB","ANNUAL","FORB",34.47666667,0.0275,11.48,28.8428,0.5,0.43626943,71.7331,0.1243
"203","Erodium cicutarium","capmcd.us",-0.133333333333333,"FORB","ANNUAL","FORB",34.47666667,0.0275,11.48,28.8428,0.5,0.43626943,71.7331,0.1243
"204","Erodium cicutarium","lcnorth.cl",-0.25,"FORB","ANNUAL","FORB",34.47666667,0.0275,11.48,28.8428,0.5,0.43626943,71.7331,0.1243
"205","Erodium cicutarium","scruzh.us",-1,"FORB","ANNUAL","FORB",34.47666667,0.0275,11.48,28.8428,0.5,0.43626943,71.7331,0.1243
"206","Erodium cicutarium","gmgranite.us",-0.0285714285714286,"FORB","ANNUAL","FORB",34.47666667,0.0275,11.48,28.8428,0.5,0.43626943,71.7331,0.1243
"207","Erodium cicutarium","gmmolar.us",-0.1,"FORB","ANNUAL","FORB",34.47666667,0.0275,11.48,28.8428,0.5,0.43626943,71.7331,0.1243
"208","Eschscholzia californica","scruzm.us",4,"FORB","PERENNIAL","FORB",46.6,0.405253333,23.41729515,27.92808564,0.254,0.015053333,527.2,0.24385
"209","Euphorbia cyparissias","allmendo.ch",-0.75,"FORB","PERENNIAL","FORB",29,0.2375,8.96,23.6,0.89,0.411,6.4,0.699
"210","Euphorbia cyparissias","allmendb.ch",1.75,"FORB","PERENNIAL","FORB",29,0.2375,8.96,23.6,0.89,0.411,6.4,0.699
"211","Euthamia graminifolia","cedarsav.us",0,"FORB","PERENNIAL","FORB",19.4891582,0.798,12.53097139,12.04198841,0.385502485,0.215502614,87.47550854,0.330419837
"212","Evolvulus sericeus","bfl.us",0.5,"FORB","PERENNIAL","FORB",28.08432778,0.165186473,11.81355564,13.12723643,1.685926078,0.462205712,64.33111186,0.340536885
"213","Festuca arundinacea","chilcasdrt.ar",-9,"GRASS","PERENNIAL","GRASS",26.75,0.922297147,9.306666667,16.0977261,1.415,0.208261132,167.503371,0.383552278
"214","Festuca arundinacea","sclaudio.ar",-6.25,"GRASS","PERENNIAL","GRASS",26.75,0.922297147,9.306666667,16.0977261,1.415,0.208261132,167.503371,0.383552278
"215","Festuca arundinacea","marcdrt.ar",0,"GRASS","PERENNIAL","GRASS",26.75,0.922297147,9.306666667,16.0977261,1.415,0.208261132,167.503371,0.383552278
"216","Festuca halleri","passogavia.it",1.5,"GRASS","PERENNIAL","GRASS",13,0.784974578,9.30581557,9.9,0.101,0.263301898,264.0577145,0.31
"217","Festuca idahoensis","oreaa.us",0,"GRASS","PERENNIAL","GRASS",10.3118547,0.6096,9.105597628,42.75,0.3556,NA,308.6742312,0.310248556
"218","Festuca idahoensis","cmss.us",0,"GRASS","PERENNIAL","GRASS",10.3118547,0.6096,9.105597628,42.75,0.3556,NA,308.6742312,0.310248556
"219","Festuca idahoensis","oreac.us",-4.5,"GRASS","PERENNIAL","GRASS",10.3118547,0.6096,9.105597628,42.75,0.3556,NA,308.6742312,0.310248556
"220","Festuca ovina","allmendb.ch",-1.33333333333333,"GRASS","PERENNIAL","GRASS",16.78631631,0.414347827,7.790299962,16.83674211,0.254,0.18,180.6632143,0.02
"221","Festuca ovina","allmendo.ch",0.833333333333334,"GRASS","PERENNIAL","GRASS",16.78631631,0.414347827,7.790299962,16.83674211,0.254,0.18,180.6632143,0.02
"222","Festuca pratensis","elvadrt.ee",-1,"GRASS","PERENNIAL","GRASS",22.6929621,0.4,9.037334647,21.47,0.233,0.091553497,289.7039134,0.217565197
"223","Festuca rubra","pineta.es",-2.5,"GRASS","PERENNIAL","GRASS",19.05492673,0.452958333,7.08,20.02617821,0.3048,0.233235525,348.147287,0.12
"224","Festuca rubra","elvadrt.ee",1.33333333333333,"GRASS","PERENNIAL","GRASS",19.05492673,0.452958333,7.08,20.02617821,0.3048,0.233235525,348.147287,0.12
"225","Festuca rubra","baddrt.de",-0.7,"GRASS","PERENNIAL","GRASS",19.05492673,0.452958333,7.08,20.02617821,0.3048,0.233235525,348.147287,0.12
"226","Festuca rubra","rhijn.nl",-9.16666666666666,"GRASS","PERENNIAL","GRASS",19.05492673,0.452958333,7.08,20.02617821,0.3048,0.233235525,348.147287,0.12
"227","Festuca vivipara","lygraint.no",0,"GRASS","NULL","GRASS",12.30541517,0.065,8.764885859,11.02,0.506347461,0.234725977,276.3262647,0.161945853
"228","Fragaria vesca","elvadrt.ee",-6.66666666666667,"FORB","PERENNIAL","FORB",16.48863464,0.136111111,13.26090147,24.4032544,0.267,0.351086957,312.2441806,0.1112
"229","Fragaria vesca","pineta.es",2.75,"FORB","PERENNIAL","FORB",16.48863464,0.136111111,13.26090147,24.4032544,0.267,0.351086957,312.2441806,0.1112
"230","Galium aparine","cowidrt.ca",0,"FORB","ANNUAL","FORB",30.3875,0.765787211,17.66740825,34.58771111,0.1016,0.246153846,342.4265529,0.153183334
"231","Galium boreale","kernnu.ca",4.5,"FORB","PERENNIAL","FORB",18.80683333,0.37,10,22.71017578,0.1524,0.315984509,172.8382766,0.1779
"232","Galium boreale","kernb.ca",-3,"FORB","PERENNIAL","FORB",18.80683333,0.37,10,22.71017578,0.1524,0.315984509,172.8382766,0.1779
"233","Galium boreale","brookdale.ca",0.05,"FORB","PERENNIAL","FORB",18.80683333,0.37,10,22.71017578,0.1524,0.315984509,172.8382766,0.1779
"234","Galium lucidum","ayora.es",1.5,"VINE","PERENNIAL","FORB",26,0.375,12.01609937,40.8,0.67,NA,401.8107354,0.237517884
"235","Galium mollugo","rhijn.nl",-9.16666666666667,"FORB","ANNUAL","FORB",29.6653889,0.57825,12.06782427,21.5515698,0.1688729,0.105319476,406.1581499,0.264461111
"236","Galium saxatile","lygraint.no",-1,"FORB","NULL","FORB",25.1,0.175,13.3735465,25.08983957,0.422365074,0.197762796,345.751649,0.139093799
"237","Galium verum","allmendo.ch",-0.291666666666667,"FORB","PERENNIAL","FORB",21.6094737,0.516038889,11.75956766,17.72121934,0.7266667,0.140178711,402.3842917,0.122981034
"238","Genista scorpius","ebro.es",-9.27324688866667,"SHRUB","NULL","LEGUME",16.71663301,1.5,16.8964922,9.527159544,0.84,0.625566057,25.205126,0.418236909
"239","Geranium dissectum","scruzl.us",-11.75,"FORB","ANNUAL","FORB",19.13,0.151,14.74744404,17.86,0.5,0.382010582,207.6012196,0.122766667
"240","Geranium dissectum","jenadrt.de",1,"FORB","ANNUAL","FORB",19.13,0.151,14.74744404,17.86,0.5,0.382010582,207.6012196,0.122766667
"241","Geranium molle","cowidrt.ca",4,"FORB","NULL","FORB",26.45,0.296666667,17.0659065,23.20870159,0.53,0.329104478,289.9024475,0.112466667
"242","Geranium pusillum","jenadrt.de",41.6666666666667,"FORB","NULL","FORB",17.47,0.2,13.05894645,26.42,0.59,0.417391304,192.0238007,0.1212
"243","Geum canadense","esw.ca",-1,"FORB","PERENNIAL","FORB",23.23859009,0.77936,13.76332073,20.2434208,0.1016,0.335631925,175.8861837,0.616387702
"244","Globularia vulgaris","allmendo.ch",0.875,"FORB","PERENNIAL","FORB",24.12484223,0.2,14.64762965,6.892,0.47,0.41668363,184.8334661,0.354224845
"245","Globularia vulgaris","allmendb.ch",-1.66666666666667,"FORB","PERENNIAL","FORB",24.12484223,0.2,14.64762965,6.892,0.47,0.41668363,184.8334661,0.354224845
"246","Gnaphalium supinum","passogavia.it",-0.01,"FORB","PERENNIAL","FORB",22.46381487,0.363624058,28.1,27.00300375,0.711612022,NA,307.39,0.29
"247","Gouinia paraguayensis","cerrillos.ar",9.37,"GRASS","PERENNIAL","GRASS",23.1,0.47,10.41792691,19.71,0.256739475,0.392998451,38.36477163,0.178363037
"248","Gypsophila repens","allmendo.ch",0,"FORB","PERENNIAL","FORB",12.7,0.14,11.82290125,15.67666667,0.485218747,0.333767138,228.298607,0.215286254
"249","Helictotrichon pratense","allmendb.ch",1.33333333333333,"GRASS","PERENNIAL","GRASS",16.4,0.816666667,3.275458192,14.06030769,0.79,0.669747899,85.98480816,0.1543
"250","Helictotrichon pratense","allmendo.ch",2,"GRASS","PERENNIAL","GRASS",16.4,0.816666667,3.275458192,14.06030769,0.79,0.669747899,85.98480816,0.1543
"251","Helictotrichon pubescens","lcsouth.cl",38.5,"GRASS","PERENNIAL","GRASS",24.3,0.680625,7.892636683,18.69463141,0.3,0.090296815,62.86954053,0.161264502
"252","Helictotrichon pubescens","qdtsouth.cl",1,"GRASS","PERENNIAL","GRASS",24.3,0.680625,7.892636683,18.69463141,0.3,0.090296815,62.86954053,0.161264502
"253","Helictotrichon pubescens","lcnorth.cl",-0.666666666666667,"GRASS","PERENNIAL","GRASS",24.3,0.680625,7.892636683,18.69463141,0.3,0.090296815,62.86954053,0.161264502
"254","Helictotrichon pubescens","elvadrt.ee",0,"GRASS","PERENNIAL","GRASS",24.3,0.680625,7.892636683,18.69463141,0.3,0.090296815,62.86954053,0.161264502
"255","Heliopsis helianthoides","brookdale.ca",0,"FORB","PERENNIAL","FORB",NA,NA,NA,NA,NA,NA,NA,NA
"256","Hepatica nobilis","pineta.es",1.25,"FORB","NULL","FORB",24,0.33647706,11.5029133,27.165,0.356445882,0.133910158,188.2997429,0.391362691
"257","Hesperostipa comata","matador.ca",-2.66666666666667,"GRASS","PERENNIAL","GRASS",12.21666667,0.224,6.55,5.904809091,1.353302,0.3762,35.19975,0.38
"258","Hesperostipa comata","nplatte.us",1.80952380952381,"GRASS","PERENNIAL","GRASS",12.21666667,0.224,6.55,5.904809091,1.353302,0.3762,35.19975,0.38
"259","Hesperostipa comata","mattheis.ca",3,"GRASS","PERENNIAL","GRASS",12.21666667,0.224,6.55,5.904809091,1.353302,0.3762,35.19975,0.38
"260","Hilaria jamesii","antelope.us",-2.43333333333333,"GRAMINOID","PERENNIAL","GRASS",21.68723958,0.6096,7.6,13.95707872,0.3048,0.423660043,140.9228,0.056
"261","Hippocrepis comosa","allmendb.ch",-4.16666666666667,"FORB","PERENNIAL","LEGUME",29,0.231666667,20.81044393,15.26545455,1.003333,0.238796817,111.7537554,0.363963898
"262","Hippocrepis comosa","allmendo.ch",-2,"FORB","PERENNIAL","LEGUME",29,0.231666667,20.81044393,15.26545455,1.003333,0.238796817,111.7537554,0.363963898
"263","Holcus lanatus","rhijn.nl",0.733333333333334,"GRASS","PERENNIAL","GRASS",24.56210683,0.554013615,9.716666667,33.50183772,0.1016,0.210999112,311.996707,0.116666667
"264","Holcus lanatus","scruzh.us",-5,"GRASS","PERENNIAL","GRASS",24.56210683,0.554013615,9.716666667,33.50183772,0.1016,0.210999112,311.996707,0.116666667
"265","Hordeum pusillum","marcdrt.ar",-1,"GRASS","ANNUAL","GRASS",28.27638313,0.36576,12.07239276,32.4,0.2032,0.278984039,157.1579379,0.1830875
"266","Hydrocotyle bonariensis","marcdrt.ar",0.25,"FORB","PERENNIAL","FORB",25.11776722,0.184603683,10.68163827,27.35005333,1.006581049,0.210145775,169.2163931,0.485859569
"267","Hydrocotyle bonariensis","chilcasdrt.ar",-0.75,"FORB","PERENNIAL","FORB",25.11776722,0.184603683,10.68163827,27.35005333,1.006581049,0.210145775,169.2163931,0.485859569
"268","Hypochaeris radicata","baddrt.de",0,"FORB","PERENNIAL","FORB",17.75,0.3505,5.956457605,28.74506187,0.5475,0.14089564,151.7703194,0.261638779
"269","Hypochaeris radicata","spvdrt.ar",1.66666666666667,"FORB","PERENNIAL","FORB",17.75,0.3505,5.956457605,28.74506187,0.5475,0.14089564,151.7703194,0.261638779
"270","Hypochaeris radicata","falls.au",-0.166666666666667,"FORB","PERENNIAL","FORB",17.75,0.3505,5.956457605,28.74506187,0.5475,0.14089564,151.7703194,0.261638779
"271","Koeleria macrantha","mattheis.ca",-6.6,"GRAMINOID","PERENNIAL","GRASS",14.632,0.117368421,8.54,10.603875,0.508,0.43423927,61.632225,0.231432767
"272","Koeleria macrantha","hard.us",7.5,"GRAMINOID","PERENNIAL","GRASS",14.632,0.117368421,8.54,10.603875,0.508,0.43423927,61.632225,0.231432767
"273","Koeleria macrantha","matador.ca",0,"GRAMINOID","PERENNIAL","GRASS",14.632,0.117368421,8.54,10.603875,0.508,0.43423927,61.632225,0.231432767
"274","Koeleria macrantha","biddulph.ca",-7,"GRAMINOID","PERENNIAL","GRASS",14.632,0.117368421,8.54,10.603875,0.508,0.43423927,61.632225,0.231432767
"275","Koeleria macrantha","konzadrt.us",1,"GRAMINOID","PERENNIAL","GRASS",14.632,0.117368421,8.54,10.603875,0.508,0.43423927,61.632225,0.231432767
"276","Koeleria micrathera","cedartrait.us",0.5,"GRASS","PERENNIAL","GRASS",16.30647415,0.207150719,8.390026061,14.02,0.486471039,0.377975431,96.91874968,0.236737671
"277","Lactuca serriola","naposta.ar",0,"FORB","BIENNIAL","FORB",32,0.9375,12.96648938,21.4302,0.825,0.2572538,193.07,0.61
"278","Lactuca tatarica","kernb.ca",1.5,"FORB","PERENNIAL","FORB",22.6,0.625,9.764721716,18.07666667,2.4,0.213227444,77.19169246,0.636228768
"279","Lathyrus pratensis","elvadrt.ee",-7,"LEGUME","PERENNIAL","LEGUME",39.68831026,0.475733333,25.11541,24.99129113,1.18,0.141833333,63.29727228,0.4965
"280","Lathyrus venosus","cedarsav.us",0.166666666666667,"LEGUME","PERENNIAL","LEGUME",30.13845455,0.3533,22.37457326,18.46365493,0.828658518,0.194444444,46.82957143,0.3725
"281","Leersia hexandra","chilcasdrt.ar",-0.075,"GRASS","PERENNIAL","GRASS",17.321052,1.5,7.960048886,26,0.301385271,0.35207594,138.1649052,0.336243562
"282","Leontodon hispidus","elvadrt.ee",-3.66666666666667,"FORB","PERENNIAL","FORB",23.92644618,0.371,11.53789754,27.0408515,0.3,0.134462153,204.9072943,0.273284146
"283","Lespedeza capitata","cedartrait.us",0.964285714285714,"FORB","PERENNIAL","LEGUME",19.09948702,0.842,31.172408,12.45020289,0.4572,0.228401178,79.00332954,0.333275
"284","Lespedeza capitata","konzadrt.us",0,"FORB","PERENNIAL","LEGUME",19.09948702,0.842,31.172408,12.45020289,0.4572,0.228401178,79.00332954,0.333275
"285","Lespedeza capitata","oklah.us",-12,"FORB","PERENNIAL","LEGUME",19.09948702,0.842,31.172408,12.45020289,0.4572,0.228401178,79.00332954,0.333275
"286","Leucanthemopsis alpina","passogavia.it",-0.5,"FORB","PERENNIAL","FORB",NA,NA,NA,NA,NA,NA,NA,NA
"287","Leucanthemum vulgare","rhijn.nl",0,"FORB","PERENNIAL","FORB",30.26796208,0.53192,9.640667198,17.80983272,0.2032,0.178238532,205.5962002,0.23427
"288","Leucanthemum vulgare","allmendb.ch",0.125,"FORB","PERENNIAL","FORB",30.26796208,0.53192,9.640667198,17.80983272,0.2032,0.178238532,205.5962002,0.23427
"289","Liatris aspera","cedartrait.us",-0.607142857142857,"FORB","PERENNIAL","FORB",12.33641253,0.68,20.498833,17.00092904,0.548632841,0.135313282,193.6403191,0.335858333
"290","Liatris punctata","bfl.us",-11,"FORB","PERENNIAL","FORB",16.817,0.6096,19.38395584,9.8333502,0.3556,0.16753096,118.8077502,0.3044
"291","Liatris squarrosa","oklah.us",0,"FORB","PERENNIAL","FORB",22.06384,0.4548,19.23698647,16.33650548,0.67,0.128228564,119.6990796,0.29674491
"292","Ligusticum mutellina","passogavia.it",32,"FORB","PERENNIAL","FORB",21.8,0.28,10.09081324,24.9616,0.68,0.204711905,188.8780939,0.533735791
"293","Linum bienne","scruzh.us",1.5,"FORB","ANNUAL","FORB",27.53,0.375,14.82624006,26.60625,0.291340501,0.330776417,119.3862143,1.011441668
"294","Linum catharticum","allmendb.ch",-0.75,"FORB","ANNUAL","FORB",20.2751018,0.184833333,15.91837728,29.89038332,0.18,0.3081,160,1.190476
"295","Linum catharticum","allmendo.ch",-0.625,"FORB","ANNUAL","FORB",20.2751018,0.184833333,15.91837728,29.89038332,0.18,0.3081,160,1.190476
"296","Linum medium","slp.us",-2.33333333333333,"FORB","ANNUAL","FORB",23.59012265,0.328,15.08919366,22.57688088,0.3308806,0.361578154,137.7325439,1.001080672
"297","Lolium perenne","jenadrt.de",12.6666666666667,"GRASS","PERENNIAL, ANNUAL (SantaCruzLow, SantaCruzMiddle)","GRASS",19.23,0.429,9.7,18.31,0.254,0.104845371,220.8471095,0.1
"298","Lolium perenne","baddrt.de",0.25,"GRASS","PERENNIAL, ANNUAL (SantaCruzLow, SantaCruzMiddle)","GRASS",19.23,0.429,9.7,18.31,0.254,0.104845371,220.8471095,0.1
"299","Lolium perenne","validate.fr",-3.8,"GRASS","PERENNIAL, ANNUAL (SantaCruzLow, SantaCruzMiddle)","GRASS",19.23,0.429,9.7,18.31,0.254,0.104845371,220.8471095,0.1
"300","Lotus corniculatus","allmendo.ch",-0.25,"FORB","PERENNIAL","LEGUME",32.37274407,0.357339206,21.21401,21.71513633,0.3556,0.12871093,104.3277979,0.351194598
"301","Lotus corniculatus","allmendb.ch",0.333333333333333,"FORB","PERENNIAL","LEGUME",32.37274407,0.357339206,21.21401,21.71513633,0.3556,0.12871093,104.3277979,0.351194598
"302","Luzula multiflora","lygraint.no",0,"GRASS","PERENNIAL","GRAMINOID",25.54618746,0.2110425,5.237476541,25.53913437,0.243733118,0.37409901,132.06,0.431658339
"303","Luzula multiflora","elvadrt.ee",0,"GRASS","PERENNIAL","GRAMINOID",25.54618746,0.2110425,5.237476541,25.53913437,0.243733118,0.37409901,132.06,0.431658339
"304","Lysimachia europaea","lygraint.no",-3.66666666666667,"FORB","NULL","FORB",32.8,0.09,11.37534586,51,0.127131588,0.017494633,48.22875252,0.500350913
"305","Medicago lupulina","jenadrt.de",-2.5,"FORB","BIENNIAL","LEGUME",32.94,0.112,26.12778969,21.96,0.3048,0.105696982,180.1564169,0.281707971
"306","Medicago lupulina","elvadrt.ee",-2.33333333333333,"FORB","BIENNIAL","LEGUME",32.94,0.112,26.12778969,21.96,0.3048,0.105696982,180.1564169,0.281707971
"307","Medicago lupulina","scruzh.us",-4,"FORB","BIENNIAL","LEGUME",32.94,0.112,26.12778969,21.96,0.3048,0.105696982,180.1564169,0.281707971
"308","Medicago minima","credom.au",0,"LEGUME","ANNUAL","LEGUME",36.2,0.1701,27.16145213,24.66638889,0.22,0.0815,211.5066667,0.3834
"309","Molinia caerulea","lygraint.no",0,"GRASS","NULL","GRASS",19.7245873,0.699125,8.366751778,17.87260174,0.8,0.20066,56.8752851,0.269333333
"310","Molinia caerulea","lygraold.no",-5.66666666666667,"GRASS","NULL","GRASS",19.7245873,0.699125,8.366751778,17.87260174,0.8,0.20066,56.8752851,0.269333333
"311","Monarda fistulosa","cedartrait.us",1,"FORB","PERENNIAL","FORB",11.29051118,0.662,17.87547,26.21085308,0.1016,0.165191358,93.37285277,0.28925
"312","Nassella neesiana","naposta.ar",-11.6666666666667,"GRASS","PERENNIAL","GRASS",14.2304221,0.8,8.513930261,16,0.30667885,0.472007449,3.928780233,0.557177523
"313","Nassella trichotoma","naposta.ar",-4.66666666666667,"GRASS","PERENNIAL","GRASS",12.76277287,0.7,8.47827985,11.297312,0.315784535,0.51763523,NA,0.77666667
"314","Nassella viridula","matador.ca",-3.66666666666667,"GRAMINOID","PERENNIAL","GRASS",12.6088734,0.6096,8.384920369,10.77,0.3556,0.517363388,54.89286067,0.23675
"315","Neottia ovata","pineta.es",-1.66666666666667,"FORB","NULL","FORB",25.76044693,0.32,10.50370037,30.18571429,0.202154364,0.167813837,91.38381834,0.543010073
"316","Noticastrum sericeum","spvdrt.ar",2,"FORB","PERENNIAL","FORB",30.175,1.510669922,11.56465739,36.99,0.389185664,0.026189453,51.53874537,0.438672133
"317","Oreochloa disticha","passogavia.it",-4.3,"GRASS","PERENNIAL","GRASS",22,0.115,8.659512076,9.2,0.430795717,0.305773864,203.661493,0.177390603
"318","Panicum acuminatum","scruzh.us",11,"GRASS","PERENNIAL","GRASS",17.50836364,0.238666667,8.072331934,21.67056595,0.406491777,0.264096745,98.10266149,0.255164514
"319","Panicum capillare","konzadrt.us",-7.13333333333333,"GRASS","ANNUAL","GRASS",17.0314031,0.43545,11.05732295,27.43942379,0.62,0.14,218,0.1917
"320","Panicum oligosanthes","cedarsav.us",-0.428571428571428,"GRASS","PERENNIAL","GRASS",17.37461517,0.38,8.17803958,22.63325572,0.387794971,0.258942867,101.006737,0.270568343
"321","Pappostipa speciosa","morient.ar",-1.5,"GRASS","PERENNIAL","GRASS",14.15597554,0.6096,10.32975821,4.202740187,0.254,0.439996812,54.76515994,0.36791027
"322","Pascopyrum smithii","kinsella.ca",0,"GRAMINOID","PERENNIAL","GRASS",16.774,0.525,11.28,12.75359048,1.703333,0.206075395,21.32212,0.175766667
"323","Pascopyrum smithii","kernb.ca",1.5,"GRAMINOID","PERENNIAL","GRASS",16.774,0.525,11.28,12.75359048,1.703333,0.206075395,21.32212,0.175766667
"324","Pascopyrum smithii","kernnu.ca",0.333333333333333,"GRAMINOID","PERENNIAL","GRASS",16.774,0.525,11.28,12.75359048,1.703333,0.206075395,21.32212,0.175766667
"325","Pascopyrum smithii","matador.ca",1,"GRAMINOID","PERENNIAL","GRASS",16.774,0.525,11.28,12.75359048,1.703333,0.206075395,21.32212,0.175766667
"326","Paspalum dilatatum","chilcasdrt.ar",0.5625,"GRASS","PERENNIAL","GRASS",17.4533552,0.4722,8.133333333,16.30478,0.1524,0.102,18.37,0.62
"327","Paspalum vaginatum","chilcasdrt.ar",-0.5,"GRASS","PERENNIAL","GRASS",3.6045301,0.03048,15.6,10.41,0.1524,0.125525724,152.9129579,0.53557334
"328","Persicaria vivipara","passogavia.it",-0.9,"FORB","PERENNIAL","FORB",21.5,0.283,10.68422509,22,0.463642697,0.276754029,95.5808295,0.323362714
"329","Phlox hoodii","oreaa.us",-2.5,"FORB","PERENNIAL","FORB",23.27,0.02825,12.77559286,13.95070877,0.54,0.180454545,107.0545926,0.2647
"330","Phyteuma hemisphaericum","passogavia.it",-0.4,"FORB","PERENNIAL","FORB",27,0.1,13.12827122,19.5,0.755428759,0.170401776,396.6234787,0.159505906
"331","Picris hieracioides","jenadrt.de",-1.66666666666667,"FORB","PERENNIAL","FORB",24.11,0.157,12.13,18.58,1.23,0.0725,193.765,0.45557832
"332","Picris hieracioides","baddrt.de",-18,"FORB","PERENNIAL","FORB",24.11,0.157,12.13,18.58,1.23,0.0725,193.765,0.45557832
"333","Pimpinella saxifraga","allmendb.ch",-0.25,"FORB","PERENNIAL","FORB",21.22166667,0.445,3.322678571,21.46439541,2.42685,0.315348446,149.6596103,0.228622222
"334","Pimpinella saxifraga","pineta.es",0,"FORB","PERENNIAL","FORB",21.22166667,0.445,3.322678571,21.46439541,2.42685,0.315348446,149.6596103,0.228622222
"335","Pimpinella saxifraga","allmendo.ch",0.0833333333333335,"FORB","PERENNIAL","FORB",21.22166667,0.445,3.322678571,21.46439541,2.42685,0.315348446,149.6596103,0.228622222
"336","Plantago euryphylla","falls.au",-0.25,"FORB","PERENNIAL","FORB",45.18531954,0.03,16.42720864,15.9845175,0.264184386,0.311205652,77.1557744,0.223635463
"337","Plantago lanceolata","baddrt.de",0.8,"FORB","PERENNIAL","FORB",25.695,0.320146825,23.59846931,23.55,0.57,0.138912722,225.0999155,0.228368317
"338","Plantago lanceolata","scruzh.us",-1.66666666666667,"FORB","PERENNIAL","FORB",25.695,0.320146825,23.59846931,23.55,0.57,0.138912722,225.0999155,0.228368317
"339","Plantago lanceolata","rhijn.nl",-1,"FORB","PERENNIAL","FORB",25.695,0.320146825,23.59846931,23.55,0.57,0.138912722,225.0999155,0.228368317
"340","Plantago lanceolata","qdtsouth.cl",0,"FORB","PERENNIAL","FORB",25.695,0.320146825,23.59846931,23.55,0.57,0.138912722,225.0999155,0.228368317
"341","Plantago lanceolata","qdtnorth.cl",-0.333333333333333,"FORB","PERENNIAL","FORB",25.695,0.320146825,23.59846931,23.55,0.57,0.138912722,225.0999155,0.228368317
"342","Plantago lanceolata","allmendo.ch",0.125,"FORB","PERENNIAL","FORB",25.695,0.320146825,23.59846931,23.55,0.57,0.138912722,225.0999155,0.228368317
"343","Plantago patagonica","capwhite.us",-0.035,"FORB","ANNUAL","FORB",16.75319,0.1524,17.79226576,7.068,0.1524,0.406666667,171.778132,0.173233333
"344","Plantago patagonica","spvdrt.ar",-3.5,"FORB","ANNUAL","FORB",16.75319,0.1524,17.79226576,7.068,0.1524,0.406666667,171.778132,0.173233333
"345","Plantago rhodosperma","bfl.us",-2,"FORB","ANNUAL","FORB",41.10202986,0.069404846,16.72938835,17.37,0.279574828,0.298306715,99.91173639,0.237675914
"346","Poa alpina","passogavia.it",1.16,"GRASS","PERENNIAL","GRASS",13,0.298831111,16.9,21.51150438,0.254,0.189150427,292.2,0.26
"347","Poa angustifolia","elvadrt.ee",0,"GRASS","PERENNIAL","GRASS",12.95,0.48,5.764,20.11666667,0.397853261,0.316453559,130.1148807,0.113446154
"348","Poa bulbosa","oreac.us",0.833333333333333,"GRASS","ANNUAL","GRASS",17.70666667,0.3224,10.49,21.09,0.2032,0.241483464,168.5918755,0.01366667
"349","Poa compressa","esw.ca",-1,"GRASS","PERENNIAL","GRASS",13.678,0.2491,8.04,20.91883636,0.254,0.278026009,54.78896667,0.53
"350","Poa hiemata","falls.au",1.66666666666666,"GRASS","PERENNIAL","GRASS",13.7803809,0.6,13.33800475,3.35531,0.396100663,0.385475406,172.8510812,0.182044685
"351","Poa lanigera","marcdrt.ar",-1.66666666666667,"GRASS","PERENNIAL","GRASS",17.78042085,0.523401409,12.87925589,24,0.325933936,0.21259383,160.6138721,0.232875438
"352","Poa ligularis","chacra.ar",-19.6666666666667,"GRASS","PERENNIAL","GRASS",22.4,1.2,10.4,6.944926731,0.7,0.389467556,113.7309492,0.225237491
"353","Poa pratensis","baddrt.de",0.8,"GRASS","PERENNIAL","GRASS",14.974,0.291,9.46,24.13531364,0.254,0.107208566,49.82696,0.196318683
"354","Poa pratensis","brookdale.ca",-0.3,"GRASS","PERENNIAL","GRASS",14.974,0.291,9.46,24.13531364,0.254,0.107208566,49.82696,0.196318683
"355","Poa pratensis","cedarsav.us",-0.380952380952381,"GRASS","PERENNIAL","GRASS",14.974,0.291,9.46,24.13531364,0.254,0.107208566,49.82696,0.196318683
"356","Poa pratensis","rhijn.nl",0,"GRASS","PERENNIAL","GRASS",14.974,0.291,9.46,24.13531364,0.254,0.107208566,49.82696,0.196318683
"357","Poa pratensis","cowidrt.ca",0.0666666666666664,"GRASS","PERENNIAL","GRASS",14.974,0.291,9.46,24.13531364,0.254,0.107208566,49.82696,0.196318683
"358","Poa pratensis","jenadrt.de",-12.3333333333333,"GRASS","PERENNIAL","GRASS",14.974,0.291,9.46,24.13531364,0.254,0.107208566,49.82696,0.196318683
"359","Poa pratensis","cedartrait.us",0,"GRASS","PERENNIAL","GRASS",14.974,0.291,9.46,24.13531364,0.254,0.107208566,49.82696,0.196318683
"360","Poa pratensis","validate.fr",9.4,"GRASS","PERENNIAL","GRASS",14.974,0.291,9.46,24.13531364,0.254,0.107208566,49.82696,0.196318683
"361","Poa pratensis","kinsella.ca",-11,"GRASS","PERENNIAL","GRASS",14.974,0.291,9.46,24.13531364,0.254,0.107208566,49.82696,0.196318683
"362","Poa secunda","nplatte.us",-0.166666666666667,"GRASS","PERENNIAL","GRASS",16.12,0.42672,14.54,11.51,0.254,0.301025138,197.6,0.172690107
"363","Poa secunda","oreac.us",-4.66666666666667,"GRASS","PERENNIAL","GRASS",16.12,0.42672,14.54,11.51,0.254,0.301025138,197.6,0.172690107
"364","Poa trivialis","baddrt.de",-0.6,"GRASS","PERENNIAL","GRASS",34.02187304,0.640983219,31.34075583,38.18960088,0.3048,0.080269491,272.9349775,0.173758288
"365","Polygala vulgaris","allmendb.ch",-1.25,"FORB","PERENNIAL","FORB",18.22565807,0.172916667,24.2775593,19.02952398,0.5,0.2661556,396.667,0.7826128
"366","Potentilla anserina","elvadrt.ee",0,"FORB","PERENNIAL","FORB",26.20897891,0.277222222,9.879322501,17.47534074,0.43,0.63425,148.75,0.6572
"367","Potentilla aurea","passogavia.it",-2.34,"FORB","PERENNIAL","FORB",30.417,0.0915,11.2019355,22.13904012,0.55,0.409059286,142.60294,0.619487593
"368","Potentilla erecta","lygraold.no",5,"FORB","NULL","FORB",25.74581524,0.203633333,9.89,22.4188617,0.55,0.3627833,230,0.88602
"369","Potentilla erecta","pineta.es",2.5,"FORB","NULL","FORB",25.74581524,0.203633333,9.89,22.4188617,0.55,0.3627833,230,0.88602
"370","Potentilla erecta","lygraint.no",-3.33333333333333,"FORB","NULL","FORB",25.74581524,0.203633333,9.89,22.4188617,0.55,0.3627833,230,0.88602
"371","Potentilla grandiflora","allmendo.ch",-0.916666666666667,"FORB","PERENNIAL","FORB",27.1441451,0.257428341,11.452026,39.1,0.476911336,0.268532142,169.9221693,0.691739698
"372","Potentilla grandiflora","allmendb.ch",-0.5,"FORB","PERENNIAL","FORB",27.1441451,0.257428341,11.452026,39.1,0.476911336,0.268532142,169.9221693,0.691739698
"373","Potentilla reptans","rhijn.nl",6.5,"FORB","PERENNIAL","FORB",24.6133503,0.274083333,11.73459897,23.567332,0.5311885,0.397983302,176.0888009,0.649216667
"374","Primula glutinosa","passogavia.it",-0.55,"FORB","PERENNIAL","FORB",27,NA,11.90066806,13.58757528,0.2515,0.327078295,53.77570821,0.388069567
"375","Prunella vulgaris","allmendb.ch",-7,"FORB","PERENNIAL","FORB",16.811555,0.250255556,5.87871,22.91466839,0.254,0.105496279,223.0600732,0.294300536
"376","Prunella vulgaris","allmendo.ch",-4.41666666666667,"FORB","PERENNIAL","FORB",16.811555,0.250255556,5.87871,22.91466839,0.254,0.105496279,223.0600732,0.294300536
"377","Pseudoroegneria spicata","hard.us",-4,"GRASS","PERENNIAL","GRASS",22.4711094,0.267,13.54099367,23.893,0.70785412,0.153771092,103.8213416,0.237714286
"378","Psoralidium tenuiflorum","konzadrt.us",-1,"FORB","PERENNIAL","LEGUME",24.275,0.056,15.52722367,16.82,2.7686,0.43,42.99195247,0.67
"379","Ranunculus acris","elvadrt.ee",0,"FORB","PERENNIAL","FORB",24.40250649,0.455420833,11.25,22.35741937,0.44,0.121892828,139.8527763,0.35099
"380","Ranunculus acris","allmendb.ch",-0.75,"FORB","PERENNIAL","FORB",24.40250649,0.455420833,11.25,22.35741937,0.44,0.121892828,139.8527763,0.35099
"381","Ranunculus acris","rhijn.nl",1,"FORB","PERENNIAL","FORB",24.40250649,0.455420833,11.25,22.35741937,0.44,0.121892828,139.8527763,0.35099
"382","Raphanus sativus","scruzl.us",17.45,"FORB","ANNUAL","FORB",40.5,0.715,14.825,34.60857143,1.566667,0.461126342,30.09324949,0.425161404
"383","Raphanus sativus","scruzm.us",-15.1666666666667,"FORB","ANNUAL","FORB",40.5,0.715,14.825,34.60857143,1.566667,0.461126342,30.09324949,0.425161404
"384","Ratibida columnifera","oklah.us",0,"FORB","PERENNIAL","FORB",NA,NA,NA,NA,NA,NA,NA,NA
"385","Rhinanthus minor","allmendb.ch",0.25,"FORB","ANNUAL","FORB",34.3558401,0.395833333,17.33047979,18.84206584,0.08,0.247114907,131.9408677,0.537513075
"386","Rudbeckia hirta","slp.us",-6.5,"FORB","ANNUAL","FORB",NA,NA,NA,NA,NA,NA,NA,NA
"387","Rudbeckia hirta","bfl.us",-2,"FORB","ANNUAL","FORB",NA,NA,NA,NA,NA,NA,NA,NA
"388","Ruellia humilis","konzadrt.us",1.5,"FORB","PERENNIAL","FORB",17,0.502906667,10.5886999,12.07550636,0.1016,0.40803047,18.40109592,0.42
"389","Rytidosperma caespitosum","credom.au",0,"GRASS","PERENNIAL","GRASS",15.53608636,0.55,11.15495837,9.440331,0.66,0.38667844,168.7,0.271
"390","Salvia pratensis","allmendo.ch",3,"FORB","PERENNIAL","FORB",19.3,0.520833333,21.02252359,24.4875,2.1,0.2015038,272.308,2.015308
"391","Salvia pratensis","allmendb.ch",0.875,"FORB","PERENNIAL","FORB",19.3,0.520833333,21.02252359,24.4875,2.1,0.2015038,272.308,2.015308
"392","Salvia verbenaca","credom.au",-0.2,"FORB","ANNUAL","FORB",16.0456633,0.508333333,15.54692769,11.94,0.734933994,0.263053677,214.0296316,0.777150308
"393","Salvia verbenaca","credoj.au",0,"FORB","ANNUAL","FORB",16.0456633,0.508333333,15.54692769,11.94,0.734933994,0.263053677,214.0296316,0.777150308
"394","Sanguisorba minor","allmendb.ch",-0.75,"FORB","PERENNIAL","FORB",19.82857143,0.340136667,13.0925861,17.81475981,0.3048,0.290931094,118.7237432,0.4611271
"395","Scabiosa columbaria","allmendo.ch",0.75,"FORB","PERENNIAL","FORB",21.2,0.594444444,7.696450988,19.16302632,0.9,0.347953216,120.2294669,0.181166667
"396","Scabiosa columbaria","allmendb.ch",-0.583333333333333,"FORB","PERENNIAL","FORB",21.2,0.594444444,7.696450988,19.16302632,0.9,0.347953216,120.2294669,0.181166667
"397","Schismus barbatus","gmgranite.us",-0.0142857142857143,"GRASS","ANNUAL","GRASS",19.2972132,0.25,9.222220298,18.21,0.16,0.328004941,81.47,0.31373209
"398","Schismus barbatus","spvdrt.ar",-3,"GRASS","ANNUAL","GRASS",19.2972132,0.25,9.222220298,18.21,0.16,0.328004941,81.47,0.31373209
"399","Schizachyrium scoparium","bfl.us",-5,"GRASS","PERENNIAL","GRASS",9.196,0.5145,8.51,16.698695,0.3048,0.403212551,75.67983333,0.2
"400","Schizachyrium scoparium","cedartrait.us",-2.9,"GRASS","PERENNIAL","GRASS",9.196,0.5145,8.51,16.698695,0.3048,0.403212551,75.67983333,0.2
"401","Schizachyrium scoparium","cedarsav.us",-7,"GRASS","PERENNIAL","GRASS",9.196,0.5145,8.51,16.698695,0.3048,0.403212551,75.67983333,0.2
"402","Schizachyrium scoparium","oklah.us",-15.8333333333333,"GRASS","PERENNIAL","GRASS",9.196,0.5145,8.51,16.698695,0.3048,0.403212551,75.67983333,0.2
"403","Scorzoneroides autumnalis","elvadrt.ee",-0.666666666666667,"FORB","PERENNIAL","FORB",19.34660756,0.310966667,15.49253622,21.52466367,0.199327,0.3144167,268.333,1.400488
"404","Scorzoneroides autumnalis","scruzh.us",-5,"FORB","PERENNIAL","FORB",19.34660756,0.310966667,15.49253622,21.52466367,0.199327,0.3144167,268.333,1.400488
"405","Sedum stenopetalum","oreaa.us",0.458333333333333,"FORB","PERENNIAL","FORB",25.57190418,0.1118,12.72598169,9.29,0.1,0.406034769,80.91246012,0.58
"406","Setaria pampeana","cerrillos.ar",-18.1266666666667,"GRASS","PERENNIAL","GRASS",24.7,0.38,5.681792325,19.52,0.392588387,0.237932335,NA,0.194592579
"407","Setaria parviflora","yarradrt.au",-19.05,"NULL","NULL","GRASS",17.972,0.316785714,6.22638362,26.31,0.438212576,0.14029,34.52785896,0.045
"408","Setaria sphacelata","ukulingadrt.za",11.5,"GRASS","PERENNIAL","GRASS",10.0375,3,7.54844635,14.16,0.163459389,0.339167135,11.17,0.57
"409","Sisyrinchium bellum","scruzh.us",1.75,"FORB","PERENNIAL","FORB",22.35,0.2558,11.17903927,23.93793933,0.36370386,0.101107003,118.754489,0.32952
"410","Soldanella pusilla","passogavia.it",5.16,"FORB","PERENNIAL","FORB",25.17897722,0.02,12.08660019,16.8,0.11,0.300461992,64.82366314,0.407909378
"411","Solidago canadensis","esw.ca",1.33333333333334,"FORB","PERENNIAL","FORB",15.13338959,1.30146,12.11441395,17.75668436,0.3048,0.166211514,77.59504262,0.486273328
"412","Solidago canadensis","baddrt.de",-0.3,"FORB","PERENNIAL","FORB",15.13338959,1.30146,12.11441395,17.75668436,0.3048,0.166211514,77.59504262,0.486273328
"413","Solidago canadensis","brookdale.ca",-0.1733333334,"FORB","PERENNIAL","FORB",15.13338959,1.30146,12.11441395,17.75668436,0.3048,0.166211514,77.59504262,0.486273328
"414","Solidago missouriensis","konzadrt.us",1.46666666666667,"FORB","PERENNIAL","FORB",13.3335,0.576,10.93,10.60804205,0.2032,0.208174196,100.2127031,0.323716667
"415","Solidago missouriensis","kinsella.ca",-5,"FORB","PERENNIAL","FORB",13.3335,0.576,10.93,10.60804205,0.2032,0.208174196,100.2127031,0.323716667
"416","Solidago missouriensis","kernb.ca",0.5,"FORB","PERENNIAL","FORB",13.3335,0.576,10.93,10.60804205,0.2032,0.208174196,100.2127031,0.323716667
"417","Solidago nemoralis","cedartrait.us",3.5,"FORB","PERENNIAL","FORB",15.47778333,0.57,23.31317375,13.95394921,0.3048,0.129791058,208.2087011,0.369872222
"418","Solidago nemoralis","oklah.us",14.5,"FORB","PERENNIAL","FORB",15.47778333,0.57,23.31317375,13.95394921,0.3048,0.129791058,208.2087011,0.369872222
"419","Solidago rigida","brookdale.ca",1,"FORB","PERENNIAL","FORB",11.83477126,0.598,8.386758333,10.23214847,0.3048,0.212780118,35.33592984,0.482373411
"420","Solidago rigida","cedartrait.us",-3.5,"FORB","PERENNIAL","FORB",11.83477126,0.598,8.386758333,10.23214847,0.3048,0.212780118,35.33592984,0.482373411
"421","Solidago virgaurea","pineta.es",-2.5,"FORB","NULL","FORB",28.29400969,0.509,16.4,25.12385635,0.046,0.086339258,4.546172562,0.524574564
"422","Sonchus arvensis","kernnu.ca",2,"FORB","PERENNIAL","FORB",26.4,1.1875,8.156003029,21,0.56,0.219369,40.215,0.312209107
"423","Sonchus arvensis","kernb.ca",0,"FORB","PERENNIAL","FORB",26.4,1.1875,8.156003029,21,0.56,0.219369,40.215,0.312209107
"424","Sonchus arvensis","brookdale.ca",0.375,"FORB","PERENNIAL","FORB",26.4,1.1875,8.156003029,21,0.56,0.219369,40.215,0.312209107
"425","Sonchus arvensis","esw.ca",-0.5,"FORB","PERENNIAL","FORB",26.4,1.1875,8.156003029,21,0.56,0.219369,40.215,0.312209107
"426","Sonchus asper","scruzh.us",-1,"FORB","ANNUAL","FORB",27.6,0.5875,10.6142608,24.97389591,0.69,0.301036269,223.2180487,0.1419
"427","Sonchus asper","scruzl.us",-11.25,"FORB","ANNUAL","FORB",27.6,0.5875,10.6142608,24.97389591,0.69,0.301036269,223.2180487,0.1419
"428","Sonchus oleraceus","lcsouth.cl",0,"FORB","ANNUAL","FORB",34.9,1.1328125,6.669084649,39.67950467,0.755,0.223990337,76.97,0.1
"429","Sonchus oleraceus","qdtsouth.cl",-1.5,"FORB","ANNUAL","FORB",34.9,1.1328125,6.669084649,39.67950467,0.755,0.223990337,76.97,0.1
"430","Sorghum halepense","sclaudio.ar",-1,"GRAMINOID","PERENNIAL","GRASS",22.2,1.3834,7.375424626,17.98889051,0.254,0.298839699,6.57733249,0.399166735
"431","Sorghum halepense","bivensarm.us",0.305555555333333,"GRAMINOID","PERENNIAL","GRASS",22.2,1.3834,7.375424626,17.98889051,0.254,0.298839699,6.57733249,0.399166735
"432","Sporobolus compositus","konzadrt.us",-1.9,"GRASS","PERENNIAL","GRASS",8.2,0.213,18.60082526,28.13,0.374384285,0.370655833,51.70795647,0.49
"433","Sporobolus compositus","oklah.us",-0.833333333333334,"GRASS","PERENNIAL","GRASS",8.2,0.213,18.60082526,28.13,0.374384285,0.370655833,51.70795647,0.49
"434","Sporobolus flexuosus","jorndrt.us",-2.83333333333333,"GRASS","PERENNIAL","GRASS",11.10749774,0.9144,18.11980915,15.81345753,0.254,0.465178153,124.6527905,0.04
"435","Steinchisma hians","slp.us",6.5,"GRASS","PERENNIAL","GRASS",13.32808311,0.495460634,9.797588218,25,0.243833199,0.137276985,78.88727205,0.48919335
"436","Stellaria graminea","elvadrt.ee",0,"FORB","PERENNIAL","FORB",29.426,0.460386667,12.10418693,29.05086069,0.34,0.337078652,251.0337458,0.135266667
"437","Stenaria nigricans","bfl.us",-3.5,"FORB","PERENNIAL","FORB",23.61769164,0.2,10.31022643,15.01261282,0.597269821,0.364995573,179.1109102,0.174767794
"438","Stenotaphrum secundatum","marcdrt.ar",-0.25,"GRASS","PERENNIAL","GRASS",21.02430819,0.27432,5.994328344,23,0.3048,0.207230876,NA,0.1855714
"439","Stipa comata","biddulph.ca",1.5,"GRAMINOID","PERENNIAL","GRASS",20.1,0.9144,15.9,16.95,0.4064,0.49068467,79.18825345,0.2
"440","Stipa comata","kinsella.ca",-9.25,"GRAMINOID","PERENNIAL","GRASS",20.1,0.9144,15.9,16.95,0.4064,0.49068467,79.18825345,0.2
"441","Stipa spartea","cedarsav.us",-5.33333333333333,"GRASS","PERENNIAL","GRASS",14.01546154,0.576,18,8.74965934,0.254,0.393143677,61.25734351,0.2496
"442","Stipa speciosa","paike.ar",5.33333333333333,"GRASS","PERENNIAL","GRASS",12.13,0.169,7.94,15.44,0.352,0.330466226,22.41,0.352
"443","Symphyotrichum ericoides","kernb.ca",-1,"FORB","PERENNIAL","FORB",12.6,0.7802222,11.01821,20.14194711,0.76,0.151923077,73.83666667,0.3263
"444","Symphyotrichum ericoides","oklah.us",0,"FORB","PERENNIAL","FORB",12.6,0.7802222,11.01821,20.14194711,0.76,0.151923077,73.83666667,0.3263
"445","Symphyotrichum ericoides","brookdale.ca",0,"FORB","PERENNIAL","FORB",12.6,0.7802222,11.01821,20.14194711,0.76,0.151923077,73.83666667,0.3263
"446","Symphyotrichum ericoides","hard.us",8.16666666666667,"FORB","PERENNIAL","FORB",12.6,0.7802222,11.01821,20.14194711,0.76,0.151923077,73.83666667,0.3263
"447","Symphyotrichum ericoides","konzadrt.us",-16.4,"FORB","PERENNIAL","FORB",12.6,0.7802222,11.01821,20.14194711,0.76,0.151923077,73.83666667,0.3263
"448","Symphyotrichum ericoides","matador.ca",-2,"FORB","PERENNIAL","FORB",12.6,0.7802222,11.01821,20.14194711,0.76,0.151923077,73.83666667,0.3263
"449","Symphyotrichum ericoides","mattheis.ca",-12,"FORB","PERENNIAL","FORB",12.6,0.7802222,11.01821,20.14194711,0.76,0.151923077,73.83666667,0.3263
"450","Symphyotrichum ericoides","esw.ca",-1,"FORB","PERENNIAL","FORB",12.6,0.7802222,11.01821,20.14194711,0.76,0.151923077,73.83666667,0.3263
"451","Symphyotrichum falcatum","kinsella.ca",9,"FORB","PERENNIAL","FORB",22.282,0.4175,8.69,14.18715,0.654191494,0.117472,79.08403333,0.31118
"452","Symphyotrichum lanceolatum","esw.ca",-2,"FORB","PERENNIAL","FORB",25.1,1.8288,13.84910894,12.754,0.2032,0.15,68,0.36
"453","Symphyotrichum oblongifolium","konzadrt.us",4,"FORB","PERENNIAL","FORB",13.73689574,0.89429701,9.728337647,10.48,0.73,0.324153605,44.79630213,0.314933333
"454","Symphyotrichum oolentangiense","cedarsav.us",-3.5,"FORB","PERENNIAL","FORB",16.02907407,0.7209,19.81443763,14.68950044,0.605189998,0.12,81.16666667,0.35
"455","Symphyotrichum pilosum","esw.ca",-0.5,"FORB","PERENNIAL","FORB",17.8,0.861666667,10.15862376,18.27837298,0.688696011,0.199370952,36.06296693,0.344416881
"456","Taraxacum campylodes","validate.fr",2.2,"FORB","PERENNIAL","FORB",28.3472693,0.044,10.73618,30.05916441,0.1524,0.2871857,213.1,0.292
"457","Taraxacum campylodes","jenadrt.de",-35,"FORB","PERENNIAL","FORB",28.3472693,0.044,10.73618,30.05916441,0.1524,0.2871857,213.1,0.292
"458","Thalictrum venulosum","brookdale.ca",0.166666666666667,"FORB","PERENNIAL","FORB",25.43744524,0.1059,11.39724598,19.84,0.402172704,0.193595287,175.7007491,0.348053663
"459","Thelesperma filifolium","oklah.us",0,"FORB","ANNUAL","FORB",24.36,0.18804,15.16485277,13.73905805,0.807206471,0.158753574,15.93810075,0.276611194
"460","Thelesperma filifolium","bfl.us",-0.5,"FORB","ANNUAL","FORB",24.36,0.18804,15.16485277,13.73905805,0.807206471,0.158753574,15.93810075,0.276611194
"461","Themeda triandra","ukulingadrt.za",0.333333333333332,"GRASS","PERENNIAL","GRASS",13.22821429,1.5,4.35,9.2635,0.258801887,0.391182081,34.4817113,0.2625
"462","Thlaspi arvense","hard.us",-1,"FORB","ANNUAL","FORB",30.89373507,0.423333333,15.69772957,24.42761317,0.49,0.42845,105,0.2761525
"463","Tragopogon dubius","mattheis.ca",-6.33333333333333,"FORB","BIENNIAL","FORB",26.314,0.34175,11.37,18.88481429,0.1524,0.27502617,48.55913333,0.359875
"464","Tragopogon pratensis","baddrt.de",-0.6,"FORB","PERENNIAL","FORB",27,0.575,20.30344663,22.41578318,0.135252255,0.170824899,150.3177187,0.287861111
"465","Trichophorum cespitosum","lygraold.no",-7,"GRAMINOID","NULL","GRAMINOID",15.3,0.4,4.4,3.79,0.1,0.199,35.47,0.425
"466","Trichophorum cespitosum","lygraint.no",4,"GRAMINOID","NULL","GRAMINOID",15.3,0.4,4.4,3.79,0.1,0.199,35.47,0.425
"467","Trientalis europea","lygraold.no",0,"FORB","NULL","FORB",26.54236641,0.188287137,11.92009509,47.591,0.283800995,0.042275721,95.03932183,0.4955733
"468","Trifolium dubium","jenadrt.de",-12.9166666666667,"LEGUME","ANNUAL","LEGUME",35.6,0.076,27.56771735,30.39,0.3445,0.109,254.8747547,0.231187416
"469","Trifolium macrocephalum","oreaa.us",0.5,"FORB","PERENNIAL","LEGUME",35.75847034,0.6096,22.56506214,6.89,0.1524,0.364390088,NA,1.85
"470","Trifolium montanum","pineta.es",0,"FORB","PERENNIAL","LEGUME",34.121,0.306666667,25.65970824,18.67023642,0.825,0.113646105,238.0656783,0.246975
"471","Trifolium montanum","allmendb.ch",-0.0833333333333334,"FORB","PERENNIAL","LEGUME",34.121,0.306666667,25.65970824,18.67023642,0.825,0.113646105,238.0656783,0.246975
"472","Trifolium montanum","allmendo.ch",-0.416666666666667,"FORB","PERENNIAL","LEGUME",34.121,0.306666667,25.65970824,18.67023642,0.825,0.113646105,238.0656783,0.246975
"473","Trifolium pratense","esw.ca",2.66666666666667,"FORB","PERENNIAL","LEGUME",40.4444317,0.389308642,21.07704,27.55091965,0.3048,0.16269724,184.5175823,0.256183381
"474","Trifolium repens","elvadrt.ee",0,"FORB","PERENNIAL","LEGUME",43.78354086,0.236251111,21.66035,26.94650771,0.3048,0.123144013,192.8045087,0.263218929
"475","Trifolium repens","pineta.es",-1.45833333333333,"FORB","PERENNIAL","LEGUME",43.78354086,0.236251111,21.66035,26.94650771,0.3048,0.123144013,192.8045087,0.263218929
"476","Trifolium repens","baddrt.de",-0.7,"FORB","PERENNIAL","LEGUME",43.78354086,0.236251111,21.66035,26.94650771,0.3048,0.123144013,192.8045087,0.263218929
"477","Triodia basedowii","ethadn.au",24.6666666666667,"GRASS","PERENNIAL","GRASS",6.4,1.3,12.21691567,2.93,0.301185057,0.545608612,127.464718,0.224071793
"478","Triodia basedowii","ethadb.au",0.333333333333336,"GRASS","PERENNIAL","GRASS",6.4,1.3,12.21691567,2.93,0.301185057,0.545608612,127.464718,0.224071793
"479","Trisetum flavescens","rhijn.nl",-2,"GRASS","PERENNIAL","GRASS",27.09907954,0.532263158,8.795034255,22.11711414,0.44,0.166445278,447.4973772,0.175392308
"480","Trisetum flavescens","validate.fr",1,"GRASS","PERENNIAL","GRASS",27.09907954,0.532263158,8.795034255,22.11711414,0.44,0.166445278,447.4973772,0.175392308
"481","Trisetum spicatum","falls.au",0,"GRASS","PERENNIAL","GRASS",25.48971477,0.32706,8.316820398,21.1,0.3048,0.197960134,333.7013178,0.24
"482","Ulex parviflorus","ayora.es",-8.5,"SHRUB","PERENNIAL","LEGUME",14.1,1.315,15.58160402,4.82,1.5,0.71673186,9.189147922,0.373179167
"483","Valerianella locusta","cowidrt.ca",2.05,"FORB","ANNUAL","FORB",26,0.1925,11.79051689,31.7,0.05,0.56326,204,1.242171
"484","Ventenata dubia","oreaa.us",-0.6,"GRASS","ANNUAL","GRASS",24.37399511,0.225,8.686891387,20.5,0.507582778,0.157634935,188.6494363,0.28
"485","Ventenata dubia","oreac.us",-14.75,"GRASS","ANNUAL","GRASS",24.37399511,0.225,8.686891387,20.5,0.507582778,0.157634935,188.6494363,0.28
"486","Veronica arvensis","jenadrt.de",0,"FORB","ANNUAL","FORB",15,0.187777778,8.048018625,21.00097059,0.19,0.7139167,224.167,0.98561
"487","Veronica arvensis","cowidrt.ca",0,"FORB","ANNUAL","FORB",15,0.187777778,8.048018625,21.00097059,0.19,0.7139167,224.167,0.98561
"488","Veronica chamaedrys","elvadrt.ee",0.333333333333333,"FORB","PERENNIAL","FORB",25.804,0.234,10.00287923,28.10742313,0.34,0.114461321,349.9700698,0.149373333
"489","Veronica chamaedrys","pineta.es",0,"FORB","PERENNIAL","FORB",25.804,0.234,10.00287923,28.10742313,0.34,0.114461321,349.9700698,0.149373333
"490","Vicia americana","brookdale.ca",0,"VINE","PERENNIAL","LEGUME",42.658,0.2765,21.77,21.29655909,0.254,0.096375062,29.37063333,0.363178334
"491","Vicia americana","kernb.ca",0,"VINE","PERENNIAL","LEGUME",42.658,0.2765,21.77,21.29655909,0.254,0.096375062,29.37063333,0.363178334
"492","Vicia americana","kernnu.ca",0,"VINE","PERENNIAL","LEGUME",42.658,0.2765,21.77,21.29655909,0.254,0.096375062,29.37063333,0.363178334
"493","Vicia americana","kinsella.ca",-4.2,"VINE","PERENNIAL","LEGUME",42.658,0.2765,21.77,21.29655909,0.254,0.096375062,29.37063333,0.363178334
"494","Vicia americana","matador.ca",0,"VINE","PERENNIAL","LEGUME",42.658,0.2765,21.77,21.29655909,0.254,0.096375062,29.37063333,0.363178334
"495","Vicia cracca","elvadrt.ee",-3.16666666666667,"LEGUME","PERENNIAL","LEGUME",41.79727454,0.879038889,24.42381,26.81365133,0.3048,0.195683333,41.43187551,0.463024976
"496","Vicia hirsuta","baddrt.de",-1.2,"FORB","ANNUAL","LEGUME",43.2098,0.4375,28.02801,22.05714286,0.66,0.3375,87.90712843,0.2074
"497","Vicia hirsuta","cowidrt.ca",0.2,"FORB","ANNUAL","LEGUME",43.2098,0.4375,28.02801,22.05714286,0.66,0.3375,87.90712843,0.2074
"498","Vicia sativa","scruzl.us",-19,"FORB","ANNUAL","LEGUME",32.1,0.7509,3.5,26.61714286,0.3048,0.430769231,60.47073255,0.222666667
"499","Vicia sativa","cowidrt.ca",0.5,"FORB","ANNUAL","LEGUME",32.1,0.7509,3.5,26.61714286,0.3048,0.430769231,60.47073255,0.222666667
"500","Vicia sativa","baddrt.de",-11.5333333333333,"FORB","ANNUAL","LEGUME",32.1,0.7509,3.5,26.61714286,0.3048,0.430769231,60.47073255,0.222666667
"501","Vicia sepium","elvadrt.ee",0.333333333333333,"FORB","PERENNIAL","LEGUME",46.0056,0.683333333,27.307,38.73428571,0.52,0.077475,406.25,0.83175
"502","Viola betonicifolia","falls.au",0,"FORB","PERENNIAL","FORB",24.89279105,0.2,13.25543029,17.081108,0.74495885,0.366571183,122.325056,0.516253194
"503","Vulpia bromoides","spvdrt.ar",0,"GRASS","ANNUAL","GRASS",12.48497603,0.2225,13.51546393,20.86,0.4995,0.093991462,417.75,0.2945
"504","Vulpia myuros","scruzh.us",-21.6666666666667,"GRASS","ANNUAL","GRASS",17.1507779,0.435733333,7.5,22.38333333,0.3048,0.044,268.91,0.270534269
"505","Vulpia myuros","baddrt.de",-2.8,"GRASS","ANNUAL","GRASS",17.1507779,0.435733333,7.5,22.38333333,0.3048,0.044,268.91,0.270534269
"506","Vulpia myuros","scruzl.us",5.9,"GRASS","ANNUAL","GRASS",17.1507779,0.435733333,7.5,22.38333333,0.3048,0.044,268.91,0.270534269
"507","Zizia aptera","brookdale.ca",-0.833333333333333,"FORB","PERENNIAL","FORB",16.074,0.815611085,9.587496607,40.37573969,1.587112911,0.062900016,220.960059,0.682148332
