,Taxon,X.1,X,site_code,n_treat_years,sum.ctrl.cover,mean.ctrl.cover,sum.drt.cover,mean.drt.cover,sum.cover.response,mean.cover.response,leafN.mg.g,height.m,rootN.mg.g,SLA_m2.kg,root.depth_m,RTD.g.cm3,SRL_m.g,rootDiam.mm,local_lifeform,local_lifespan,functional_group
1,ACHILLEA MILLEFOLIUM,3039,3039,hard.us,2,2,2,5,1.666666667,3,-0.333333333,19.234,0.559,4.8,7.859942857,0.2032,0.138977909,35.26726667,0.26778,FORB,PERENNIAL,FORB
2,ACHILLEA MILLEFOLIUM,3161,3161,jenadrt.de,2,32,32,1,1,-31,-31,19.234,0.559,4.8,7.859942857,0.2032,0.138977909,35.26726667,0.26778,FORB,PERENNIAL,FORB
3,ACHILLEA MILLEFOLIUM,2524,2524,elvadrt.ee,2,9,3,17,5.666666667,8,2.666666667,19.234,0.559,4.8,7.859942857,0.2032,0.138977909,35.26726667,0.26778,FORB,PERENNIAL,FORB
4,ACHILLEA MILLEFOLIUM,3495,3495,kernb.ca,2,2.5,0.833333333,9,3,6.5,2.166666667,19.234,0.559,4.8,7.859942857,0.2032,0.138977909,35.26726667,0.26778,FORB,PERENNIAL,FORB
5,ACHILLEA MILLEFOLIUM,1272,1272,brookdale.ca,2,1,1,1,1,0,0,19.234,0.559,4.8,7.859942857,0.2032,0.138977909,35.26726667,0.26778,FORB,PERENNIAL,FORB
6,ACHILLEA MILLEFOLIUM,3730,3730,kinsella.ca,2,5,5,30,15,25,10,19.234,0.559,4.8,7.859942857,0.2032,0.138977909,35.26726667,0.26778,FORB,PERENNIAL,FORB
7,ACHILLEA MILLEFOLIUM,5000,5000,oreac.us,2,7,3.5,2,1,-5,-2.5,19.234,0.559,4.8,7.859942857,0.2032,0.138977909,35.26726667,0.26778,FORB,PERENNIAL,FORB
8,ACHILLEA MILLEFOLIUM,3,3,allmendb.ch,2,5.25,1.75,4.25,1.416666667,-1,-0.333333333,19.234,0.559,4.8,7.859942857,0.2032,0.138977909,35.26726667,0.26778,FORB,PERENNIAL,FORB
9,ACHILLEA MILLEFOLIUM,163,163,allmendo.ch,2,1.5,1.5,1.25,1.25,-0.25,-0.25,19.234,0.559,4.8,7.859942857,0.2032,0.138977909,35.26726667,0.26778,FORB,PERENNIAL,FORB
10,AGROSTIS CANINA,4086,4086,lygraint.no,2,3,1,1,1,-2,0,20.86288625,0.4223,9.3,33.1583154,0.254,NA,NA,0.15,GRASS,PERENNIAL,GRASS
11,AGROSTIS CAPILLARIS,5343,5343,pineta.es,2,17.5,3.5,13,2.166666667,-4.5,-1.333333333,27.65006595,0.393022873,8.907142857,29.44748071,0.3048,0.230872486,141.2639378,0.128571429,GRASS,PERENNIAL,GRASS
12,AGROSTIS MONTEVIDENSIS,4298,4298,marcdrt.ar,2,9,3,16,5.333333333,7,2.333333333,NA,0.229358974,NA,12,NA,NA,NA,NA,FORB,PERENNIAL,GRASS
13,AGROSTIS RUPESTRIS,5253,5253,passogavia.it,2,12,2.4,8.5,1.7,-3.5,-0.7,17,0.035,NA,15.5,NA,NA,NA,NA,GRASS,PERENNIAL,GRASS
14,AIRA CARYOPHYLLEA,4041,4041,lcsouth.cl,2,57,28.5,50,50,-7,21.5,19.9,0.155,NA,21.08,NA,NA,NA,0.21,GRASS,ANNUAL,GRASS
15,AIRA CARYOPHYLLEA,3994,3994,lcnorth.cl,2,125,41.66666667,12,6,-113,-35.66666667,19.9,0.155,NA,21.08,NA,NA,NA,0.21,GRASS,ANNUAL,GRASS
16,ALCHEMILLA PENTAPHYLLEA,5257,5257,passogavia.it,2,181,36.2,260,52,79,15.8,37,NA,NA,21,NA,NA,NA,NA,FORB,PERENNIAL,FORB
17,ALLIONIA INCARNATA,1725,1725,cerrillos.ar,2,1.26,0.63,1.88,1.88,0.62,1.25,NA,0.4,NA,21.88917424,0.4,NA,10.31,0.665,FORB,PERENNIAL,FORB
18,ALLIUM ACUMINATUM,4893,4893,oreaa.us,2,1,1,0.5,0.5,-0.5,-0.5,NA,0.3048,NA,8.45,0.1524,NA,NA,1.64,FORB,PERENNIAL,FORB
19,ALOPECURUS PRATENSIS,6300,6300,validate.fr,2,28,7,103,20.6,75,13.6,23.8325776,0.806266667,9.698958476,27.30021588,0.3048,0.069943613,230.6921222,0.305414955,GRASS,PERENNIAL,GRASS
20,ALYSSUM DESERTORUM,4647,4647,nplatte.us,2,13,2.166666667,9,2.25,-4,0.083333333,NA,0.1,NA,27.17578947,NA,NA,NA,NA,FORB,ANNUAL,FORB
21,AMBROSIA ARTEMISIIFOLIA,935,935,bivensarm.us,2,1.350000001,0.45,1.883333333,0.627777778,0.533333332,0.177777777,23.1,0.226,15.077975,21.45333609,1.22,0.08,135,0.36,FORB,ANNUAL,FORB
22,AMBROSIA PSILOSTACHYA,1539,1539,cedarsav.us,2,35,8.75,8,2,-27,-6.75,23.246,0.4385,12.9,15.82842,0.99,0.37,72.86943333,0.44,FORB,PERENNIAL,FORB
23,AMBROSIA PSILOSTACHYA,4719,4719,oklah.us,2,55.5,18.5,33,11,-22.5,-7.5,23.246,0.4385,12.9,15.82842,0.99,0.37,72.86943333,0.44,FORB,PERENNIAL,FORB
24,AMBROSIA PSILOSTACHYA,6007,6007,slp.us,2,2,2,2,1,0,-1,23.246,0.4385,12.9,15.82842,0.99,0.37,72.86943333,0.44,FORB,PERENNIAL,FORB
25,AMBROSIA TENUIFOLIA,4303,4303,marcdrt.ar,2,3,1.5,2,2,-1,0.5,18.2,4.572,NA,9.366271504,0.6096,NA,NA,NA,FORB,PERENNIAL,FORB
26,AMBROSIA TENUIFOLIA,1903,1903,chilcasdrt.ar,2,2,2,0.5,0.25,-1.5,-1.75,18.2,4.572,NA,9.366271504,0.6096,NA,NA,NA,FORB,PERENNIAL,FORB
27,AMORPHA CANESCENS,1542,1542,cedarsav.us,2,21,7,7,3.5,-14,-3.5,22.25861206,0.446,27.18327333,13.80561828,0.508,0.59,45.95532256,0.19,FORB,PERENNIAL,LEGUME
28,AMORPHA CANESCENS,1638,1638,cedartrait.us,2,14,4.666666667,2,2,-12,-2.666666667,22.25861206,0.446,27.18327333,13.80561828,0.508,0.59,45.95532256,0.19,FORB,PERENNIAL,LEGUME
29,ANAGALLIS ARVENSIS,5703,5703,scruzh.us,2,36,12,39,9.75,3,-2.25,25,0.187,NA,28.34396552,0.315,NA,NA,NA,FORB,ANNUAL,FORB
30,ANDROPOGON GERARDII,3865,3865,konzadrt.us,2,163,32.6,75,15,-88,-17.6,11.43191184,1.43,14.4,7.475763032,0.508,0.2,65.1,0.7,GRASS,PERENNIAL,GRASS
31,ANDROPOGON GERARDII,1641,1641,cedartrait.us,2,110,12.22222222,3,1,-107,-11.22222222,11.43191184,1.43,14.4,7.475763032,0.508,0.2,65.1,0.7,GRASS,PERENNIAL,GRASS
32,ANDROPOGON GERARDII,1284,1284,brookdale.ca,2,4,1.333333333,2.5,1.25,-1.5,-0.083333333,11.43191184,1.43,14.4,7.475763032,0.508,0.2,65.1,0.7,GRASS,PERENNIAL,GRASS
33,ANDROPOGON GERARDII,1547,1547,cedarsav.us,2,57,7.125,18,9,-39,1.875,11.43191184,1.43,14.4,7.475763032,0.508,0.2,65.1,0.7,GRASS,PERENNIAL,GRASS
34,ANDROPOGON VIRGINICUS,955,955,bivensarm.us,2,0.333333333,0.333333333,8.333333333,4.166666667,8,3.833333334,13.3,0.763593333,NA,11.86738259,0.3556,NA,NA,NA,GRAMINOID,PERENNIAL,GRASS
35,ANTHOXANTHUM ODORATUM,5261,5261,passogavia.it,2,0.2,0.2,0.2,0.2,0,0,23.59023243,0.383753535,8.005555556,24.91123988,0.155,0.107066623,344.3025853,0.111111111,GRASS,PERENNIAL,GRASS
36,ANTHOXANTHUM ODORATUM,2106,2106,cowidrt.ca,2,4,1.333333333,3,1,-1,-0.333333333,23.59023243,0.383753535,8.005555556,24.91123988,0.155,0.107066623,344.3025853,0.111111111,GRASS,PERENNIAL,GRASS
37,ANTHOXANTHUM ODORATUM,5517,5517,rhijn.nl,2,42,8.4,13,4.333333333,-29,-4.066666667,23.59023243,0.383753535,8.005555556,24.91123988,0.155,0.107066623,344.3025853,0.111111111,GRASS,PERENNIAL,GRASS
38,ANTHOXANTHUM ODORATUM,2541,2541,elvadrt.ee,2,5,1.666666667,4,1.333333333,-1,-0.333333333,23.59023243,0.383753535,8.005555556,24.91123988,0.155,0.107066623,344.3025853,0.111111111,GRASS,PERENNIAL,GRASS
39,ANTHYLLIS VULNERARIA,167,167,allmendo.ch,2,1.25,0.625,5.75,1.916666667,4.5,1.291666667,32.33118574,0.2845,19.6042,18.21819656,1.7,0.22014466,149.3012403,0.25,FORB,PERENNIAL,LEGUME
40,APERA SPICA-VENTI,435,435,baddrt.de,2,6.6,1.1,0.6,0.3,-6,-0.8,NA,0.775,NA,19.13333333,0.66,NA,193.8,NA,GRASS,ANNUAL,GRASS
41,ARENARIA SERPYLLIFOLIA,3177,3177,jenadrt.de,2,3,1,1.5,0.75,-1.5,-0.25,12,0.075,13.275,23.7,0.21,0.067,NA,0.207422972,FORB,ANNUAL,FORB
42,ARISTIDA HOLATHERA,2813,2813,ethadb.au,2,27,13.5,25,12.5,-2,-1,8.4875,0.7,2.975,5.62,NA,0.745,NA,0.375,GRASS,ANNUAL,GRASS
43,ARISTIDA STRICTA,958,958,bivensarm.us,2,22.33333333,2.03030303,23.5,2.611111111,1.166666667,0.580808081,11.1128167,1.18872,NA,6.79,0.1524,NA,NA,NA,GRAMINOID,PERENNIAL,GRASS
44,ARMERIA MARITIMA,5114,5114,paike.ar,2,3,1,2,1,-1,0,17,0.308106667,9.3,21.1502,0.254,0.2612175,57.875,0.221876923,FORB,PERENNIAL,FORB
45,ARRHENATHERUM ELATIUS,5523,5523,rhijn.nl,2,150,25,70,23.33333333,-80,-1.666666667,25.84,0.857,8.902914385,29.67,0.3556,0.119407807,190.1954961,0.304707692,"GRASS, Forb (Jena)",PERENNIAL,GRASS
46,ARRHENATHERUM ELATIUS,3182,3182,jenadrt.de,2,1,1,2.5,1.25,1.5,0.25,25.84,0.857,8.902914385,29.67,0.3556,0.119407807,190.1954961,0.304707692,"GRASS, Forb (Jena)",PERENNIAL,GRASS
47,ARRHENATHERUM ELATIUS,6306,6306,validate.fr,2,78,19.5,58,11.6,-20,-7.9,25.84,0.857,8.902914385,29.67,0.3556,0.119407807,190.1954961,0.304707692,"GRASS, Forb (Jena)",PERENNIAL,GRASS
48,ARTEMISIA CANA,5015,5015,oreac.us,2,85,21.25,140,28,55,6.75,24,1.524,NA,10.06,0.508,0.261669741,55.91952402,0.31,SHRUB,PERENNIAL,WOODY
49,ARTEMISIA FRIGIDA,3632,3632,kernnu.ca,2,3,1.5,0.5,0.5,-2.5,-1,27.14787037,0.6096,13.115,15.13958917,0.2032,0.362103739,34.74405462,0.188200863,"FORB, Subshrub (Kinsella, Mattheis), Shrub (North Platte)",PERENNIAL,WOODY
50,ARTEMISIA FRIGIDA,3740,3740,kinsella.ca,2,5,5,58,14.5,53,9.5,27.14787037,0.6096,13.115,15.13958917,0.2032,0.362103739,34.74405462,0.188200863,"FORB, Subshrub (Kinsella, Mattheis), Shrub (North Platte)",PERENNIAL,WOODY
51,ARTEMISIA FRIGIDA,4414,4414,matador.ca,2,4,1.333333333,3.5,1.166666667,-0.5,-0.166666667,27.14787037,0.6096,13.115,15.13958917,0.2032,0.362103739,34.74405462,0.188200863,"FORB, Subshrub (Kinsella, Mattheis), Shrub (North Platte)",PERENNIAL,WOODY
52,ARTEMISIA FRIGIDA,3516,3516,kernb.ca,2,69,23,20,6.666666667,-49,-16.33333333,27.14787037,0.6096,13.115,15.13958917,0.2032,0.362103739,34.74405462,0.188200863,"FORB, Subshrub (Kinsella, Mattheis), Shrub (North Platte)",PERENNIAL,WOODY
53,ARTEMISIA FRIGIDA,4486,4486,mattheis.ca,2,80,16,30,10,-50,-6,27.14787037,0.6096,13.115,15.13958917,0.2032,0.362103739,34.74405462,0.188200863,"FORB, Subshrub (Kinsella, Mattheis), Shrub (North Platte)",PERENNIAL,WOODY
54,ARTEMISIA FRIGIDA,849,849,biddulph.ca,2,12.5,6.25,10,10,-2.5,3.75,27.14787037,0.6096,13.115,15.13958917,0.2032,0.362103739,34.74405462,0.188200863,"FORB, Subshrub (Kinsella, Mattheis), Shrub (North Platte)",PERENNIAL,WOODY
55,ARTEMISIA LUDOVICIANA,3637,3637,kernnu.ca,2,0.5,0.5,5,2.5,4.5,2,19.24454545,0.597,11.63,16.4954108,0.2032,0.222016659,76.92231348,0.31821746,FORB,PERENNIAL,FORB
56,ARTEMISIA LUDOVICIANA,3521,3521,kernb.ca,2,0.5,0.5,3.5,1.75,3,1.25,19.24454545,0.597,11.63,16.4954108,0.2032,0.222016659,76.92231348,0.31821746,FORB,PERENNIAL,FORB
57,ARTEMISIA LUDOVICIANA,1293,1293,brookdale.ca,2,5.666666667,1.133333333,5.833333333,1.458333333,0.166666666,0.325,19.24454545,0.597,11.63,16.4954108,0.2032,0.222016659,76.92231348,0.31821746,FORB,PERENNIAL,FORB
58,ARTEMISIA LUDOVICIANA,1553,1553,cedarsav.us,2,11,2.75,2,2,-9,-0.75,19.24454545,0.597,11.63,16.4954108,0.2032,0.222016659,76.92231348,0.31821746,FORB,PERENNIAL,FORB
59,ARTEMISIA TRIDENTATA,3049,3049,hard.us,2,48,16,35,35,-13,19,15.26666667,2.0334,NA,7.24415531,0.508,NA,76.06224385,0.485315,SHRUB,PERENNIAL,WOODY
60,ARTEMISIA TRIDENTATA,4655,4655,nplatte.us,2,3,3,3,3,0,0,15.26666667,2.0334,NA,7.24415531,0.508,NA,76.06224385,0.485315,SHRUB,PERENNIAL,WOODY
61,ASPERULA CYNANCHICA,171,171,allmendo.ch,2,1,0.5,4.75,2.375,3.75,1.875,NA,0.284375,NA,27.91666667,0.93,0.3908625,22.875,0.16639,FORB,PERENNIAL,FORB
62,ASPERULA CYNANCHICA,12,12,allmendb.ch,2,0.75,0.375,0.25,0.25,-0.5,-0.125,NA,0.284375,NA,27.91666667,0.93,0.3908625,22.875,0.16639,FORB,PERENNIAL,FORB
63,ASPERULA GUNNII,2868,2868,falls.au,2,1.5,0.5,0.5,0.5,-1,0,NA,0.432,NA,21.796842,NA,NA,NA,NA,FORB,PERENNIAL,FORB
64,ASTEROLASIA TRYMALIOIDES,2870,2870,falls.au,2,1,0.5,1,0.5,0,0,NA,0.54,NA,4.969295,NA,NA,NA,NA,SHRUB,PERENNIAL,WOODY
65,ASTRANTIA MAJOR,5345,5345,pineta.es,2,3.5,1.75,27.5,5.5,24,3.75,28.539,0.4215,NA,22.75909384,NA,NA,NA,NA,FORB,PERENNIAL,FORB
66,AVENA BARBATA,5833,5833,scruzl.us,2,23,4.6,36,9,13,4.4,17,0.389,NA,25.674375,0.5,0.02363125,149,0.373688235,GRASS,ANNUAL,GRASS
67,AVENA BARBATA,5707,5707,scruzh.us,2,9,4.5,3,3,-6,-1.5,17,0.389,NA,25.674375,0.5,0.02363125,149,0.373688235,GRASS,ANNUAL,GRASS
68,AVENA BARBATA,4566,4566,naposta.ar,2,140,46.66666667,60,20,-80,-26.66666667,17,0.389,NA,25.674375,0.5,0.02363125,149,0.373688235,GRASS,ANNUAL,GRASS
69,AVENA BARBATA,5910,5910,scruzm.us,2,235,47,345,69,110,22,17,0.389,NA,25.674375,0.5,0.02363125,149,0.373688235,GRASS,ANNUAL,GRASS
70,BASSIA SCOPARIA,300,300,antelope.us,2,0.35,0.175,0.25,0.25,-0.1,0.075,32.45,1.184444444,NA,19.65690846,NA,NA,NA,NA,FORB,ANNUAL,FORB
71,BELLIS PERENNIS,3188,3188,jenadrt.de,2,22,7.333333333,4,1.333333333,-18,-6,17.81,0.165,8.4,34.15,0.18,0.130088142,324.9590331,0.243322583,FORB,PERENNIAL,FORB
72,BOERHAVIA DIFFUSA,1734,1734,cerrillos.ar,2,4.38,4.38,1.25,1.25,-3.13,-3.13,NA,0.55,NA,20.76,1.2,NA,14.29,NA,FORB,PERENNIAL,FORB
73,BOUTELOUA ARISTIDOIDES,1738,1738,cerrillos.ar,2,21.89,7.296666667,91.26,30.42,69.37,23.12333333,15.9,0.04,NA,12.89,0.3,NA,103.65,NA,GRASS,ANNUAL,GRASS
74,BOUTELOUA CURTIPENDULA,3888,3888,konzadrt.us,2,18,9,60,20,42,11,8.7,0.427,8.84,14.60867,0.3048,0.19,94.40056667,0.032,GRASS,PERENNIAL,GRASS
75,BOUTELOUA GRACILIS,3891,3891,konzadrt.us,2,28,14,37,12.33333333,9,-1.666666667,15.416,0.345,14.76,12.868115,0.135,0.447182567,118.8815333,0.192729167,GRASS,PERENNIAL,GRASS
76,BOUTELOUA GRACILIS,4490,4490,mattheis.ca,2,160,32,115,23,-45,-9,15.416,0.345,14.76,12.868115,0.135,0.447182567,118.8815333,0.192729167,GRASS,PERENNIAL,GRASS
77,BOUTELOUA GRACILIS,4659,4659,nplatte.us,2,51,7.285714286,36,5.142857143,-15,-2.142857143,15.416,0.345,14.76,12.868115,0.135,0.447182567,118.8815333,0.192729167,GRASS,PERENNIAL,GRASS
78,BRACHYPODIUM PINNATUM,175,175,allmendo.ch,2,10.75,3.583333333,13.5,4.5,2.75,0.916666667,18.10766667,0.540866667,7.10106212,23.9927357,0.1,0.186379697,207.6695041,0.22129993,GRASS,PERENNIAL,GRASS
79,BRACHYPODIUM PINNATUM,5347,5347,pineta.es,2,10.5,10.5,22.5,4.5,12,-6,18.10766667,0.540866667,7.10106212,23.9927357,0.1,0.186379697,207.6695041,0.22129993,GRASS,PERENNIAL,GRASS
80,BRACHYPODIUM PINNATUM,16,16,allmendb.ch,2,55.75,18.58333333,34.75,11.58333333,-21,-7,18.10766667,0.540866667,7.10106212,23.9927357,0.1,0.186379697,207.6695041,0.22129993,GRASS,PERENNIAL,GRASS
81,BRACHYPODIUM RETUSUM,342,342,ayora.es,2,64,12.8,90,30,26,17.2,7.1,0.4,NA,16.24363109,0.2586667,NA,25.86916574,0.85,GRASS,PERENNIAL,GRASS
82,BRIZA MEDIA,2553,2553,elvadrt.ee,2,80,26.66666667,90,30,10,3.333333333,19.10016667,0.41946,2.042559524,20.92775774,0.52,0.179667951,288.6987236,0.171363333,GRASS,PERENNIAL,GRASS
83,BRIZA MEDIA,179,179,allmendo.ch,2,5.25,1.75,7.25,2.416666667,2,0.666666667,19.10016667,0.41946,2.042559524,20.92775774,0.52,0.179667951,288.6987236,0.171363333,GRASS,PERENNIAL,GRASS
84,BRIZA MEDIA,20,20,allmendb.ch,2,7.5,2.5,7.5,2.5,0,0,19.10016667,0.41946,2.042559524,20.92775774,0.52,0.179667951,288.6987236,0.171363333,GRASS,PERENNIAL,GRASS
85,BROMUS CATHARTICUS,4575,4575,naposta.ar,2,5,5,20,6.666666667,15,1.666666667,NA,0.9572,4.9,35,0.3048,0.079079135,129.3385704,0.30525,GRASS,BOTH,GRASS
86,BROMUS CATHARTICUS,4313,4313,marcdrt.ar,2,8,2.666666667,1,1,-7,-1.666666667,NA,0.9572,4.9,35,0.3048,0.079079135,129.3385704,0.30525,GRASS,BOTH,GRASS
87,BROMUS DIANDRUS,5839,5839,scruzl.us,2,27,5.4,10,5,-17,-0.4,19.4,0.99,NA,39,NA,NA,238.8,NA,GRASS,ANNUAL,GRASS
88,BROMUS DIANDRUS,5926,5926,scruzm.us,2,112,22.4,31,6.2,-81,-16.2,19.4,0.99,NA,39,NA,NA,238.8,NA,GRASS,ANNUAL,GRASS
89,BROMUS ERECTUS,183,183,allmendo.ch,2,67.5,22.5,45.75,15.25,-21.75,-7.25,18.81892435,0.717333333,7.243150315,21.09580137,0.894,0.174709631,157.1212818,0.273789089,GRASS,PERENNIAL,GRASS
90,BROMUS ERECTUS,24,24,allmendb.ch,2,51.75,17.25,52.75,17.58333333,1,0.333333333,18.81892435,0.717333333,7.243150315,21.09580137,0.894,0.174709631,157.1212818,0.273789089,GRASS,PERENNIAL,GRASS
91,BROMUS HORDEACEUS,441,441,baddrt.de,2,8.1,2.025,0.2,0.2,-7.9,-1.825,25.57289667,0.6899,10.2,27.25455017,0.254,0.137083333,471.2364007,0.2,GRASS,ANNUAL,GRASS
92,BROMUS HORDEACEUS,5725,5725,scruzh.us,2,13,6.5,10,5,-3,-1.5,25.57289667,0.6899,10.2,27.25455017,0.254,0.137083333,471.2364007,0.2,GRASS,ANNUAL,GRASS
93,BROMUS INERMIS,1297,1297,brookdale.ca,2,11.5,2.3,12,2.4,0.5,0.1,21.49936399,0.81,17.20145333,17.7899321,0.3048,0.268601793,108.7724975,0.281416667,GRASS,PERENNIAL,GRASS
94,BROMUS JAPONICUS,5021,5021,oreac.us,2,41.5,8.3,75.5,15.1,34,6.8,20.898,0.424044444,NA,19.31803729,1.5,NA,NA,0.54,GRASS,ANNUAL,GRASS
95,BROMUS JAPONICUS,4907,4907,oreaa.us,2,2,0.5,1,0.5,-1,0,20.898,0.424044444,NA,19.31803729,1.5,NA,NA,0.54,GRASS,ANNUAL,GRASS
96,BROMUS RUBENS,1407,1407,capmcd.us,2,0.5,0.166666667,0.5,0.166666667,0,0,28.7686987,0.39624,NA,18.713372,0.2032,NA,NA,NA,GRASS,ANNUAL,GRASS
97,BROMUS RUBENS,2919,2919,gmgranite.us,2,0.8,0.133333333,0.1,0.1,-0.7,-0.033333333,28.7686987,0.39624,NA,18.713372,0.2032,NA,NA,NA,GRASS,ANNUAL,GRASS
98,BROMUS RUBENS,2950,2950,gmmolar.us,2,1.5,0.214285714,0.8,0.114285714,-0.7,-0.1,28.7686987,0.39624,NA,18.713372,0.2032,NA,NA,NA,GRASS,ANNUAL,GRASS
99,BROMUS STERILIS,2117,2117,cowidrt.ca,2,20,20,16,5.333333333,-4,-14.66666667,27.9,0.658333333,NA,30.5349098,1.5,0.4459545,279.231,NA,GRASS,ANNUAL,GRASS
100,BROMUS STERILIS,445,445,baddrt.de,2,1.7,0.34,20,10,18.3,9.66,27.9,0.658333333,NA,30.5349098,1.5,0.4459545,279.231,NA,GRASS,ANNUAL,GRASS
101,BROMUS TECTORUM,3054,3054,hard.us,2,9,4.5,4,4,-5,-0.5,18.768,0.198681818,7.006735802,17.28496,0.90288,0.47,31.204325,0.57,GRASS,ANNUAL,GRASS
102,BROMUS TECTORUM,4663,4663,nplatte.us,2,34,4.857142857,32,5.333333333,-2,0.476190476,18.768,0.198681818,7.006735802,17.28496,0.90288,0.47,31.204325,0.57,GRASS,ANNUAL,GRASS
103,BROMUS TECTORUM,2120,2120,cowidrt.ca,2,6,3,15,7.5,9,4.5,18.768,0.198681818,7.006735802,17.28496,0.90288,0.47,31.204325,0.57,GRASS,ANNUAL,GRASS
104,CALAMOVILFA LONGIFOLIA,1557,1557,cedarsav.us,2,5,2.5,5,2.5,0,0,13.59,0.968,5.2246,10.96892152,0.508,0.18,33,0.48,GRAMINOID,PERENNIAL,GRASS
105,CALLUNA VULGARIS,3146,3146,hyide.de,2,295,98.33333333,270,90,-25,-8.333333333,13.57486595,0.555785714,4.11401,14.28693018,0.3,NA,13.62532988,0.2553,"SHRUB, subshrub (Lygra_intermediate, Lygra_old)",PERENNIAL,WOODY
106,CALLUNA VULGARIS,4198,4198,lygraold.no,2,220,73.33333333,275,91.66666667,55,18.33333333,13.57486595,0.555785714,4.11401,14.28693018,0.3,NA,13.62532988,0.2553,"SHRUB, subshrub (Lygra_intermediate, Lygra_old)",PERENNIAL,WOODY
107,CALLUNA VULGARIS,4095,4095,lygraint.no,2,270,90,244,81.33333333,-26,-8.666666667,13.57486595,0.555785714,4.11401,14.28693018,0.3,NA,13.62532988,0.2553,"SHRUB, subshrub (Lygra_intermediate, Lygra_old)",PERENNIAL,WOODY
108,CALLUNA VULGARIS,3126,3126,hoide.de,2,250,83.33333333,268,89.33333333,18,6,13.57486595,0.555785714,4.11401,14.28693018,0.3,NA,13.62532988,0.2553,"SHRUB, subshrub (Lygra_intermediate, Lygra_old)",PERENNIAL,WOODY
109,CALYLOPHUS SERRULATUS,4740,4740,oklah.us,2,15,15,15,15,0,0,NA,NA,NA,11.69,1.33,NA,NA,NA,FORB,PERENNIAL,FORB
110,CAMASSIA QUAMASH,2122,2122,cowidrt.ca,2,9,4.5,5,5,-4,0.5,NA,0.70104,NA,12.08,0.254,NA,NA,NA,GRASS,PERENNIAL,FORB
111,CAMPANULA ROTUNDIFOLIA,3647,3647,kernnu.ca,2,1,1,2,0.666666667,1,-0.333333333,21.08333333,0.452,13.14618087,22.94812699,1.125,0.146551312,475.6578007,0.141566667,FORB,PERENNIAL,FORB
112,CAMPANULA ROTUNDIFOLIA,3531,3531,kernb.ca,2,0.5,0.5,0.5,0.5,0,0,21.08333333,0.452,13.14618087,22.94812699,1.125,0.146551312,475.6578007,0.141566667,FORB,PERENNIAL,FORB
113,CARDUUS PYCNOCEPHALUS,5850,5850,scruzl.us,2,99,19.8,24,12,-75,-7.8,8.2,0.8,NA,38,NA,NA,NA,NA,FORB,ANNUAL,FORB
114,CARDUUS PYCNOCEPHALUS,5931,5931,scruzm.us,2,8,4,3,3,-5,-1,8.2,0.8,NA,38,NA,NA,NA,NA,FORB,ANNUAL,FORB
115,CAREX ARENARIA,3130,3130,hoide.de,2,35,11.66666667,30,10,-5,-1.666666667,19.12604168,0.384259259,NA,14.42164292,1.02,NA,NA,NA,GRAMINOID,PERENNIAL,GRAMINOID
116,CAREX ARENARIA,3150,3150,hyide.de,2,30,10,25,8.333333333,-5,-1.666666667,19.12604168,0.384259259,NA,14.42164292,1.02,NA,NA,NA,GRAMINOID,PERENNIAL,GRAMINOID
117,CAREX BREVICULMIS,2874,2874,falls.au,2,2.5,0.5,1.5,0.75,-1,0.25,18.30157885,0.05,NA,14.60009466,NA,NA,NA,NA,GRASS,PERENNIAL,GRAMINOID
118,CAREX BREVIOR,3897,3897,konzadrt.us,2,25,5,14,2.8,-11,-2.2,NA,0.254,NA,21.15675902,NA,NA,NA,NA,GRAMINOID,PERENNIAL,GRAMINOID
119,CAREX CARYOPHYLLEA,187,187,allmendo.ch,2,31,10.33333333,36.25,12.08333333,5.25,1.75,18,0.223333333,NA,18.76023077,0.2,NA,NA,0.0784,GRAMINOID,PERENNIAL,GRAMINOID
120,CAREX CARYOPHYLLEA,28,28,allmendb.ch,2,35,11.66666667,43.75,14.58333333,8.75,2.916666667,18,0.223333333,NA,18.76023077,0.2,NA,NA,0.0784,GRAMINOID,PERENNIAL,GRAMINOID
121,CAREX CURVULA,5265,5265,passogavia.it,2,194,38.8,199,39.8,5,1,12,NA,NA,9.999104145,0.65,NA,NA,NA,GRAMINOID,PERENNIAL,GRAMINOID
122,CAREX DISTACHYA,346,346,ayora.es,2,4,2,1,1,-3,-1,NA,0.1756,NA,4.8,0.91,NA,NA,NA,GRAMINOID,PERENNIAL,FORB
123,CAREX ECHINATA,4202,4202,lygraold.no,2,1,1,30,30,29,29,17.8,0.33305,NA,15.53,0.2032,NA,NA,NA,GRAMINOID,PERENNIAL,GRAMINOID
124,CAREX FLACCA,191,191,allmendo.ch,2,1,1,1,1,0,0,17.07498081,0.37125,4.956666667,14.4018786,0.83,0.169025277,218.7926062,0.380313725,GRAMINOID,PERENNIAL,GRAMINOID
125,CAREX FLACCA,32,32,allmendb.ch,2,3.5,1.75,0.25,0.25,-3.25,-1.5,17.07498081,0.37125,4.956666667,14.4018786,0.83,0.169025277,218.7926062,0.380313725,GRAMINOID,PERENNIAL,GRAMINOID
126,CAREX HEBES,2876,2876,falls.au,2,2.5,0.5,1,0.5,-1.5,0,NA,NA,NA,19.096154,NA,NA,NA,NA,GRASS,PERENNIAL,GRAMINOID
127,CAREX NIGRA,4205,4205,lygraold.no,2,7,3.5,4,2,-3,-1.5,24.40009307,0.388666667,6.648625922,20.83559904,0.78,0.2198095,52.8,0.2421,GRAMINOID,PERENNIAL,GRAMINOID
128,CAREX PILULIFERA,4106,4106,lygraint.no,2,4,2,2,1,-2,-1,27.98325592,0.225625,NA,19.13235729,NA,NA,NA,NA,GRAMINOID,NA,GRAMINOID
129,CELMISIA COSTINIANA,2878,2878,falls.au,2,320,53.33333333,165,55,-155,1.666666667,NA,0.515,NA,9.655537,NA,NA,NA,NA,FORB,PERENNIAL,FORB
130,CENCHRUS CILIARIS,1745,1745,cerrillos.ar,2,0.63,0.63,0.63,0.63,0,0,18.5,0.9144,6.5,14.69,0.508,NA,NA,NA,GRASS,PERENNIAL,GRASS
131,CENTAUREA JACEA,40,40,allmendb.ch,2,6,2,2.5,1.25,-3.5,-0.75,25.06160617,0.8275,11.34202,21.9478316,0.155,0.133545753,116.6184597,0.328737037,FORB,PERENNIAL,FORB
132,CENTAUREA JACEA,196,196,allmendo.ch,2,2,1,4.75,2.375,2.75,1.375,25.06160617,0.8275,11.34202,21.9478316,0.155,0.133545753,116.6184597,0.328737037,FORB,PERENNIAL,FORB
133,CENTAUREA JACEA,5531,5531,rhijn.nl,2,31,6.2,5,5,-26,-1.2,25.06160617,0.8275,11.34202,21.9478316,0.155,0.133545753,116.6184597,0.328737037,FORB,PERENNIAL,FORB
134,CENTAUREA MELITENSIS,4006,4006,lcnorth.cl,2,53,26.5,1.5,0.5,-51.5,-26,NA,1,NA,9.4,0.3,NA,145.36,NA,FORB,ANNUAL,FORB
135,CENTAUREA SCABIOSA,200,200,allmendo.ch,2,8.75,4.375,3.5,1.166666667,-5.25,-3.208333333,22.3,0.9625,NA,16.2315625,2.708833,NA,NA,NA,FORB,PERENNIAL,FORB
136,CENTAUREA SCABIOSA,44,44,allmendb.ch,2,21.5,7.166666667,21.75,7.25,0.25,0.083333333,22.3,0.9625,NA,16.2315625,2.708833,NA,NA,NA,FORB,PERENNIAL,FORB
137,CERASTIUM ARVENSE,2562,2562,elvadrt.ee,2,2,1,3,1,1,0,NA,0.188888889,NA,21.10181624,0.22,0.486326636,91.58154988,0.188766667,FORB,PERENNIAL,FORB
138,CERASTIUM ARVENSE,2133,2133,cowidrt.ca,2,2,2,2,2,0,0,NA,0.188888889,NA,21.10181624,0.22,0.486326636,91.58154988,0.188766667,FORB,PERENNIAL,FORB
139,CERASTIUM ARVENSE,3654,3654,kernnu.ca,2,0.5,0.5,2,2,1.5,1.5,NA,0.188888889,NA,21.10181624,0.22,0.486326636,91.58154988,0.188766667,FORB,PERENNIAL,FORB
140,CERASTIUM ARVENSE,3536,3536,kernb.ca,2,0.5,0.5,0.5,0.5,0,0,NA,0.188888889,NA,21.10181624,0.22,0.486326636,91.58154988,0.188766667,FORB,PERENNIAL,FORB
141,CERASTIUM ARVENSE,4422,4422,matador.ca,2,1,1,1,0.5,0,-0.5,NA,0.188888889,NA,21.10181624,0.22,0.486326636,91.58154988,0.188766667,FORB,PERENNIAL,FORB
142,CERASTIUM ARVENSE,2035,2035,cmss.us,2,15,5,27,9,12,4,NA,0.188888889,NA,21.10181624,0.22,0.486326636,91.58154988,0.188766667,FORB,PERENNIAL,FORB
143,CERASTIUM ARVENSE,5144,5144,paike.ar,2,2,1,1,1,-1,0,NA,0.188888889,NA,21.10181624,0.22,0.486326636,91.58154988,0.188766667,FORB,PERENNIAL,FORB
144,CERASTIUM FONTANUM,3201,3201,jenadrt.de,2,5,1.666666667,1.5,0.75,-3.5,-0.916666667,24.9755,0.218333333,8.721238939,25.83139407,NA,0.133299797,101.6244572,0.282,FORB,PERENNIAL,FORB
145,CERASTIUM GLOMERATUM,2137,2137,cowidrt.ca,2,4,1.333333333,7,1.4,3,0.066666667,17.025,0.249,14.7,23.38503171,0.11,0.4988333,318,NA,FORB,ANNUAL,FORB
146,CERASTIUM GLOMERATUM,3207,3207,jenadrt.de,2,3.5,1.166666667,1,0.5,-2.5,-0.666666667,17.025,0.249,14.7,23.38503171,0.11,0.4988333,318,NA,FORB,ANNUAL,FORB
147,CHLOROGALUM POMERIDIANUM,5735,5735,scruzh.us,2,9,4.5,2,2,-7,-2.5,28.9,NA,NA,12.962,NA,NA,NA,NA,FORB,PERENNIAL,FORB
148,CHONDROSUM ERIOPODUM,304,304,antelope.us,2,45.85,6.55,19.35,2.764285714,-26.5,-3.785714286,14.8969364,NA,NA,18.54844313,NA,NA,NA,0.03,GRAMINOID,PERENNIAL,GRASS
149,CHONDROSUM ERIOPODUM,3462,3462,jorndrt.us,2,87,29,34,11.33333333,-53,-17.66666667,14.8969364,NA,NA,18.54844313,NA,NA,NA,0.03,GRAMINOID,PERENNIAL,GRASS
150,CIRSIUM ARVENSE,454,454,baddrt.de,2,14,2,3,0.75,-11,-1.25,29.75611991,0.84284049,15.2,16.60803212,1.853333,NA,64,0.71,FORB,PERENNIAL,FORB
151,CIRSIUM ARVENSE,2726,2726,esw.ca,2,2,1,4,1.333333333,2,0.333333333,29.75611991,0.84284049,15.2,16.60803212,1.853333,NA,64,0.71,FORB,PERENNIAL,FORB
152,CIRSIUM ARVENSE,1303,1303,brookdale.ca,2,7.5,1.5,8,1.6,0.5,0.1,29.75611991,0.84284049,15.2,16.60803212,1.853333,NA,64,0.71,FORB,PERENNIAL,FORB
153,CIRSIUM VULGARE,5855,5855,scruzl.us,2,43,10.75,11,5.5,-32,-5.25,38.6,1.175,NA,14.23064781,2.1,0.285613682,131.2433191,0.184,FORB,BIENNIAL,FORB
154,CIRSIUM VULGARE,5739,5739,scruzh.us,2,5,5,20,20,15,15,38.6,1.175,NA,14.23064781,2.1,0.285613682,131.2433191,0.184,FORB,BIENNIAL,FORB
155,CISTUS ALBIDUS,349,349,ayora.es,2,83,13.83333333,71,23.66666667,-12,9.833333333,13.70833333,1,NA,15.54983587,NA,0.775024053,6.965677795,0.4331,SHRUB,PERENNIAL,WOODY
156,CISTUS CLUSII,352,352,ayora.es,2,8,2,2,2,-6,0,17.575,1,NA,15.66073822,NA,NA,NA,NA,SHRUB,PERENNIAL,WOODY
157,CLAYTONIA PERFOLIATA,2140,2140,cowidrt.ca,2,24,6,58,14.5,34,8.5,24.6,0.222866667,NA,52.4560081,0.1524,NA,NA,NA,FORB,BOTH,FORB
158,COLLINSIA PARVIFLORA,4911,4911,oreaa.us,2,2.5,0.5,1.5,0.5,-1,0,NA,0.3048,NA,32.3,NA,NA,NA,0.28,FORB,ANNUAL,FORB
159,COLLINSIA PARVIFLORA,5028,5028,oreac.us,2,2.5,0.5,2.5,0.5,0,0,NA,0.3048,NA,32.3,NA,NA,NA,0.28,FORB,ANNUAL,FORB
160,COMANDRA UMBELLATA,4427,4427,matador.ca,2,8,8,7,3.5,-1,-4.5,21.0594,NA,NA,18.08533756,NA,0.334821433,31.36179282,0.321385714,FORB,PERENNIAL,FORB
161,COMANDRA UMBELLATA,1306,1306,brookdale.ca,2,1,1,1,1,0,0,21.0594,NA,NA,18.08533756,NA,0.334821433,31.36179282,0.321385714,FORB,PERENNIAL,FORB
162,COMANDRA UMBELLATA,1561,1561,cedarsav.us,2,33,5.5,10,3.333333333,-23,-2.166666667,21.0594,NA,NA,18.08533756,NA,0.334821433,31.36179282,0.321385714,FORB,PERENNIAL,FORB
163,COMMELINA CYANEA,6343,6343,yarradrt.au,2,8.16,8.16,8.16,8.16,0,0,30.634,0.1,NA,34.85,NA,0.12642,NA,0.05284,FORB,PERENNIAL,FORB
164,CONVOLVULUS ARVENSIS,3219,3219,jenadrt.de,2,9,4.5,2,2,-7,-2.5,27.77,0.048,12.29,17.215475,2.24,0.5298167,31.40813333,NA,FORB,PERENNIAL,FORB
165,CONYZA CANADENSIS,987,987,bivensarm.us,2,0.450000001,0.05625,2.599999999,0.26,2.149999998,0.20375,27.9,0.836805556,NA,21.34368455,0.1524,0.09,119,0.35,FORB,NULL,FORB
166,CORDOBIA ARGENTEA,1751,1751,cerrillos.ar,2,54.38,18.12666667,35.01,11.67,-19.37,-6.456666667,27.9,NA,NA,5.52599535,NA,NA,NA,NA,VINE,PERENNIAL,WOODY
167,COREOPSIS PALMATA,1653,1653,cedartrait.us,2,21,5.25,13,4.333333333,-8,-0.916666667,12.06502778,0.614,18.5591,18.06209157,NA,0.1,82.33333333,0.33,FORB,PERENNIAL,FORB
168,COREOPSIS PALMATA,1564,1564,cedarsav.us,2,55,27.5,12,4,-43,-23.5,12.06502778,0.614,18.5591,18.06209157,NA,0.1,82.33333333,0.33,FORB,PERENNIAL,FORB
169,CREPIS BIENNIS,3225,3225,jenadrt.de,2,7,2.333333333,2,2,-5,-0.333333333,18.28,0.183,10.22761651,19.04,0.99,0.113427835,154.7062535,0.425214286,FORB,PERENNIAL,FORB
170,CREPIS BIENNIS,48,48,allmendb.ch,2,0.5,0.5,0.25,0.25,-0.25,-0.25,18.28,0.183,10.22761651,19.04,0.99,0.113427835,154.7062535,0.425214286,FORB,PERENNIAL,FORB
171,CREPIS BIENNIS,459,459,baddrt.de,2,19.6,2.8,3,3,-16.6,0.2,18.28,0.183,10.22761651,19.04,0.99,0.113427835,154.7062535,0.425214286,FORB,PERENNIAL,FORB
172,CREPIS CAPILLARIS,463,463,baddrt.de,2,4.2,0.7,2.7,0.9,-1.5,0.2,25.65,0.458333333,10.7,35.00023666,0.385,NA,138,NA,FORB,ANNUAL,FORB
173,CROTON GLANDULOSUS,766,766,bfl.us,2,2,1,2,1,0,0,17.5,NA,NA,38.2464889,NA,NA,NA,NA,FORB,ANNUAL,FORB
174,CROTON MONANTHOGYNUS,4752,4752,oklah.us,2,3.5,1.75,6,3,2.5,1.25,17.5,NA,NA,18.1,NA,NA,NA,NA,FORB,ANNUAL,FORB
175,CRUCIATA GLABRA,5349,5349,pineta.es,2,0.5,0.5,1,0.5,0.5,0,17.002,0.194,NA,21.52069774,0.14,NA,NA,NA,FORB,PERENNIAL,FORB
176,CYMBOPOGON CAESIUS,6234,6234,ukulingadrt.za,2,150,37.5,161,40.25,11,2.75,13.857227,NA,NA,17.88,NA,NA,NA,NA,GRASS,PERENNIAL,GRASS
177,CYNODON DACTYLON,5674,5674,sclaudio.ar,2,10,5,26,6.5,16,1.5,16.887,0.235788519,NA,16.61,0.3556,0.51,26.34,0.071,GRAMINOID,PERENNIAL,GRASS
178,CYNODON DACTYLON,6349,6349,yarradrt.au,2,304.08,76.02,265.3,66.325,-38.78,-9.695,16.887,0.235788519,NA,16.61,0.3556,0.51,26.34,0.071,GRAMINOID,PERENNIAL,GRASS
179,CYNOSURUS CRISTATUS,5538,5538,rhijn.nl,2,3,3,1,1,-2,-2,20.5,0.588,8.98,25.76472222,0.22,0.3312667,24.6,0.705,GRASS,PERENNIAL,GRASS
180,DACTYLIS GLOMERATA,5541,5541,rhijn.nl,2,90,15,73,24.33333333,-17,9.333333333,25.72069341,0.671309259,10.15714286,26.04843708,0.3048,0.138583824,304.2076965,0.142857143,GRASS,PERENNIAL,GRASS
181,DACTYLIS GLOMERATA,2572,2572,elvadrt.ee,2,27,9,15,5,-12,-4,25.72069341,0.671309259,10.15714286,26.04843708,0.3048,0.138583824,304.2076965,0.142857143,GRASS,PERENNIAL,GRASS
182,DACTYLIS GLOMERATA,6312,6312,validate.fr,2,43,8.6,95,19,52,10.4,25.72069341,0.671309259,10.15714286,26.04843708,0.3048,0.138583824,304.2076965,0.142857143,GRASS,PERENNIAL,GRASS
183,DACTYLIS GLOMERATA,2149,2149,cowidrt.ca,2,31,7.75,9,2.25,-22,-5.5,25.72069341,0.671309259,10.15714286,26.04843708,0.3048,0.138583824,304.2076965,0.142857143,GRASS,PERENNIAL,GRASS
184,DACTYLORHIZA MACULATA,4112,4112,lygraint.no,2,2,2,1,1,-1,-1,22.6,0.6,NA,24.23285714,NA,NA,NA,NA,FORB,PERENNIAL,FORB
185,DACTYLORHIZA MACULATA,5352,5352,pineta.es,2,1.5,0.5,1,0.5,-0.5,0,22.6,0.6,NA,24.23285714,NA,NA,NA,NA,FORB,PERENNIAL,FORB
186,DALEA PURPUREA,4758,4758,oklah.us,2,6,3,18,9,12,6,14.1,0.5272,13.9583,13.02080619,1.525,0.174143261,73.40507735,0.341785714,FORB,PERENNIAL,LEGUME
187,DANTHONIA CALIFORNICA,4916,4916,oreaa.us,2,1,1,24.5,8.166666667,23.5,7.166666667,21.1,0.6096,NA,46.56,0.4064,NA,NA,NA,GRASS,PERENNIAL,GRASS
188,DAUCUS CAROTA,2733,2733,esw.ca,2,3,3,2,1,-1,-2,23.75644602,0.487097662,12.75277167,17.37707021,0.8266667,0.329231092,244.5257138,0.314314803,FORB,BIENNIAL,FORB
189,DAUCUS CAROTA,2578,2578,elvadrt.ee,2,1,1,1,1,0,0,23.75644602,0.487097662,12.75277167,17.37707021,0.8266667,0.329231092,244.5257138,0.314314803,FORB,BIENNIAL,FORB
190,DESCHAMPSIA CESPITOSA,5159,5159,paike.ar,2,1,1,3,1,2,0,19.38145224,0.623466667,9.504294333,15.38069921,1.23,0.170736151,364.9892355,0.206048414,GRASS,PERENNIAL,GRASS
191,DESCHAMPSIA FLEXUOSA,3134,3134,hoide.de,2,30,15,30,15,0,0,21.14852266,0.40801415,6.90123,17.19285365,0.2032,0.386033,196.6766667,0.27,GRASS,PERENNIAL,GRASS
192,DESCHAMPSIA FLEXUOSA,4117,4117,lygraint.no,2,6,3,10,5,4,2,21.14852266,0.40801415,6.90123,17.19285365,0.2032,0.386033,196.6766667,0.27,GRASS,PERENNIAL,GRASS
193,DICHANTHELIUM OLIGOSANTHES,778,778,bfl.us,2,7,3.5,21,7,14,3.5,12.8,0.2083,4.73,23.2764706,NA,NA,7.466,0.36,GRASS,PERENNIAL,GRASS
194,DICHANTHELIUM OLIGOSANTHES,4770,4770,oklah.us,2,33,11,21,7,-12,-4,12.8,0.2083,4.73,23.2764706,NA,NA,7.466,0.36,GRASS,PERENNIAL,GRASS
195,DICHANTHELIUM OLIGOSANTHES,3916,3916,konzadrt.us,2,25,6.25,6,2,-19,-4.25,12.8,0.2083,4.73,23.2764706,NA,NA,7.466,0.36,GRASS,PERENNIAL,GRASS
196,DIPLOTAXIS TENUIFOLIA,4580,4580,naposta.ar,2,20,10,25,8.333333333,5,-1.666666667,NA,0.575,NA,22.45,NA,NA,NA,NA,FORB,BIENNIAL,FORB
197,DORYCNIUM PENTAPHYLLUM,361,361,ayora.es,2,81,13.5,24,12,-57,-1.5,24.5,0.4,NA,20.8,1.17,0.56,3.83,NA,SUBSHRUB,PERENNIAL,LEGUME
198,ECHIUM VULGARE,52,52,allmendb.ch,2,0.25,0.25,0.75,0.375,0.5,0.125,23.6,0.716666667,NA,14.45,2.57,NA,NA,0.385,FORB,PERENNIAL,FORB
199,EHRHARTA STIPOIDES,6355,6355,yarradrt.au,2,51.02,17.00666667,14.29,14.29,-36.73,-2.716666667,25.541,NA,NA,21.72,NA,0.72,NA,0.043,GRASS,PERENNIAL,GRASS
200,ELYMUS ELYMOIDES,5043,5043,oreac.us,2,14,7,11.5,2.875,-2.5,-4.125,13.572,0.4235,10.19,13.868725,0.3048,0.387230769,48.4183,0.62,GRASS,PERENNIAL,GRASS
201,ELYMUS ELYMOIDES,4925,4925,oreaa.us,2,18.5,4.625,17.5,3.5,-1,-1.125,13.572,0.4235,10.19,13.868725,0.3048,0.387230769,48.4183,0.62,GRASS,PERENNIAL,GRASS
202,ELYMUS REPENS,3234,3234,jenadrt.de,2,7,7,4.5,2.25,-2.5,-4.75,26.17661742,0.605442518,16.42030861,22.79877956,0.3556,0.220460629,91.89875611,0.258457785,GRASS,PERENNIAL,GRASS
203,ELYMUS SMITHII,873,873,biddulph.ca,2,2.5,1.25,0.5,0.5,-2,-0.75,28.0185,0.6096,17.06975875,31.74700117,0.508,NA,73.5,NA,GRAMINOID,PERENNIAL,GRASS
204,EMPETRUM NIGRUM,4215,4215,lygraold.no,2,18,9,16,8,-2,-1,11.54888567,0.271133333,6.06,9.729822391,0.2532,0.0857764,NA,NA,SHRUB,PERENNIAL,WOODY
205,EMPETRUM NIGRUM,4121,4121,lygraint.no,2,7,3.5,5,2.5,-2,-1,11.54888567,0.271133333,6.06,9.729822391,0.2532,0.0857764,NA,NA,SHRUB,PERENNIAL,WOODY
206,ENNEAPOGON POLYPHYLLUS,2336,2336,credom.au,2,12,2.4,1,0.5,-11,-1.9,10.55,0.325,3.7,7.035333333,NA,0.44,NA,0.6,GRASS,PERENNIAL,GRASS
207,ENNEAPOGON POLYPHYLLUS,2257,2257,credoj.au,2,3.5,0.875,2,0.5,-1.5,-0.375,10.55,0.325,3.7,7.035333333,NA,0.44,NA,0.6,GRASS,PERENNIAL,GRASS
208,EPILOBIUM ANGUSTIFOLIUM,470,470,baddrt.de,2,0.5,0.125,0.2,0.2,-0.3,0.075,26.69696541,1.0483,NA,19.77553761,0.627,NA,261.095,NA,FORB,PERENNIAL,FORB
209,EPILOBIUM BRACHYCARPUM,5048,5048,oreac.us,2,5,1,3.5,0.7,-1.5,-0.3,30.48666667,0.286,10.95816314,21.56584,NA,NA,81.71053333,NA,FORB,ANNUAL,FORB
210,EPILOBIUM BRACHYCARPUM,4930,4930,oreaa.us,2,2.5,0.5,5.5,1.1,3,0.6,30.48666667,0.286,10.95816314,21.56584,NA,NA,81.71053333,NA,FORB,ANNUAL,FORB
211,EPILOBIUM TETRAGONUM,472,472,baddrt.de,2,1.3,0.216666667,0.2,0.1,-1.1,-0.116666667,NA,0.720833333,NA,15.9,NA,NA,NA,NA,FORB,PERENNIAL,FORB
212,Epipactis PALUSTRIS,5356,5356,pineta.es,2,24,8,3,3,-21,-5,NA,0.4375,NA,22.62,NA,NA,NA,NA,FORB,PERENNIAL,FORB
213,EQUISETUM ARVENSE,2583,2583,elvadrt.ee,2,2,1,3,1,1,0,20.06733732,0.344317143,NA,13.18450744,0.2262,NA,NA,NA,FORB,PERENNIAL,FORB
214,ERAGROSTIS CURVULA,6360,6360,yarradrt.au,2,26.53,13.265,14.28,4.76,-12.25,-8.505,15.862,0.9144,5.6,10.92,0.3556,0.674737064,NA,0.071,GRASS,PERENNIAL,GRASS
215,ERAGROSTIS SPECTABILIS,1041,1041,bivensarm.us,2,76.75,5.482142857,57,4.384615385,-19.75,-1.097527472,10.935,0.23375,NA,24.79827372,0.1016,NA,NA,NA,GRAMINOID,PERENNIAL,GRASS
216,EREMOPHILA GILESII,1893,1893,charleville.au,2,90,45,105,35,15,-10,NA,0.90825,NA,8.200857,NA,NA,NA,NA,SHRUB,PERENNIAL,WOODY
217,ERICA TETRALIX,4218,4218,lygraold.no,2,20,10,11,5.5,-9,-4.5,11.50813841,0.465833333,NA,10.60442241,NA,NA,NA,0.07,SUBSHRUB,PERENNIAL,WOODY
218,ERICA TETRALIX,4124,4124,lygraint.no,2,6,3,4,2,-2,-1,11.50813841,0.465833333,NA,10.60442241,NA,NA,NA,0.07,SUBSHRUB,PERENNIAL,WOODY
219,ERIGERON ANNUUS,2742,2742,esw.ca,2,5,1.666666667,4,1.333333333,-1,-0.333333333,13.87251282,0.790891667,NA,23.37334387,1.02,0.32875817,62.7520477,0.25,FORB,ANNUAL,FORB
220,ERIGERON BONARIENSIS,4584,4584,naposta.ar,2,1,1,6,3,5,2,20.2,0.46625,NA,17.6205,NA,NA,NA,NA,FORB,ANNUAL,FORB
221,ERIGERON CANADENSIS,474,474,baddrt.de,2,1.7,0.566666667,1.2,0.6,-0.5,0.033333333,27.5,0.676,NA,21.20435157,1.09,0.09,119,0.35,FORB,ANNUAL,FORB
222,ERIGERON STRIGOSUS,4777,4777,oklah.us,2,18,9,3,3,-15,-6,12.3765,0.566,NA,24.97386549,0.254,NA,NA,NA,FORB,PERENNIAL,FORB
223,ERIOPHORUM VAGINATUM,4224,4224,lygraold.no,2,1,1,1,1,0,0,18.34176544,0.441666667,7.2,10.24422818,0.4,0.0933333,148.81,0.756666667,GRAMINOID,PERENNIAL,GRAMINOID
224,ERODIUM CICUTARIUM,6090,6090,spvdrt.ar,2,10,3.333333333,1,1,-9,-2.333333333,34.47666667,0.0275,11.48,28.8428,0.5,0.43626943,71.7331,0.1243,FORB,ANNUAL,FORB
225,ERODIUM CICUTARIUM,1420,1420,capmcd.us,2,0.7,0.233333333,0.1,0.1,-0.6,-0.133333333,34.47666667,0.0275,11.48,28.8428,0.5,0.43626943,71.7331,0.1243,FORB,ANNUAL,FORB
226,ERODIUM CICUTARIUM,4014,4014,lcnorth.cl,2,1.5,0.75,1.5,0.5,0,-0.25,34.47666667,0.0275,11.48,28.8428,0.5,0.43626943,71.7331,0.1243,FORB,ANNUAL,FORB
227,ERODIUM CICUTARIUM,5752,5752,scruzh.us,2,3,3,2,2,-1,-1,34.47666667,0.0275,11.48,28.8428,0.5,0.43626943,71.7331,0.1243,FORB,ANNUAL,FORB
228,ERODIUM CICUTARIUM,2935,2935,gmgranite.us,2,0.9,0.128571429,0.2,0.1,-0.7,-0.028571429,34.47666667,0.0275,11.48,28.8428,0.5,0.43626943,71.7331,0.1243,FORB,ANNUAL,FORB
229,ERODIUM CICUTARIUM,2971,2971,gmmolar.us,2,1.4,0.2,0.7,0.1,-0.7,-0.1,34.47666667,0.0275,11.48,28.8428,0.5,0.43626943,71.7331,0.1243,FORB,ANNUAL,FORB
230,ESCHSCHOLZIA CALIFORNICA,5946,5946,scruzm.us,2,24,6,30,10,6,4,46.6,0.405253333,NA,27.92808564,0.254,0.015053333,527.2,0.24385,FORB,PERENNIAL,FORB
231,EUPHORBIA CYPARISSIAS,205,205,allmendo.ch,2,2,2,1.25,1.25,-0.75,-0.75,29,0.2375,8.96,23.6,0.89,0.411,6.4,0.699,FORB,PERENNIAL,FORB
232,EUPHORBIA CYPARISSIAS,56,56,allmendb.ch,2,0.25,0.25,4,2,3.75,1.75,29,0.2375,8.96,23.6,0.89,0.411,6.4,0.699,FORB,PERENNIAL,FORB
233,EUTHAMIA GRAMINIFOLIA,1572,1572,cedarsav.us,2,15,3,12,3,-3,0,19.4891582,0.798,NA,12.04198841,NA,NA,NA,NA,FORB,PERENNIAL,FORB
234,EVOLVULUS SERICEUS,785,785,bfl.us,2,1,1,3,1.5,2,0.5,NA,0.165186473,NA,13.12723643,NA,NA,NA,NA,FORB,PERENNIAL,FORB
235,FAGUS SYLVATICA,3983,3983,kranz.de,2,300,50,300,50,0,0,21.57683121,NA,3.73333,18.54393462,0.91875,0.565265667,28.44544129,0.524726557,TREE,PERENNIAL,WOODY
236,FESTUCA ARUNDINACEA,1947,1947,chilcasdrt.ar,2,415,83,370,74,-45,-9,26.75,0.922297147,9.306666667,16.0977261,1.415,0.208261132,167.503371,0.383552278,GRASS,PERENNIAL,GRASS
237,FESTUCA ARUNDINACEA,5678,5678,sclaudio.ar,2,305,76.25,280,70,-25,-6.25,26.75,0.922297147,9.306666667,16.0977261,1.415,0.208261132,167.503371,0.383552278,GRASS,PERENNIAL,GRASS
238,FESTUCA ARUNDINACEA,4342,4342,marcdrt.ar,2,280,70,280,70,0,0,26.75,0.922297147,9.306666667,16.0977261,1.415,0.208261132,167.503371,0.383552278,GRASS,PERENNIAL,GRASS
239,FESTUCA HALLERI,5272,5272,passogavia.it,2,0.5,0.5,2,2,1.5,1.5,13,NA,NA,9.9,0.101,NA,NA,0.31,GRASS,PERENNIAL,GRASS
240,FESTUCA IDAHOENSIS,4950,4950,oreaa.us,2,31.5,6.3,31.5,6.3,0,0,10.3118547,0.6096,NA,42.75,0.3556,NA,NA,NA,GRASS,PERENNIAL,GRASS
241,FESTUCA IDAHOENSIS,2053,2053,cmss.us,2,55,18.33333333,55,18.33333333,0,0,10.3118547,0.6096,NA,42.75,0.3556,NA,NA,NA,GRASS,PERENNIAL,GRASS
242,FESTUCA IDAHOENSIS,5057,5057,oreac.us,2,34.5,11.5,28,7,-6.5,-4.5,10.3118547,0.6096,NA,42.75,0.3556,NA,NA,NA,GRASS,PERENNIAL,GRASS
243,FESTUCA OVINA,61,61,allmendb.ch,2,2.5,2.5,3.5,1.166666667,1,-1.333333333,16.78631631,0.414347827,7.790299962,16.83674211,0.254,0.18,180.6632143,0.02,GRASS,PERENNIAL,GRASS
244,FESTUCA OVINA,210,210,allmendo.ch,2,17.5,5.833333333,20,6.666666667,2.5,0.833333333,16.78631631,0.414347827,7.790299962,16.83674211,0.254,0.18,180.6632143,0.02,GRASS,PERENNIAL,GRASS
245,FESTUCA PRATENSIS,2589,2589,elvadrt.ee,2,20,6.666666667,17,5.666666667,-3,-1,22.6929621,0.4,9.037334647,21.47,0.233,0.091553497,289.7039134,0.217565197,GRASS,PERENNIAL,GRASS
246,FESTUCA RUBRA,5358,5358,pineta.es,2,3,3,2,0.5,-1,-2.5,19.05492673,0.452958333,7.08,20.02617821,0.3048,0.233235525,348.147287,0.12,GRASS,PERENNIAL,GRASS
247,FESTUCA RUBRA,2595,2595,elvadrt.ee,2,9,3,13,4.333333333,4,1.333333333,19.05492673,0.452958333,7.08,20.02617821,0.3048,0.233235525,348.147287,0.12,GRASS,PERENNIAL,GRASS
248,FESTUCA RUBRA,475,475,baddrt.de,2,1,1,0.3,0.3,-0.7,-0.7,19.05492673,0.452958333,7.08,20.02617821,0.3048,0.233235525,348.147287,0.12,GRASS,PERENNIAL,GRASS
249,FESTUCA RUBRA,5548,5548,rhijn.nl,2,155,25.83333333,50,16.66666667,-105,-9.166666667,19.05492673,0.452958333,7.08,20.02617821,0.3048,0.233235525,348.147287,0.12,GRASS,PERENNIAL,GRASS
250,FESTUCA VIVIPARA,4127,4127,lygraint.no,2,2,1,1,1,-1,0,NA,0.065,NA,11.02,NA,NA,NA,NA,GRASS,PERENNIAL,GRASS
251,FRAGARIA VESCA,2601,2601,elvadrt.ee,2,51,17,31,10.33333333,-20,-6.666666667,16.48863464,0.136111111,NA,24.4032544,0.267,0.351086957,312.2441806,0.1112,FORB,PERENNIAL,FORB
252,FRAGARIA VESCA,5360,5360,pineta.es,2,3.5,1.75,22.5,4.5,19,2.75,16.48863464,0.136111111,NA,24.4032544,0.267,0.351086957,312.2441806,0.1112,FORB,PERENNIAL,FORB
253,FUMANA ERICIFOLIA,364,364,ayora.es,2,55,11,6,3,-49,-8,10.02,0.2,NA,4.558011959,0.49,NA,NA,NA,SUBSHRUB,PERENNIAL,WOODY
254,FUMANA LAEVIPES,368,368,ayora.es,2,23,4.6,2,2,-21,-2.6,NA,0.045,NA,9.224,NA,NA,NA,NA,SUBSHRUB,PERENNIAL,WOODY
255,GALIUM APARINE,2169,2169,cowidrt.ca,2,5,1,2,1,-3,0,30.3875,0.765787211,17.66740825,34.58771111,0.1016,0.246153846,342.4265529,0.153183334,FORB,ANNUAL,FORB
256,GALIUM BOREALE,3672,3672,kernnu.ca,2,3,1.5,6,6,3,4.5,18.80683333,0.37,10,22.71017578,0.1524,0.315984509,172.8382766,0.1779,FORB,PERENNIAL,FORB
257,GALIUM BOREALE,3553,3553,kernb.ca,2,5,5,2,2,-3,-3,18.80683333,0.37,10,22.71017578,0.1524,0.315984509,172.8382766,0.1779,FORB,PERENNIAL,FORB
258,GALIUM BOREALE,1320,1320,brookdale.ca,2,5,1,5.25,1.05,0.25,0.05,18.80683333,0.37,10,22.71017578,0.1524,0.315984509,172.8382766,0.1779,FORB,PERENNIAL,FORB
259,GALIUM LUCIDUM,376,376,ayora.es,2,3,1.5,6,3,3,1.5,26,0.375,NA,40.8,0.67,NA,NA,NA,VINE,PERENNIAL,FORB
260,GALIUM MOLLUGO,5553,5553,rhijn.nl,2,137,22.83333333,41,13.66666667,-96,-9.166666667,29.6653889,0.57825,12.06782427,21.5515698,0.1688729,0.105319476,406.1581499,0.264461111,FORB,ANNUAL,FORB
261,GALIUM SAXATILE,4130,4130,lygraint.no,2,3,3,2,2,-1,-1,25.1,0.175,NA,25.08983957,NA,NA,NA,NA,FORB,PERENNIAL,FORB
262,GALIUM VERUM,214,214,allmendo.ch,2,3.5,1.166666667,1.75,0.875,-1.75,-0.291666667,21.6094737,0.516038889,11.75956766,17.72121934,0.7266667,0.140178711,402.3842917,0.122981034,FORB,PERENNIAL,FORB
263,GENISTA SCORPIUS,2420,2420,ebro.es,2,40.31807267,13.43935756,12.498332,4.166110667,-27.81974067,-9.273246889,NA,1.5,NA,9.527159544,0.84,NA,NA,NA,SHRUB,PERENNIAL,LEGUME
264,GERANIUM DISSECTUM,5863,5863,scruzl.us,2,75,18.75,28,7,-47,-11.75,19.13,0.151,NA,17.86,0.5,0.382010582,207.6012196,0.122766667,FORB,ANNUAL,FORB
265,GERANIUM DISSECTUM,3252,3252,jenadrt.de,2,8,2.666666667,11,3.666666667,3,1,19.13,0.151,NA,17.86,0.5,0.382010582,207.6012196,0.122766667,FORB,ANNUAL,FORB
266,GERANIUM MOLLE,2173,2173,cowidrt.ca,2,18,4.5,34,8.5,16,4,26.45,0.296666667,NA,23.20870159,0.53,0.329104478,289.9024475,0.112466667,FORB,THREE,FORB
267,GERANIUM PUSILLUM,3258,3258,jenadrt.de,2,38,12.66666667,163,54.33333333,125,41.66666667,17.47,0.2,NA,26.42,0.59,0.417391304,192.0238007,0.1212,FORB,BOTH,FORB
268,GEUM CANADENSE,2749,2749,esw.ca,2,2,2,1,1,-1,-1,NA,0.77936,NA,20.2434208,0.1016,NA,NA,NA,FORB,PERENNIAL,FORB
269,GLOBULARIA VULGARIS,218,218,allmendo.ch,2,1.75,0.875,5.25,1.75,3.5,0.875,NA,0.2,NA,6.892,0.47,NA,NA,NA,FORB,PERENNIAL,FORB
270,GLOBULARIA VULGARIS,70,70,allmendb.ch,2,6.5,2.166666667,1,0.5,-5.5,-1.666666667,NA,0.2,NA,6.892,0.47,NA,NA,NA,FORB,PERENNIAL,FORB
271,GNAPHALIUM SUPINUM,5276,5276,passogavia.it,2,0.18,0.06,0.1,0.05,-0.08,-0.01,22.46381487,NA,28.1,27.00300375,NA,NA,307.39,0.29,FORB,PERENNIAL,FORB
272,GOUINIA PARAGUAYENSIS,1773,1773,cerrillos.ar,2,8.76,4.38,13.75,13.75,4.99,9.37,23.1,0.47,NA,19.71,NA,NA,NA,NA,GRASS,PERENNIAL,GRASS
273,GREVILLEA AUSTRALIS,2886,2886,falls.au,2,1.5,0.75,0.5,0.5,-1,-0.25,NA,2,NA,4.896896,NA,NA,NA,NA,SHRUB,PERENNIAL,WOODY
274,GYPSOPHILA REPENS,222,222,allmendo.ch,2,0.25,0.25,0.25,0.25,0,0,12.7,0.14,NA,15.67666667,NA,NA,NA,NA,FORB,PERENNIAL,FORB
275,GYPSOPHILA STRUTHIUM,2006,2006,ciempoz.es,2,24.75,6.1875,32.37,6.474,7.62,0.2865,16.70948548,0.6,NA,4.877171445,NA,NA,NA,NA,SHRUB,PERENNIAL,WOODY
276,HELIANTHEMUM CINEREUM,382,382,ayora.es,2,20,3.333333333,15,5,-5,1.666666667,13.24715,0.053,NA,6.31,NA,NA,NA,NA,SUBSHRUB,PERENNIAL,WOODY
277,HELIANTHEMUM MARIFOLIUM,2431,2431,ebro.es,2,3.308279333,1.102759778,2.365799333,0.788599778,-0.94248,-0.31416,NA,0.3,NA,7.659559676,0.28,NA,NA,NA,SHRUB,PERENNIAL,WOODY
278,HELIANTHEMUM NUMMULARIUM var. GRANDIFLORUM,74,74,allmendb.ch,2,17.5,5.833333333,23.75,7.916666667,6.25,2.083333333,17.1,NA,6.27,14.70769,1.63,0.1910333,180,1.555,SHRUB,PERENNIAL,WOODY
279,HELIANTHEMUM NUMMULARIUM var. GRANDIFLORUM,226,226,allmendo.ch,2,16.25,5.416666667,17.5,5.833333333,1.25,0.416666667,17.1,NA,6.27,14.70769,1.63,0.1910333,180,1.555,SHRUB,PERENNIAL,WOODY
280,HELIANTHEMUM SQUAMATUM,2010,2010,ciempoz.es,2,1.29,1.29,2.62,1.31,1.33,0.02,13.91070827,0.2,NA,5.358237548,0.65,NA,NA,NA,SUBSHRUB,PERENNIAL,WOODY
281,HELICHRYSUM STOECHAS,2439,2439,ebro.es,2,0.092502667,0.092502667,0.496547333,0.248273667,0.404044666,0.155771,15.1,0.4,NA,14.05029913,0.52,0.652701216,6.114890701,0.49195,SHRUB,BOTH,WOODY
282,HELICTOTRICHON PRATENSE,78,78,allmendb.ch,2,9.25,3.083333333,13.25,4.416666667,4,1.333333333,16.4,0.816666667,NA,14.06030769,0.79,0.669747899,85.98480816,0.1543,GRASS,PERENNIAL,GRASS
283,HELICTOTRICHON PRATENSE,230,230,allmendo.ch,2,4.75,1.583333333,10.75,3.583333333,6,2,16.4,0.816666667,NA,14.06030769,0.79,0.669747899,85.98480816,0.1543,GRASS,PERENNIAL,GRASS
284,HELICTOTRICHON PUBESCENS,4065,4065,lcsouth.cl,2,64.5,21.5,60,60,-4.5,38.5,24.3,0.680625,7.892636683,18.69463141,0.3,0.090296815,62.86954053,0.161264502,GRASS,PERENNIAL,GRASS
285,HELICTOTRICHON PUBESCENS,5472,5472,qdtsouth.cl,2,0.5,0.5,4.5,1.5,4,1,24.3,0.680625,7.892636683,18.69463141,0.3,0.090296815,62.86954053,0.161264502,GRASS,PERENNIAL,GRASS
286,HELICTOTRICHON PUBESCENS,4021,4021,lcnorth.cl,2,8,2.666666667,2,2,-6,-0.666666667,24.3,0.680625,7.892636683,18.69463141,0.3,0.090296815,62.86954053,0.161264502,GRASS,PERENNIAL,GRASS
287,HELICTOTRICHON PUBESCENS,2607,2607,elvadrt.ee,2,2,1,2,1,0,0,24.3,0.680625,7.892636683,18.69463141,0.3,0.090296815,62.86954053,0.161264502,GRASS,PERENNIAL,GRASS
288,HELIOPSIS HELIANTHOIDES,1329,1329,brookdale.ca,2,4,1,5,1,1,0,NA,1.2745,NA,19.34129566,NA,0.155412644,61.30678286,0.38123125,FORB,PERENNIAL,FORB
289,HEPATICA NOBILIS,5365,5365,pineta.es,2,0.5,0.5,3.5,1.75,3,1.25,24,NA,NA,27.165,NA,NA,NA,NA,FORB,PERENNIAL,FORB
290,HESPEROSTIPA COMATA,4436,4436,matador.ca,2,20,6.666666667,12,4,-8,-2.666666667,12.21666667,0.224,6.55,5.904809091,1.353302,0.3762,35.19975,0.38,GRASS,PERENNIAL,GRASS
291,HESPEROSTIPA COMATA,4681,4681,nplatte.us,2,41,5.857142857,23,7.666666667,-18,1.80952381,12.21666667,0.224,6.55,5.904809091,1.353302,0.3762,35.19975,0.38,GRASS,PERENNIAL,GRASS
292,HESPEROSTIPA COMATA,4497,4497,mattheis.ca,2,68,13.6,83,16.6,15,3,12.21666667,0.224,6.55,5.904809091,1.353302,0.3762,35.19975,0.38,GRASS,PERENNIAL,GRASS
293,HILARIA JAMESII,311,311,antelope.us,2,18.4,3.066666667,3.8,0.633333333,-14.6,-2.433333333,21.68723958,0.6096,7.6,13.95707872,0.3048,NA,140.9228,0.056,GRAMINOID,PERENNIAL,GRASS
294,HIPPOCREPIS COMOSA,82,82,allmendb.ch,2,42.5,14.16666667,30,10,-12.5,-4.166666667,29,0.231666667,NA,15.26545455,1.003333,NA,NA,NA,FORB,PERENNIAL,LEGUME
295,HIPPOCREPIS COMOSA,234,234,allmendo.ch,2,13.75,4.583333333,7.75,2.583333333,-6,-2,29,0.231666667,NA,15.26545455,1.003333,NA,NA,NA,FORB,PERENNIAL,LEGUME
296,HOLCUS LANATUS,5558,5558,rhijn.nl,2,63,12.6,40,13.33333333,-23,0.733333333,24.56210683,0.554013615,9.716666667,33.50183772,0.1016,0.210999112,311.996707,0.116666667,GRASS,PERENNIAL,GRASS
297,HOLCUS LANATUS,5760,5760,scruzh.us,2,7,7,2,2,-5,-5,24.56210683,0.554013615,9.716666667,33.50183772,0.1016,0.210999112,311.996707,0.116666667,GRASS,PERENNIAL,GRASS
298,HORDEUM PUSILLUM,4349,4349,marcdrt.ar,2,2,2,2,1,0,-1,NA,0.36576,NA,32.4,0.2032,0.278984039,157.1579379,0.1830875,GRASS,ANNUAL,GRASS
299,HYDROCOTYLE BONARIENSIS,4353,4353,marcdrt.ar,2,10,2.5,11,2.75,1,0.25,NA,NA,NA,27.35005333,NA,NA,NA,NA,FORB,PERENNIAL,FORB
300,HYDROCOTYLE BONARIENSIS,1954,1954,chilcasdrt.ar,2,2,1,0.25,0.25,-1.75,-0.75,NA,NA,NA,27.35005333,NA,NA,NA,NA,FORB,PERENNIAL,FORB
301,HYPOCHAERIS RADICATA,488,488,baddrt.de,2,2,1,1,1,-1,0,17.75,0.3505,5.956457605,28.74506187,0.5475,0.14089564,151.7703194,0.261638779,FORB,PERENNIAL,FORB
302,HYPOCHAERIS RADICATA,6119,6119,spvdrt.ar,2,2,1,8,2.666666667,6,1.666666667,17.75,0.3505,5.956457605,28.74506187,0.5475,0.14089564,151.7703194,0.261638779,FORB,PERENNIAL,FORB
303,HYPOCHAERIS RADICATA,2888,2888,falls.au,2,4,1,2.5,0.833333333,-1.5,-0.166666667,17.75,0.3505,5.956457605,28.74506187,0.5475,0.14089564,151.7703194,0.261638779,FORB,PERENNIAL,FORB
304,KOELERIA MACRANTHA,4502,4502,mattheis.ca,2,60,15,42,8.4,-18,-6.6,14.632,0.117368421,8.54,10.603875,0.508,0.43423927,61.632225,0.231432767,GRAMINOID,PERENNIAL,GRASS
305,KOELERIA MACRANTHA,3074,3074,hard.us,2,13,6.5,14,14,1,7.5,14.632,0.117368421,8.54,10.603875,0.508,0.43423927,61.632225,0.231432767,GRAMINOID,PERENNIAL,GRASS
306,KOELERIA MACRANTHA,4440,4440,matador.ca,2,1,1,1,1,0,0,14.632,0.117368421,8.54,10.603875,0.508,0.43423927,61.632225,0.231432767,GRAMINOID,PERENNIAL,GRASS
307,KOELERIA MACRANTHA,885,885,biddulph.ca,2,10,10,3,3,-7,-7,14.632,0.117368421,8.54,10.603875,0.508,0.43423927,61.632225,0.231432767,GRAMINOID,PERENNIAL,GRASS
308,KOELERIA MACRANTHA,3928,3928,konzadrt.us,2,16,3.2,21,4.2,5,1,14.632,0.117368421,8.54,10.603875,0.508,0.43423927,61.632225,0.231432767,GRAMINOID,PERENNIAL,GRASS
309,KOELERIA MICRATHERA,1664,1664,cedartrait.us,2,4,1,3,1.5,-1,0.5,NA,NA,NA,14.02,NA,NA,NA,NA,GRASS,PERENNIAL,GRASS
310,KRASCHENINNIKOVIA LANATA,4445,4445,matador.ca,2,5,1.666666667,43.5,14.5,38.5,12.83333333,26.25,0.4572,NA,11.20220464,0.3048,NA,124.72,0.7078,FORB,PERENNIAL,WOODY
311,LACTUCA SERRIOLA,4587,4587,naposta.ar,2,3,1,2,1,-1,0,32,0.9375,NA,21.4302,0.825,0.2572538,193.07,0.61,FORB,BIENNIAL,FORB
312,LACTUCA TATARICA,3564,3564,kernb.ca,2,0.5,0.5,4,2,3.5,1.5,22.6,0.625,NA,18.07666667,2.4,0.213227444,77.19169246,NA,FORB,PERENNIAL,FORB
313,LARREA DIVARICATA,1777,1777,cerrillos.ar,2,111.26,37.08666667,74.38,37.19,-36.88,0.103333333,22.9,1.67,NA,5.881206897,NA,NA,NA,NA,SHRUB,PERENNIAL,WOODY
314,LATHYRUS PRATENSIS,2618,2618,elvadrt.ee,2,10,10,6,3,-4,-7,39.68831026,0.475733333,25.11541,24.99129113,1.18,0.141833333,63.29727228,0.4965,LEGUME,PERENNIAL,LEGUME
315,LATHYRUS VENOSUS,1581,1581,cedarsav.us,2,13,2.166666667,7,2.333333333,-6,0.166666667,30.13845455,0.3533,NA,18.46365493,NA,0.194444444,46.82957143,0.3725,LEGUME,PERENNIAL,LEGUME
316,LEERSIA HEXANDRA,1959,1959,chilcasdrt.ar,2,3.5,0.7,2.5,0.625,-1,-0.075,17.321052,1.5,NA,26,NA,NA,NA,NA,GRASS,PERENNIAL,GRASS
317,LEONTODON HISPIDUS,2624,2624,elvadrt.ee,2,17,5.666666667,6,2,-11,-3.666666667,23.92644618,0.371,11.53789754,27.0408515,0.3,0.134462153,204.9072943,0.273284146,FORB,PERENNIAL,FORB
318,LEPIDIUM SUBULATUM,2014,2014,ciempoz.es,2,93.01,13.28714286,90.33,12.90428571,-2.68,-0.382857143,19.94806715,0.3,NA,6.508870465,0.74,NA,NA,NA,SUBSHRUB,PERENNIAL,WOODY
319,LESPEDEZA CAPITATA,1668,1668,cedartrait.us,2,9,1.285714286,9,2.25,0,0.964285714,19.09948702,0.842,31.172408,12.45020289,0.4572,0.228401178,79.00332954,0.333275,FORB,PERENNIAL,LEGUME
320,LESPEDEZA CAPITATA,3932,3932,konzadrt.us,2,1,1,1,1,0,0,19.09948702,0.842,31.172408,12.45020289,0.4572,0.228401178,79.00332954,0.333275,FORB,PERENNIAL,LEGUME
321,LESPEDEZA CAPITATA,4796,4796,oklah.us,2,30,15,3,3,-27,-12,19.09948702,0.842,31.172408,12.45020289,0.4572,0.228401178,79.00332954,0.333275,FORB,PERENNIAL,LEGUME
322,LEUCANTHEMOPSIS ALPINA,5286,5286,passogavia.it,2,4.85,0.97,2.35,0.47,-2.5,-0.5,26,0.035,NA,15.775,0.126,NA,NA,0.83,FORB,PERENNIAL,FORB
323,LEUCANTHEMUM VULGARE,5573,5573,rhijn.nl,2,3,3,3,3,0,0,30.26796208,0.53192,9.640667198,17.80983272,0.2032,0.178238532,205.5962002,0.23427,FORB,PERENNIAL,FORB
324,LEUCANTHEMUM VULGARE,90,90,allmendb.ch,2,2.75,1.375,3,1.5,0.25,0.125,30.26796208,0.53192,9.640667198,17.80983272,0.2032,0.178238532,205.5962002,0.23427,FORB,PERENNIAL,FORB
325,LIATRIS ASPERA,1672,1672,cedartrait.us,2,48,6.857142857,25,6.25,-23,-0.607142857,12.33641253,0.68,20.498833,17.00092904,NA,0.135313282,193.6403191,0.335858333,FORB,PERENNIAL,FORB
326,LIATRIS PUNCTATA,812,812,bfl.us,2,66,22,33,11,-33,-11,16.817,0.6096,NA,9.8333502,0.3556,0.16753096,118.8077502,0.3044,FORB,PERENNIAL,FORB
327,LIATRIS SQUARROSA,4805,4805,oklah.us,2,3,3,3,3,0,0,22.06384,0.4548,NA,16.33650548,0.67,NA,NA,NA,FORB,PERENNIAL,FORB
328,LIGUSTICUM MUTELLINA,5290,5290,passogavia.it,2,26,13,45,45,19,32,21.8,0.28,NA,24.9616,0.68,NA,NA,NA,FORB,PERENNIAL,FORB
329,LINUM BIENNE,5775,5775,scruzh.us,2,2,2,7,3.5,5,1.5,27.53,0.375,NA,26.60625,NA,NA,NA,NA,FORB,ANNUAL,FORB
330,LINUM CATHARTICUM,94,94,allmendb.ch,2,5.5,1.833333333,3.25,1.083333333,-2.25,-0.75,20.2751018,0.184833333,NA,29.89038332,0.18,0.3081,160,1.190476,FORB,ANNUAL,FORB
331,LINUM CATHARTICUM,240,240,allmendo.ch,2,1.75,0.875,0.25,0.25,-1.5,-0.625,20.2751018,0.184833333,NA,29.89038332,0.18,0.3081,160,1.190476,FORB,ANNUAL,FORB
332,LINUM MEDIUM,6051,6051,slp.us,2,9,9,20,6.666666667,11,-2.333333333,NA,0.328,NA,22.57688088,NA,NA,NA,NA,FORB,ANNUAL,FORB
333,LINUM SUFFRUTICOSUM,2454,2454,ebro.es,2,4.589354,1.529784667,4.336280667,1.445426889,-0.253073333,-0.084357778,19.9,0.4,NA,13.83721065,NA,NA,NA,NA,SUBSHRUB,PERENNIAL,WOODY
334,LITHODORA FRUTICOSA,394,394,ayora.es,2,3,3,1,1,-2,-2,NA,NA,NA,5.35,0.68,NA,NA,NA,SUBSHRUB,PERENNIAL,WOODY
335,LOLIUM PERENNE,3280,3280,jenadrt.de,2,81,27,119,39.66666667,38,12.66666667,19.23,0.429,9.7,18.31,0.254,0.104845371,220.8471095,0.1,GRASS,PERENNIAL,GRASS
336,LOLIUM PERENNE,496,496,baddrt.de,2,0.3,0.15,0.8,0.4,0.5,0.25,19.23,0.429,9.7,18.31,0.254,0.104845371,220.8471095,0.1,GRASS,PERENNIAL,GRASS
337,LOLIUM PERENNE,6318,6318,validate.fr,2,69,13.8,40,10,-29,-3.8,19.23,0.429,9.7,18.31,0.254,0.104845371,220.8471095,0.1,GRASS,PERENNIAL,GRASS
338,LOTUS CORNICULATUS,244,244,allmendo.ch,2,1,0.5,0.5,0.25,-0.5,-0.25,32.37274407,0.357339206,21.21401,21.71513633,0.3556,0.12871093,104.3277979,0.351194598,FORB,PERENNIAL,LEGUME
339,LOTUS CORNICULATUS,98,98,allmendb.ch,2,3.5,1.166666667,4.5,1.5,1,0.333333333,32.37274407,0.357339206,21.21401,21.71513633,0.3556,0.12871093,104.3277979,0.351194598,FORB,PERENNIAL,LEGUME
340,LUZULA MULTIFLORA,4143,4143,lygraint.no,2,1,1,1,1,0,0,25.54618746,0.2110425,5.237476541,25.53913437,NA,NA,132.06,NA,GRASS,PERENNIAL,GRAMINOID
341,LUZULA MULTIFLORA,2642,2642,elvadrt.ee,2,4,1.333333333,4,1.333333333,0,0,25.54618746,0.2110425,5.237476541,25.53913437,NA,NA,132.06,NA,GRASS,PERENNIAL,GRAMINOID
342,LYSIMACHIA EUROPAEA,4148,4148,lygraint.no,2,14,4.666666667,3,1,-11,-3.666666667,32.8,0.09,NA,51,NA,NA,NA,NA,FORB,PERENNIAL,FORB
343,MAIREANA SEDIFOLIA,2358,2358,credom.au,2,18.5,9.25,6,2,-12.5,-7.25,39.14135,1.3,NA,4.952222222,NA,NA,NA,NA,SHRUB,PERENNIAL,WOODY
344,MAIREANA SEDIFOLIA,2275,2275,credoj.au,2,10,2,14,2.8,4,0.8,39.14135,1.3,NA,4.952222222,NA,NA,NA,NA,SHRUB,PERENNIAL,WOODY
345,MEDICAGO LUPULINA,3286,3286,jenadrt.de,2,9,3,1,0.5,-8,-2.5,32.94,0.112,26.12778969,21.96,0.3048,0.105696982,180.1564169,0.281707971,FORB,BIENNIAL,LEGUME
346,MEDICAGO LUPULINA,2648,2648,elvadrt.ee,2,12,4,5,1.666666667,-7,-2.333333333,32.94,0.112,26.12778969,21.96,0.3048,0.105696982,180.1564169,0.281707971,FORB,BIENNIAL,LEGUME
347,MEDICAGO LUPULINA,5782,5782,scruzh.us,2,6,6,2,2,-4,-4,32.94,0.112,26.12778969,21.96,0.3048,0.105696982,180.1564169,0.281707971,FORB,BIENNIAL,LEGUME
348,MEDICAGO MINIMA,2366,2366,credom.au,2,0.5,0.5,0.5,0.5,0,0,36.2,0.1701,NA,24.66638889,0.22,0.0815,211.5066667,0.3834,LEGUME,ANNUAL,LEGUME
349,MELICYTUS DENTATUS,2890,2890,falls.au,2,1,0.5,0.5,0.5,-0.5,0,NA,3,NA,25.06241344,NA,NA,NA,NA,SHRUB,PERENNIAL,WOODY
350,MOLINIA CAERULEA,4151,4151,lygraint.no,2,2,1,1,1,-1,0,19.7245873,0.699125,8.366751778,17.87260174,0.8,0.20066,56.8752851,0.269333333,GRASS,PERENNIAL,GRASS
351,MOLINIA CAERULEA,4247,4247,lygraold.no,2,26,13,22,7.333333333,-4,-5.666666667,19.7245873,0.699125,8.366751778,17.87260174,0.8,0.20066,56.8752851,0.269333333,GRASS,PERENNIAL,GRASS
352,MONARDA FISTULOSA,1680,1680,cedartrait.us,2,1,1,2,2,1,1,11.29051118,0.662,17.87547,26.21085308,0.1016,0.165191358,93.37285277,0.28925,FORB,PERENNIAL,FORB
353,NASSELLA NEESIANA,4591,4591,naposta.ar,2,60,20,25,8.333333333,-35,-11.66666667,14.2304221,0.8,NA,16,NA,NA,NA,NA,GRASS,PERENNIAL,GRASS
354,NASSELLA TRICHOTOMA,4595,4595,naposta.ar,2,10,10,16,5.333333333,6,-4.666666667,NA,0.7,NA,11.297312,NA,NA,NA,0.77666667,GRASS,PERENNIAL,GRASS
355,NASSELLA VIRIDULA,4455,4455,matador.ca,2,57,19,46,15.33333333,-11,-3.666666667,12.6088734,0.6096,NA,10.77,0.3556,0.517363388,54.89286067,0.23675,GRAMINOID,PERENNIAL,GRASS
356,NEOTTIA OVATA,5370,5370,pineta.es,2,3,3,4,1.333333333,1,-1.666666667,NA,0.32,NA,30.18571429,NA,NA,NA,NA,FORB,PERENNIAL,FORB
357,NOTICASTRUM SERICEUM,6131,6131,spvdrt.ar,2,3,1.5,7,3.5,4,2,30.175,NA,NA,36.99,NA,NA,NA,NA,FORB,PERENNIAL,FORB
358,OREOCHLOA DISTICHA,5300,5300,passogavia.it,2,10,5,0.7,0.7,-9.3,-4.3,22,0.115,NA,9.2,NA,NA,NA,NA,GRASS,PERENNIAL,GRASS
359,PANICUM ACUMINATUM,5784,5784,scruzh.us,2,4,4,15,15,11,11,17.50836364,0.238666667,NA,21.67056595,NA,NA,NA,NA,GRASS,PERENNIAL,GRASS
360,PANICUM CAPILLARE,3941,3941,konzadrt.us,2,49,9.8,8,2.666666667,-41,-7.133333333,17.0314031,0.43545,NA,27.43942379,0.62,0.14,218,0.1917,GRASS,ANNUAL,GRASS
361,PANICUM OLIGOSANTHES,1596,1596,cedarsav.us,2,17,2.428571429,6,2,-11,-0.428571429,17.37461517,0.38,NA,22.63325572,NA,NA,NA,NA,GRASS,PERENNIAL,GRASS
362,PAPPOSTIPA SPECIOSA,4559,4559,morient.ar,2,7,3.5,2,2,-5,-1.5,NA,0.6096,NA,4.202740187,0.254,NA,NA,NA,GRASS,PERENNIAL,GRASS
363,PASCOPYRUM SMITHII,3774,3774,kinsella.ca,2,105,21,105,21,0,0,16.774,0.525,11.28,12.75359048,1.703333,0.206075395,21.32212,0.175766667,GRAMINOID,PERENNIAL,GRASS
364,PASCOPYRUM SMITHII,3573,3573,kernb.ca,2,1,0.5,4,2,3,1.5,16.774,0.525,11.28,12.75359048,1.703333,0.206075395,21.32212,0.175766667,GRAMINOID,PERENNIAL,GRASS
365,PASCOPYRUM SMITHII,3687,3687,kernnu.ca,2,2,2,7,2.333333333,5,0.333333333,16.774,0.525,11.28,12.75359048,1.703333,0.206075395,21.32212,0.175766667,GRAMINOID,PERENNIAL,GRASS
366,PASCOPYRUM SMITHII,4460,4460,matador.ca,2,14,4.666666667,17,5.666666667,3,1,16.774,0.525,11.28,12.75359048,1.703333,0.206075395,21.32212,0.175766667,GRAMINOID,PERENNIAL,GRASS
367,PASPALUM DILATATUM,1982,1982,chilcasdrt.ar,2,3.25,0.8125,5.5,1.375,2.25,0.5625,17.4533552,0.4722,8.133333333,16.30478,0.1524,0.102,18.37,0.62,GRASS,PERENNIAL,GRASS
368,PASPALUM VAGINATUM,1988,1988,chilcasdrt.ar,2,3,1.5,1,1,-2,-0.5,3.6045301,0.03048,15.6,10.41,0.1524,NA,NA,NA,GRASS,PERENNIAL,GRASS
369,PERSICARIA VIVIPARA,5304,5304,passogavia.it,2,2.2,1.1,0.2,0.2,-2,-0.9,21.5,0.283,NA,22,NA,NA,NA,NA,FORB,PERENNIAL,FORB
370,PHEBALIUM SQUAMULOSUM,2894,2894,falls.au,2,2.5,0.833333333,0.5,0.5,-2,-0.333333333,17.6,1.375,NA,4.958314675,NA,NA,NA,NA,SHRUB,PERENNIAL,WOODY
371,PHLOX HOODII,4979,4979,oreaa.us,2,7,3.5,4,1,-3,-2.5,23.27,0.02825,NA,13.95070877,0.54,0.180454545,107.0545926,0.2647,FORB,PERENNIAL,FORB
372,PHYTEUMA HEMISPHAERICUM,5312,5312,passogavia.it,2,12,2.4,10,2,-2,-0.4,27,0.1,NA,19.5,NA,NA,NA,NA,FORB,PERENNIAL,FORB
373,PICEA ABIES,3989,3989,kranz.de,2,300,50,300,50,0,0,13.01773524,NA,8.231665,5.074959129,0.7112,0.289806897,16.43077549,0.727774529,TREE,PERENNIAL,WOODY
374,PICRIS HIERACIOIDES,3297,3297,jenadrt.de,2,14,4.666666667,6,3,-8,-1.666666667,24.11,0.157,12.13,18.58,1.23,0.0725,193.765,0.45557832,FORB,PERENNIAL,FORB
375,PICRIS HIERACIOIDES,504,504,baddrt.de,2,550,55,185,37,-365,-18,24.11,0.157,12.13,18.58,1.23,0.0725,193.765,0.45557832,FORB,PERENNIAL,FORB
376,PIMELEA ALPINA,2896,2896,falls.au,2,7.5,2.5,2,0.666666667,-5.5,-1.833333333,NA,0.3,NA,10.434151,NA,NA,NA,NA,SHRUB,PERENNIAL,WOODY
377,PIMPINELLA SAXIFRAGA,105,105,allmendb.ch,2,7.5,2.5,6.75,2.25,-0.75,-0.25,21.22166667,0.445,3.322678571,21.46439541,2.42685,0.315348446,149.6596103,0.228622222,FORB,PERENNIAL,FORB
378,PIMPINELLA SAXIFRAGA,5374,5374,pineta.es,2,0.5,0.5,1.5,0.5,1,0,21.22166667,0.445,3.322678571,21.46439541,2.42685,0.315348446,149.6596103,0.228622222,FORB,PERENNIAL,FORB
379,PIMPINELLA SAXIFRAGA,250,250,allmendo.ch,2,5.5,1.833333333,5.75,1.916666667,0.25,0.083333333,21.22166667,0.445,3.322678571,21.46439541,2.42685,0.315348446,149.6596103,0.228622222,FORB,PERENNIAL,FORB
380,PINUS PALUSTRIS,1167,1167,bivensarm.us,2,132.9166667,6.645833333,84.33333333,4.438596491,-48.58333333,-2.207236842,10.6,NA,8.497036038,4.492397729,1.016,NA,13.76,0.71,TREE,PERENNIAL,WOODY
381,PLANTAGO EURYPHYLLA,2898,2898,falls.au,2,1.5,0.75,0.5,0.5,-1,-0.25,45.18531954,0.03,NA,15.9845175,NA,NA,NA,NA,FORB,PERENNIAL,FORB
382,PLANTAGO LANCEOLATA,508,508,baddrt.de,2,0.2,0.2,1,1,0.8,0.8,25.695,0.320146825,23.59846931,23.55,0.57,0.138912722,225.0999155,0.228368317,FORB,PERENNIAL,FORB
383,PLANTAGO LANCEOLATA,5791,5791,scruzh.us,2,20,10,25,8.333333333,5,-1.666666667,25.695,0.320146825,23.59846931,23.55,0.57,0.138912722,225.0999155,0.228368317,FORB,PERENNIAL,FORB
384,PLANTAGO LANCEOLATA,5583,5583,rhijn.nl,2,27,4.5,7,3.5,-20,-1,25.695,0.320146825,23.59846931,23.55,0.57,0.138912722,225.0999155,0.228368317,FORB,PERENNIAL,FORB
385,PLANTAGO LANCEOLATA,5477,5477,qdtsouth.cl,2,0.5,0.5,0.5,0.5,0,0,25.695,0.320146825,23.59846931,23.55,0.57,0.138912722,225.0999155,0.228368317,FORB,PERENNIAL,FORB
386,PLANTAGO LANCEOLATA,5450,5450,qdtnorth.cl,2,4.5,1.5,3.5,1.166666667,-1,-0.333333333,25.695,0.320146825,23.59846931,23.55,0.57,0.138912722,225.0999155,0.228368317,FORB,PERENNIAL,FORB
387,PLANTAGO LANCEOLATA,254,254,allmendo.ch,2,1.25,0.625,0.75,0.75,-0.5,0.125,25.695,0.320146825,23.59846931,23.55,0.57,0.138912722,225.0999155,0.228368317,FORB,PERENNIAL,FORB
388,PLANTAGO PATAGONICA,1494,1494,capwhite.us,2,0.8,0.16,0.5,0.125,-0.3,-0.035,16.75319,0.1524,NA,7.068,0.1524,0.406666667,171.778132,0.173233333,FORB,ANNUAL,FORB
389,PLANTAGO PATAGONICA,6150,6150,spvdrt.ar,2,10,5,3,1.5,-7,-3.5,16.75319,0.1524,NA,7.068,0.1524,0.406666667,171.778132,0.173233333,FORB,ANNUAL,FORB
390,PLANTAGO RHODOSPERMA,825,825,bfl.us,2,6,3,1,1,-5,-2,NA,NA,NA,17.37,NA,NA,NA,NA,FORB,ANNUAL,FORB
391,POA ALPINA,5316,5316,passogavia.it,2,9.5,1.9,15.3,3.06,5.8,1.16,13,0.298831111,16.9,21.51150438,0.254,NA,292.2,0.26,GRASS,PERENNIAL,GRASS
392,POA ANGUSTIFOLIA,2656,2656,elvadrt.ee,2,2,1,2,1,0,0,12.95,0.48,5.764,20.11666667,NA,0.316453559,NA,0.113446154,GRASS,PERENNIAL,GRASS
393,POA BULBOSA,5069,5069,oreac.us,2,8,2.666666667,3.5,3.5,-4.5,0.833333333,17.70666667,0.3224,10.49,21.09,0.2032,NA,NA,0.01366667,GRASS,ANNUAL,GRASS
394,POA COMPRESSA,2764,2764,esw.ca,2,12,6,10,5,-2,-1,13.678,0.2491,8.04,20.91883636,0.254,NA,54.78896667,0.53,GRASS,PERENNIAL,GRASS
395,POA HIEMATA,2900,2900,falls.au,2,240,40,125,41.66666667,-115,1.666666667,13.7803809,0.6,NA,3.35531,NA,NA,NA,NA,GRASS,PERENNIAL,GRASS
396,POA LANIGERA,4386,4386,marcdrt.ar,2,8,2.666666667,1,1,-7,-1.666666667,NA,NA,NA,24,NA,NA,NA,NA,GRASS,PERENNIAL,GRASS
397,POA LIGULARIS,1852,1852,chacra.ar,2,68,22.66666667,6,3,-62,-19.66666667,22.4,1.2,10.4,6.944926731,0.7,NA,NA,NA,GRASS,PERENNIAL,GRASS
398,POA PRATENSIS,512,512,baddrt.de,2,0.2,0.2,1,1,0.8,0.8,14.974,0.291,9.46,24.13531364,0.254,0.107208566,49.82696,0.196318683,GRASS,PERENNIAL,GRASS
399,POA PRATENSIS,1348,1348,brookdale.ca,2,20.5,4.1,19,3.8,-1.5,-0.3,14.974,0.291,9.46,24.13531364,0.254,0.107208566,49.82696,0.196318683,GRASS,PERENNIAL,GRASS
400,POA PRATENSIS,1601,1601,cedarsav.us,2,26,3.714285714,10,3.333333333,-16,-0.380952381,14.974,0.291,9.46,24.13531364,0.254,0.107208566,49.82696,0.196318683,GRASS,PERENNIAL,GRASS
401,POA PRATENSIS,5587,5587,rhijn.nl,2,1,1,1,1,0,0,14.974,0.291,9.46,24.13531364,0.254,0.107208566,49.82696,0.196318683,GRASS,PERENNIAL,GRASS
402,POA PRATENSIS,2202,2202,cowidrt.ca,2,18,3.6,11,3.666666667,-7,0.066666667,14.974,0.291,9.46,24.13531364,0.254,0.107208566,49.82696,0.196318683,GRASS,PERENNIAL,GRASS
403,POA PRATENSIS,3303,3303,jenadrt.de,2,71,23.66666667,34,11.33333333,-37,-12.33333333,14.974,0.291,9.46,24.13531364,0.254,0.107208566,49.82696,0.196318683,GRASS,PERENNIAL,GRASS
404,POA PRATENSIS,1699,1699,cedartrait.us,2,5,1,2,1,-3,0,14.974,0.291,9.46,24.13531364,0.254,0.107208566,49.82696,0.196318683,GRASS,PERENNIAL,GRASS
405,POA PRATENSIS,6324,6324,validate.fr,2,62,12.4,109,21.8,47,9.4,14.974,0.291,9.46,24.13531364,0.254,0.107208566,49.82696,0.196318683,GRASS,PERENNIAL,GRASS
406,POA PRATENSIS,3779,3779,kinsella.ca,2,315,63,260,52,-55,-11,14.974,0.291,9.46,24.13531364,0.254,0.107208566,49.82696,0.196318683,GRASS,PERENNIAL,GRASS
407,POA SECUNDA,4694,4694,nplatte.us,2,22,3.666666667,14,3.5,-8,-0.166666667,16.12,0.42672,14.54,11.51,0.254,NA,197.6,NA,GRASS,PERENNIAL,GRASS
408,POA SECUNDA,5074,5074,oreac.us,2,21,10.5,17.5,5.833333333,-3.5,-4.666666667,16.12,0.42672,14.54,11.51,0.254,NA,197.6,NA,GRASS,PERENNIAL,GRASS
409,POA TRIVIALIS,514,514,baddrt.de,2,3.6,1.2,1.2,0.6,-2.4,-0.6,34.02187304,0.640983219,31.34075583,38.18960088,0.3048,0.080269491,NA,0.173758288,GRASS,PERENNIAL,GRASS
410,POLYGALA RUPESTRIS,403,403,ayora.es,2,11,2.2,1,1,-10,-1.2,NA,10.58,NA,25.97,0.37,NA,NA,NA,SUBSHRUB,PERENNIAL,WOODY
411,POLYGALA VULGARIS,113,113,allmendb.ch,2,3.5,1.75,1.5,0.5,-2,-1.25,NA,0.172916667,NA,19.02952398,0.5,0.2661556,396.667,0.7826128,FORB,PERENNIAL,FORB
412,POTENTILLA ANSERINA,2662,2662,elvadrt.ee,2,2,1,3,1,1,0,26.20897891,0.277222222,NA,17.47534074,0.43,0.63425,148.75,0.6572,FORB,PERENNIAL,FORB
413,POTENTILLA AUREA,5320,5320,passogavia.it,2,7.5,2.5,0.32,0.16,-7.18,-2.34,30.417,0.0915,NA,22.13904012,0.55,NA,NA,NA,FORB,PERENNIAL,FORB
414,POTENTILLA ERECTA,4262,4262,lygraold.no,2,3,3,8,8,5,5,25.74581524,0.203633333,9.89,22.4188617,0.55,0.3627833,230,0.88602,FORB,PERENNIAL,FORB
415,POTENTILLA ERECTA,5377,5377,pineta.es,2,1,0.5,3,3,2,2.5,25.74581524,0.203633333,9.89,22.4188617,0.55,0.3627833,230,0.88602,FORB,PERENNIAL,FORB
416,POTENTILLA ERECTA,4166,4166,lygraint.no,2,12,6,8,2.666666667,-4,-3.333333333,25.74581524,0.203633333,9.89,22.4188617,0.55,0.3627833,230,0.88602,FORB,PERENNIAL,FORB
417,POTENTILLA GRANDIFLORA,260,260,allmendo.ch,2,12.25,4.083333333,9.5,3.166666667,-2.75,-0.916666667,NA,NA,NA,39.1,NA,NA,NA,NA,FORB,PERENNIAL,FORB
418,POTENTILLA GRANDIFLORA,117,117,allmendb.ch,2,3,1,1.5,0.5,-1.5,-0.5,NA,NA,NA,39.1,NA,NA,NA,NA,FORB,PERENNIAL,FORB
419,POTENTILLA REPTANS,5592,5592,rhijn.nl,2,12,6,25,12.5,13,6.5,24.6133503,0.274083333,NA,23.567332,NA,NA,NA,NA,FORB,PERENNIAL,FORB
420,PRIMULA GLUTINOSA,5324,5324,passogavia.it,2,4.6,1.15,1.2,0.6,-3.4,-0.55,27,NA,NA,13.58757528,0.2515,NA,NA,NA,FORB,PERENNIAL,FORB
421,PRUNELLA VULGARIS,121,121,allmendb.ch,2,54.75,18.25,33.75,11.25,-21,-7,16.811555,0.250255556,5.87871,22.91466839,0.254,0.105496279,223.0600732,0.294300536,FORB,PERENNIAL,FORB
422,PRUNELLA VULGARIS,264,264,allmendo.ch,2,18.75,6.25,5.5,1.833333333,-13.25,-4.416666667,16.811555,0.250255556,5.87871,22.91466839,0.254,0.105496279,223.0600732,0.294300536,FORB,PERENNIAL,FORB
423,PSEUDOROEGNERIA SPICATA,3096,3096,hard.us,2,12,6,2,2,-10,-4,NA,0.267,NA,23.893,NA,0.153771092,103.8213416,0.237714286,GRASS,PERENNIAL,GRASS
424,PSORALIDIUM TENUIFLORUM,3946,3946,konzadrt.us,2,19,3.8,14,2.8,-5,-1,24.275,0.056,NA,16.82,2.7686,0.43,NA,0.67,FORB,PERENNIAL,LEGUME
425,PTILOTUS OBOVATUS,2289,2289,credoj.au,2,6.5,1.625,3.5,0.7,-3,-0.925,26.894035,0.566666667,NA,7.440821539,NA,NA,NA,NA,SHRUB,PERENNIAL,WOODY
426,PTILOTUS OBOVATUS,2375,2375,credom.au,2,0.5,0.5,3.5,1.75,3,1.25,26.894035,0.566666667,NA,7.440821539,NA,NA,NA,NA,SHRUB,PERENNIAL,WOODY
427,RANUNCULUS ACRIS,2668,2668,elvadrt.ee,2,6,2,6,2,0,0,24.40250649,0.455420833,11.25,22.35741937,0.44,0.121892828,139.8527763,0.35099,FORB,PERENNIAL,FORB
428,RANUNCULUS ACRIS,124,124,allmendb.ch,2,1,1,0.5,0.25,-0.5,-0.75,24.40250649,0.455420833,11.25,22.35741937,0.44,0.121892828,139.8527763,0.35099,FORB,PERENNIAL,FORB
429,RANUNCULUS ACRIS,5600,5600,rhijn.nl,2,2,1,4,2,2,1,24.40250649,0.455420833,11.25,22.35741937,0.44,0.121892828,139.8527763,0.35099,FORB,PERENNIAL,FORB
430,RAPHANUS SATIVUS,5886,5886,scruzl.us,2,111,27.75,226,45.2,115,17.45,40.5,0.715,14.825,34.60857143,1.566667,NA,NA,NA,FORB,ANNUAL,FORB
431,RAPHANUS SATIVUS,5962,5962,scruzm.us,2,59,19.66666667,18,4.5,-41,-15.16666667,40.5,0.715,14.825,34.60857143,1.566667,NA,NA,NA,FORB,ANNUAL,FORB
432,RATIBIDA COLUMNIFERA,4829,4829,oklah.us,2,0.5,0.5,0.5,0.5,0,0,NA,0.94488,NA,22.85,0.3556,NA,56,0.66,FORB,PERENNIAL,FORB
433,RHINANTHUS MINOR,128,128,allmendb.ch,2,0.5,0.25,0.5,0.5,0,0.25,34.3558401,0.395833333,NA,18.84206584,0.08,NA,NA,NA,FORB,ANNUAL,FORB
434,ROSA ACICULARIS,1353,1353,brookdale.ca,2,6.25,1.25,5.75,1.15,-0.5,-0.1,10.65,0.762,19.83128735,18.42,0.1524,0.27,55.8341358,0.2912,SHRUB,PERENNIAL,WOODY
435,ROSA ARKANSANA,903,903,biddulph.ca,2,10,10,3,3,-7,-7,17.3145,0.292,NA,17.98307476,NA,0.421153994,41.52607134,0.30555,SHRUB,PERENNIAL,WOODY
436,ROSA ARKANSANA,3697,3697,kernnu.ca,2,1,1,14,7,13,6,17.3145,0.292,NA,17.98307476,NA,0.421153994,41.52607134,0.30555,SHRUB,PERENNIAL,WOODY
437,ROSA ARKANSANA,3582,3582,kernb.ca,2,0.5,0.5,19,6.333333333,18.5,5.833333333,17.3145,0.292,NA,17.98307476,NA,0.421153994,41.52607134,0.30555,SHRUB,PERENNIAL,WOODY
438,ROSA ARKANSANA,1703,1703,cedartrait.us,2,15,15,8,8,-7,-7,17.3145,0.292,NA,17.98307476,NA,0.421153994,41.52607134,0.30555,SHRUB,PERENNIAL,WOODY
439,ROSMARINUS OFFICINALIS,2462,2462,ebro.es,2,65.03722867,21.67907622,43.38898666,14.46299555,-21.64824201,-7.216080671,9.43,1,NA,3.117747146,0.364,0.534580651,11.79132349,0.424333333,SHRUB,PERENNIAL,WOODY
440,ROSMARINUS OFFICINALIS,407,407,ayora.es,2,440,73.33333333,244,81.33333333,-196,8,9.43,1,NA,3.117747146,0.364,0.534580651,11.79132349,0.424333333,SHRUB,PERENNIAL,WOODY
441,RUDBECKIA HIRTA,6072,6072,slp.us,2,24,8,3,1.5,-21,-6.5,28.33854,0.48345,21.64598,19.67108394,0.254,0.14325585,119.2626432,0.2691575,FORB,ANNUAL,FORB
442,RUDBECKIA HIRTA,831,831,bfl.us,2,3,3,2,1,-1,-2,28.33854,0.48345,21.64598,19.67108394,0.254,0.14325585,119.2626432,0.2691575,FORB,ANNUAL,FORB
443,RUELLIA HUMILIS,3951,3951,konzadrt.us,2,3,1.5,6,3,3,1.5,17,0.502906667,NA,12.07550636,0.1016,0.40803047,18.40109592,0.42,FORB,PERENNIAL,FORB
444,RYTIDOSPERMA CAESPITOSUM,2380,2380,credom.au,2,0.5,0.5,0.5,0.5,0,0,NA,0.55,NA,9.440331,0.66,NA,168.7,0.271,GRASS,PERENNIAL,GRASS
445,SALIX HERBACEA,5328,5328,passogavia.it,2,1.1,0.55,0.6,0.3,-0.5,-0.25,23.22611667,0.034166667,10.25,16.45337359,NA,0.152,NA,0.92,SHRUB,PERENNIAL,WOODY
446,SALSOLA KALI,325,325,antelope.us,2,0.2,0.1,1.1,0.55,0.9,0.45,7.39,NA,NA,10.84692732,1.38,NA,19.34,0.183333333,FORB,ANNUAL,WOODY
447,SALVIA PRATENSIS,272,272,allmendo.ch,2,0.25,0.25,6.5,3.25,6.25,3,19.3,0.520833333,NA,24.4875,2.1,0.2015038,272.308,2.015308,FORB,PERENNIAL,FORB
448,SALVIA PRATENSIS,131,131,allmendb.ch,2,2.75,1.375,4.5,2.25,1.75,0.875,19.3,0.520833333,NA,24.4875,2.1,0.2015038,272.308,2.015308,FORB,PERENNIAL,FORB
449,SALVIA VERBENACA,2383,2383,credom.au,2,3.5,0.7,1,0.5,-2.5,-0.2,NA,0.508333333,NA,11.94,NA,NA,NA,NA,FORB,ANNUAL,FORB
450,SALVIA VERBENACA,2295,2295,credoj.au,2,2.5,0.5,2,0.5,-0.5,0,NA,0.508333333,NA,11.94,NA,NA,NA,NA,FORB,ANNUAL,FORB
451,SANGUISORBA MINOR,135,135,allmendb.ch,2,8.25,2.75,6,2,-2.25,-0.75,19.82857143,0.340136667,13.0925861,17.81475981,0.3048,0.290931094,118.7237432,0.4611271,FORB,PERENNIAL,FORB
452,SCABIOSA COLUMBARIA,280,280,allmendo.ch,2,0.25,0.25,2,1,1.75,0.75,21.2,0.594444444,NA,19.16302632,0.9,0.347953216,120.2294669,0.181166667,FORB,PERENNIAL,FORB
453,SCABIOSA COLUMBARIA,139,139,allmendb.ch,2,6.25,2.083333333,3,1.5,-3.25,-0.583333333,21.2,0.594444444,NA,19.16302632,0.9,0.347953216,120.2294669,0.181166667,FORB,PERENNIAL,FORB
454,SCHISMUS BARBATUS,2944,2944,gmgranite.us,2,0.8,0.114285714,0.2,0.1,-0.6,-0.014285714,NA,0.25,NA,18.21,0.16,NA,81.47,NA,GRASS,ANNUAL,GRASS
455,SCHISMUS BARBATUS,6160,6160,spvdrt.ar,2,12,4,2,1,-10,-3,NA,0.25,NA,18.21,0.16,NA,81.47,NA,GRASS,ANNUAL,GRASS
456,SCHIZACHYRIUM SCOPARIUM,835,835,bfl.us,2,12,12,7,7,-5,-5,9.196,0.5145,8.51,16.698695,0.3048,0.403212551,75.67983333,0.2,GRASS,PERENNIAL,GRASS
457,SCHIZACHYRIUM SCOPARIUM,1707,1707,cedartrait.us,2,53,5.3,12,2.4,-41,-2.9,9.196,0.5145,8.51,16.698695,0.3048,0.403212551,75.67983333,0.2,GRASS,PERENNIAL,GRASS
458,SCHIZACHYRIUM SCOPARIUM,1614,1614,cedarsav.us,2,105,21,28,14,-77,-7,9.196,0.5145,8.51,16.698695,0.3048,0.403212551,75.67983333,0.2,GRASS,PERENNIAL,GRASS
459,SCHIZACHYRIUM SCOPARIUM,4843,4843,oklah.us,2,137.5,45.83333333,90,30,-47.5,-15.83333333,9.196,0.5145,8.51,16.698695,0.3048,0.403212551,75.67983333,0.2,GRASS,PERENNIAL,GRASS
460,SCORZONEROIDES AUTUMNALIS,2680,2680,elvadrt.ee,2,5,1.666666667,1,1,-4,-0.666666667,19.34660756,0.310966667,NA,21.52466367,0.199327,0.3144167,268.333,1.400488,FORB,PERENNIAL,FORB
461,SCORZONEROIDES AUTUMNALIS,5802,5802,scruzh.us,2,25,12.5,15,7.5,-10,-5,19.34660756,0.310966667,NA,21.52466367,0.199327,0.3144167,268.333,1.400488,FORB,PERENNIAL,FORB
462,SEDUM STENOPETALUM,4985,4985,oreaa.us,2,5,1.666666667,8.5,2.125,3.5,0.458333333,NA,0.1118,NA,9.29,0.1,NA,NA,0.58,FORB,PERENNIAL,FORB
463,SETARIA PAMPEANA,1808,1808,cerrillos.ar,2,65.63,21.87666667,7.5,3.75,-58.13,-18.12666667,24.7,0.38,NA,19.52,NA,NA,NA,NA,GRASS,PERENNIAL,GRASS
464,SETARIA PARVIFLORA,6378,6378,yarradrt.au,2,63.27,21.09,2.04,2.04,-61.23,-19.05,17.972,0.316785714,NA,26.31,NA,0.14029,NA,0.045,NULL,PERENNIAL,GRASS
465,SETARIA SPHACELATA,6278,6278,ukulingadrt.za,2,120,30,83,41.5,-37,11.5,10.0375,3,NA,14.16,NA,NA,11.17,0.57,GRASS,PERENNIAL,GRASS
466,SISYRINCHIUM BELLUM,5807,5807,scruzh.us,2,3,3,19,4.75,16,1.75,22.35,0.2558,NA,23.93793933,NA,0.101107003,118.754489,0.32952,FORB,PERENNIAL,FORB
467,SOLDANELLA PUSILLA,5336,5336,passogavia.it,2,37.2,7.44,63,12.6,25.8,5.16,NA,0.02,NA,16.8,0.11,NA,NA,NA,FORB,PERENNIAL,FORB
468,SOLIDAGO CANADENSIS,2769,2769,esw.ca,2,70,23.33333333,74,24.66666667,4,1.333333333,15.13338959,1.30146,NA,17.75668436,0.3048,NA,77.59504262,0.486273328,FORB,PERENNIAL,FORB
469,SOLIDAGO CANADENSIS,526,526,baddrt.de,2,0.5,0.5,0.2,0.2,-0.3,-0.3,15.13338959,1.30146,NA,17.75668436,0.3048,NA,77.59504262,0.486273328,FORB,PERENNIAL,FORB
470,SOLIDAGO CANADENSIS,1357,1357,brookdale.ca,2,10.36666667,2.073333333,9.5,1.9,-0.866666667,-0.173333333,15.13338959,1.30146,NA,17.75668436,0.3048,NA,77.59504262,0.486273328,FORB,PERENNIAL,FORB
471,SOLIDAGO MISSOURIENSIS,3957,3957,konzadrt.us,2,7,2.333333333,19,3.8,12,1.466666667,13.3335,0.576,10.93,10.60804205,0.2032,0.208174196,100.2127031,0.323716667,FORB,PERENNIAL,FORB
472,SOLIDAGO MISSOURIENSIS,3785,3785,kinsella.ca,2,10,10,10,5,0,-5,13.3335,0.576,10.93,10.60804205,0.2032,0.208174196,100.2127031,0.323716667,FORB,PERENNIAL,FORB
473,SOLIDAGO MISSOURIENSIS,3592,3592,kernb.ca,2,1,0.5,1,1,0,0.5,13.3335,0.576,10.93,10.60804205,0.2032,0.208174196,100.2127031,0.323716667,FORB,PERENNIAL,FORB
474,SOLIDAGO NEMORALIS,1711,1711,cedartrait.us,2,35,5,17,8.5,-18,3.5,15.47778333,0.57,23.31317375,13.95394921,0.3048,0.129791058,208.2087011,0.369872222,FORB,PERENNIAL,FORB
475,SOLIDAGO NEMORALIS,4850,4850,oklah.us,2,0.5,0.5,15,15,14.5,14.5,15.47778333,0.57,23.31317375,13.95394921,0.3048,0.129791058,208.2087011,0.369872222,FORB,PERENNIAL,FORB
476,SOLIDAGO RIGIDA,1361,1361,brookdale.ca,2,1,1,2,2,1,1,11.83477126,0.598,8.386758333,10.23214847,0.3048,0.212780118,35.33592984,0.482373411,FORB,PERENNIAL,FORB
477,SOLIDAGO RIGIDA,1715,1715,cedartrait.us,2,27,13.5,20,10,-7,-3.5,11.83477126,0.598,8.386758333,10.23214847,0.3048,0.212780118,35.33592984,0.482373411,FORB,PERENNIAL,FORB
478,SOLIDAGO VIRGAUREA,5380,5380,pineta.es,2,3,3,0.5,0.5,-2.5,-2.5,28.29400969,0.509,16.4,25.12385635,0.046,NA,4.546172562,0.524574564,FORB,PERENNIAL,FORB
479,SONCHUS ARVENSIS,3703,3703,kernnu.ca,2,8,4,6,6,-2,2,26.4,1.1875,NA,21,0.56,0.219369,40.215,NA,FORB,PERENNIAL,FORB
480,SONCHUS ARVENSIS,3597,3597,kernb.ca,2,1,1,1,1,0,0,26.4,1.1875,NA,21,0.56,0.219369,40.215,NA,FORB,PERENNIAL,FORB
481,SONCHUS ARVENSIS,1364,1364,brookdale.ca,2,4.5,1.125,7.5,1.5,3,0.375,26.4,1.1875,NA,21,0.56,0.219369,40.215,NA,FORB,PERENNIAL,FORB
482,SONCHUS ARVENSIS,2774,2774,esw.ca,2,11,5.5,5,5,-6,-0.5,26.4,1.1875,NA,21,0.56,0.219369,40.215,NA,FORB,PERENNIAL,FORB
483,SONCHUS ASPER,5810,5810,scruzh.us,2,3,3,2,2,-1,-1,27.6,0.5875,NA,24.97389591,0.69,0.301036269,223.2180487,0.1419,FORB,ANNUAL,FORB
484,SONCHUS ASPER,5893,5893,scruzl.us,2,67,16.75,11,5.5,-56,-11.25,27.6,0.5875,NA,24.97389591,0.69,0.301036269,223.2180487,0.1419,FORB,ANNUAL,FORB
485,SONCHUS OLERACEUS,4077,4077,lcsouth.cl,2,1,1,1,1,0,0,34.9,1.1328125,NA,39.67950467,0.755,NA,76.97,0.1,FORB,ANNUAL,FORB
486,SONCHUS OLERACEUS,5483,5483,qdtsouth.cl,2,2,2,1,0.5,-1,-1.5,34.9,1.1328125,NA,39.67950467,0.755,NA,76.97,0.1,FORB,ANNUAL,FORB
487,SORGHUM HALEPENSE,5691,5691,sclaudio.ar,2,40,10,36,9,-4,-1,22.2,1.3834,NA,17.98889051,0.254,NA,NA,NA,GRAMINOID,PERENNIAL,GRASS
488,SORGHUM HALEPENSE,1218,1218,bivensarm.us,2,3.166666667,1.055555556,4.083333333,1.361111111,0.916666666,0.305555555,22.2,1.3834,NA,17.98889051,0.254,NA,NA,NA,GRAMINOID,PERENNIAL,GRASS
489,SPOROBOLUS COMPOSITUS,3965,3965,konzadrt.us,2,42,8.4,26,6.5,-16,-1.9,8.2,0.213,NA,28.13,NA,NA,NA,0.49,GRASS,PERENNIAL,GRASS
490,SPOROBOLUS COMPOSITUS,4867,4867,oklah.us,2,33,11,30.5,10.16666667,-2.5,-0.833333333,8.2,0.213,NA,28.13,NA,NA,NA,0.49,GRASS,PERENNIAL,GRASS
491,SPOROBOLUS FLEXUOSUS,3477,3477,jorndrt.us,2,9,4.5,5,1.666666667,-4,-2.833333333,NA,0.9144,NA,15.81345753,0.254,NA,NA,0.04,GRASS,PERENNIAL,GRASS
492,STEINCHISMA HIANS,6079,6079,slp.us,2,3,1.5,24,8,21,6.5,NA,NA,NA,25,NA,NA,NA,NA,GRASS,PERENNIAL,GRASS
493,STELLARIA GRAMINEA,2688,2688,elvadrt.ee,2,1,1,3,1,2,0,29.426,0.460386667,NA,29.05086069,0.34,0.337078652,251.0337458,0.135266667,FORB,PERENNIAL,FORB
494,STENARIA NIGRICANS,837,837,bfl.us,2,6,6,5,2.5,-1,-3.5,NA,0.2,NA,15.01261282,NA,NA,NA,NA,FORB,PERENNIAL,FORB
495,STENOTAPHRUM SECUNDATUM,4400,4400,marcdrt.ar,2,5,1.25,2,1,-3,-0.25,NA,0.27432,NA,23,0.3048,NA,NA,0.1855714,GRASS,PERENNIAL,GRASS
496,STIPA COMATA,918,918,biddulph.ca,2,18,9,21,10.5,3,1.5,20.1,0.9144,15.9,16.95,0.4064,0.49068467,79.18825345,0.2,GRAMINOID,PERENNIAL,GRASS
497,STIPA COMATA,3790,3790,kinsella.ca,2,30,15,23,5.75,-7,-9.25,20.1,0.9144,15.9,16.95,0.4064,0.49068467,79.18825345,0.2,GRAMINOID,PERENNIAL,GRASS
498,STIPA SPARTEA,1623,1623,cedarsav.us,2,59,9.833333333,18,4.5,-41,-5.333333333,14.01546154,0.576,18,8.74965934,0.254,0.393143677,61.25734351,0.2496,GRASS,PERENNIAL,GRASS
499,STIPA SPECIOSA,5248,5248,paike.ar,2,65,21.66666667,81,27,16,5.333333333,12.13,0.169,7.94,15.44,0.352,NA,22.41,0.352,GRASS,PERENNIAL,GRASS
500,SYMPHORICARPOS ALBUS,2219,2219,cowidrt.ca,2,49,12.25,40,10,-9,-2.25,14.05,1.538133333,NA,19.90333333,0.4572,NA,39.363636,NA,SHRUB,PERENNIAL,WOODY
501,SYMPHYOTRICHUM ERICOIDES,3606,3606,kernb.ca,2,3,3,6,2,3,-1,12.6,0.7802222,11.01821,20.14194711,0.76,0.151923077,73.83666667,0.3263,FORB,PERENNIAL,FORB
502,SYMPHYOTRICHUM ERICOIDES,4874,4874,oklah.us,2,33,11,33,11,0,0,12.6,0.7802222,11.01821,20.14194711,0.76,0.151923077,73.83666667,0.3263,FORB,PERENNIAL,FORB
503,SYMPHYOTRICHUM ERICOIDES,1376,1376,brookdale.ca,2,1,1,3,1,2,0,12.6,0.7802222,11.01821,20.14194711,0.76,0.151923077,73.83666667,0.3263,FORB,PERENNIAL,FORB
504,SYMPHYOTRICHUM ERICOIDES,3106,3106,hard.us,2,3,1.5,29,9.666666667,26,8.166666667,12.6,0.7802222,11.01821,20.14194711,0.76,0.151923077,73.83666667,0.3263,FORB,PERENNIAL,FORB
505,SYMPHYOTRICHUM ERICOIDES,3970,3970,konzadrt.us,2,112,22.4,24,6,-88,-16.4,12.6,0.7802222,11.01821,20.14194711,0.76,0.151923077,73.83666667,0.3263,FORB,PERENNIAL,FORB
506,SYMPHYOTRICHUM ERICOIDES,4470,4470,matador.ca,2,3,3,2,1,-1,-2,12.6,0.7802222,11.01821,20.14194711,0.76,0.151923077,73.83666667,0.3263,FORB,PERENNIAL,FORB
507,SYMPHYOTRICHUM ERICOIDES,4514,4514,mattheis.ca,2,15,15,3,3,-12,-12,12.6,0.7802222,11.01821,20.14194711,0.76,0.151923077,73.83666667,0.3263,FORB,PERENNIAL,FORB
508,SYMPHYOTRICHUM ERICOIDES,2778,2778,esw.ca,2,2,2,2,1,0,-1,12.6,0.7802222,11.01821,20.14194711,0.76,0.151923077,73.83666667,0.3263,FORB,PERENNIAL,FORB
509,SYMPHYOTRICHUM FALCATUM,3798,3798,kinsella.ca,2,13,4.333333333,40,13.33333333,27,9,22.282,0.4175,8.69,14.18715,NA,0.117472,79.08403333,0.31118,FORB,PERENNIAL,FORB
510,SYMPHYOTRICHUM LANCEOLATUM,2783,2783,esw.ca,2,12,4,4,2,-8,-2,25.1,1.8288,NA,12.754,0.2032,0.15,68,0.36,FORB,PERENNIAL,FORB
511,SYMPHYOTRICHUM OBLONGIFOLIUM,3975,3975,konzadrt.us,2,14,4.666666667,26,8.666666667,12,4,NA,NA,NA,10.48,0.73,0.324153605,44.79630213,0.314933333,FORB,PERENNIAL,FORB
512,SYMPHYOTRICHUM OOLENTANGIENSE,1627,1627,cedarsav.us,2,25,5,3,1.5,-22,-3.5,16.02907407,0.7209,19.81443763,14.68950044,NA,0.12,81.16666667,0.35,FORB,PERENNIAL,FORB
513,SYMPHYOTRICHUM PILOSUM,2791,2791,esw.ca,2,2,2,3,1.5,1,-0.5,17.8,0.861666667,NA,18.27837298,NA,NA,NA,NA,FORB,PERENNIAL,FORB
514,TARAXACUM CAMPYLODES,6330,6330,validate.fr,2,19,3.8,6,6,-13,2.2,28.3472693,0.044,10.73618,30.05916441,0.1524,0.2871857,213.1,0.292,FORB,PERENNIAL,FORB
515,TARAXACUM CAMPYLODES,3326,3326,jenadrt.de,2,123,41,18,6,-105,-35,28.3472693,0.044,10.73618,30.05916441,0.1524,0.2871857,213.1,0.292,FORB,PERENNIAL,FORB
516,TEUCRIUM CAPITATUM,2469,2469,ebro.es,2,1.261876,1.261876,0.124791334,0.062395667,-1.137084666,-1.199480333,20.04659333,0.085,NA,13.33,0.2,NA,NA,NA,SUBSHRUB,PERENNIAL,WOODY
517,TEUCRIUM CHAMAEDRYS,285,285,allmendo.ch,2,14,4.666666667,11,3.666666667,-3,-1,16,0.190683889,19.69,14.12995424,1.62,0.187321285,149.5449877,0.264622222,SHRUB,PERENNIAL,WOODY
518,TEUCRIUM CHAMAEDRYS,148,148,allmendb.ch,2,0.75,0.75,10.25,5.125,9.5,4.375,16,0.190683889,19.69,14.12995424,1.62,0.187321285,149.5449877,0.264622222,SHRUB,PERENNIAL,WOODY
519,THALICTRUM VENULOSUM,1384,1384,brookdale.ca,2,1,1,3.5,1.166666667,2.5,0.166666667,NA,0.1059,NA,19.84,NA,NA,NA,NA,FORB,PERENNIAL,FORB
520,THELESPERMA FILIFOLIUM,4880,4880,oklah.us,2,0.5,0.5,1,0.5,0.5,0,24.36,0.18804,NA,13.73905805,NA,NA,NA,NA,FORB,ANNUAL,FORB
521,THELESPERMA FILIFOLIUM,841,841,bfl.us,2,3,1.5,2,1,-1,-0.5,24.36,0.18804,NA,13.73905805,NA,NA,NA,NA,FORB,ANNUAL,FORB
522,THEMEDA TRIANDRA,6286,6286,ukulingadrt.za,2,100,16.66666667,102,17,2,0.333333333,13.22821429,1.5,4.35,9.2635,NA,NA,NA,0.2625,GRASS,PERENNIAL,GRASS
523,THLASPI ARVENSE,3111,3111,hard.us,2,9,3,6,2,-3,-1,NA,0.423333333,NA,24.42761317,0.49,0.42845,105,0.2761525,FORB,ANNUAL,FORB
524,THYMELAEA TINCTORIA,2473,2473,ebro.es,2,0.41888,0.41888,3.409508667,3.409508667,2.990628667,2.990628667,NA,0.038,NA,7.45,1.46,NA,NA,NA,SHRUB,PERENNIAL,WOODY
525,THYMUS SERPYLLUM,293,293,allmendo.ch,2,3.5,1.166666667,5,1.666666667,1.5,0.5,19.815,0.08775,NA,12.59845839,0.250506667,0.7,11.2,NA,FORB,PERENNIAL,WOODY
526,THYMUS SERPYLLUM,152,152,allmendb.ch,2,7,2.333333333,5.25,1.75,-1.75,-0.583333333,19.815,0.08775,NA,12.59845839,0.250506667,0.7,11.2,NA,FORB,PERENNIAL,WOODY
527,THYMUS VULGARIS,2018,2018,ciempoz.es,2,43.17,7.195,38.68,6.446666667,-4.49,-0.748333333,15.125,0.08,NA,10.34931507,0.3318,NA,NA,NA,SUBSHRUB,PERENNIAL,WOODY
528,THYMUS VULGARIS,2477,2477,ebro.es,2,4.927948666,1.642649555,4.485506667,1.495168889,-0.442441999,-0.147480666,15.125,0.08,NA,10.34931507,0.3318,NA,NA,NA,SUBSHRUB,PERENNIAL,WOODY
529,TRAGOPOGON DUBIUS,4521,4521,mattheis.ca,2,22,7.333333333,1,1,-21,-6.333333333,26.314,0.34175,11.37,18.88481429,0.1524,0.27502617,48.55913333,0.359875,FORB,BIENNIAL,FORB
530,TRAGOPOGON PRATENSIS,537,537,baddrt.de,2,2.7,0.9,0.3,0.3,-2.4,-0.6,27,0.575,20.30344663,22.41578318,NA,0.170824899,150.3177187,0.287861111,FORB,PERENNIAL,FORB
531,TRICHOPHORUM CESPITOSUM,4279,4279,lygraold.no,2,26,13,12,6,-14,-7,15.3,0.4,4.4,3.79,0.1,0.199,35.47,0.425,GRAMINOID,PERENNIAL,GRAMINOID
532,TRICHOPHORUM CESPITOSUM,4180,4180,lygraint.no,2,11,5.5,19,9.5,8,4,15.3,0.4,4.4,3.79,0.1,0.199,35.47,0.425,GRAMINOID,PERENNIAL,GRAMINOID
533,TRIENTALIS EUROPEA,4281,4281,lygraold.no,2,1,1,2,1,1,0,NA,NA,NA,47.591,NA,NA,NA,NA,FORB,PERENNIAL,FORB
534,TRIFOLIUM DUBIUM,3334,3334,jenadrt.de,2,41,13.66666667,1.5,0.75,-39.5,-12.91666667,35.6,0.076,27.56771735,30.39,0.3445,0.109,254.8747547,0.231187416,LEGUME,ANNUAL,LEGUME
535,TRIFOLIUM MACROCEPHALUM,4990,4990,oreaa.us,2,0.5,0.5,1,1,0.5,0.5,NA,0.6096,NA,6.89,0.1524,NA,NA,1.85,FORB,PERENNIAL,LEGUME
536,TRIFOLIUM MONTANUM,5382,5382,pineta.es,2,15,3,3,3,-12,0,34.121,0.306666667,NA,18.67023642,0.825,0.113646105,238.0656783,0.246975,FORB,PERENNIAL,LEGUME
537,TRIFOLIUM MONTANUM,156,156,allmendb.ch,2,2.5,0.833333333,1.5,0.75,-1,-0.083333333,34.121,0.306666667,NA,18.67023642,0.825,0.113646105,238.0656783,0.246975,FORB,PERENNIAL,LEGUME
538,TRIFOLIUM MONTANUM,297,297,allmendo.ch,2,2,0.666666667,0.25,0.25,-1.75,-0.416666667,34.121,0.306666667,NA,18.67023642,0.825,0.113646105,238.0656783,0.246975,FORB,PERENNIAL,LEGUME
539,TRIFOLIUM PRATENSE,2801,2801,esw.ca,2,82,27.33333333,90,30,8,2.666666667,40.4444317,0.389308642,21.07704,27.55091965,0.3048,0.16269724,184.5175823,0.256183381,FORB,PERENNIAL,LEGUME
540,TRIFOLIUM REPENS,2700,2700,elvadrt.ee,2,2,1,1,1,-1,0,43.78354086,0.236251111,21.66035,26.94650771,0.3048,0.123144013,192.8045087,0.263218929,FORB,PERENNIAL,LEGUME
541,TRIFOLIUM REPENS,5386,5386,pineta.es,2,15.5,2.583333333,4.5,1.125,-11,-1.458333333,43.78354086,0.236251111,21.66035,26.94650771,0.3048,0.123144013,192.8045087,0.263218929,FORB,PERENNIAL,LEGUME
542,TRIFOLIUM REPENS,540,540,baddrt.de,2,5.2,0.866666667,0.5,0.166666667,-4.7,-0.7,43.78354086,0.236251111,21.66035,26.94650771,0.3048,0.123144013,192.8045087,0.263218929,FORB,PERENNIAL,LEGUME
543,TRIODIA BASEDOWII,2862,2862,ethadn.au,2,142,47.33333333,216,72,74,24.66666667,6.4,1.3,NA,2.93,NA,NA,NA,NA,GRASS,PERENNIAL,GRASS
544,TRIODIA BASEDOWII,2840,2840,ethadb.au,2,107,35.66666667,72,36,-35,0.333333333,6.4,1.3,NA,2.93,NA,NA,NA,NA,GRASS,PERENNIAL,GRASS
545,TRISETUM FLAVESCENS,5616,5616,rhijn.nl,2,38,6.333333333,13,4.333333333,-25,-2,27.09907954,0.532263158,8.795034255,22.11711414,0.44,0.166445278,447.4973772,0.175392308,GRASS,PERENNIAL,GRASS
546,TRISETUM FLAVESCENS,6336,6336,validate.fr,2,23,5.75,27,6.75,4,1,27.09907954,0.532263158,8.795034255,22.11711414,0.44,0.166445278,447.4973772,0.175392308,GRASS,PERENNIAL,GRASS
547,TRISETUM SPICATUM,2912,2912,falls.au,2,1,0.5,0.5,0.5,-0.5,0,NA,0.32706,NA,21.1,0.3048,NA,NA,0.24,GRASS,PERENNIAL,GRASS
548,ULEX PARVIFLORUS,428,428,ayora.es,2,229,38.16666667,89,29.66666667,-140,-8.5,14.1,1.315,NA,4.82,1.5,0.71673186,9.189147922,0.373179167,SHRUB,PERENNIAL,LEGUME
549,VACCINIUM MYRTILLUS,4284,4284,lygraold.no,2,11,5.5,10,10,-1,4.5,18.74819405,0.386262821,5.5077,20.04821764,0.23575,0.094987,7,0.35,SUBSHRUB,PERENNIAL,WOODY
550,VACCINIUM MYRTILLUS,4183,4183,lygraint.no,2,16,8,8,4,-8,-4,18.74819405,0.386262821,5.5077,20.04821764,0.23575,0.094987,7,0.35,SUBSHRUB,PERENNIAL,WOODY
551,VACCINIUM ULIGINOSUM,4287,4287,lygraold.no,2,3,3,2,2,-1,-1,19.4998079,0.470266667,4.2,13.90672208,0.2274,0.1278406,162.5,0.124,SUBSHRUB,PERENNIAL,WOODY
552,VACCINIUM ULIGINOSUM,4186,4186,lygraint.no,2,1,1,1,1,0,0,19.4998079,0.470266667,4.2,13.90672208,0.2274,0.1278406,162.5,0.124,SUBSHRUB,PERENNIAL,WOODY
553,VACCINIUM VITIS-IDAEA,4189,4189,lygraint.no,2,57,19,21,7,-36,-12,10.93425771,0.231449383,6.33333,9.170438572,0.2024,NA,NA,1.25,SUBSHRUB,PERENNIAL,WOODY
554,VACCINIUM VITIS-IDAEA,4290,4290,lygraold.no,2,28,9.333333333,27,9,-1,-0.333333333,10.93425771,0.231449383,6.33333,9.170438572,0.2024,NA,NA,1.25,SUBSHRUB,PERENNIAL,WOODY
555,VALERIANELLA LOCUSTA,2230,2230,cowidrt.ca,2,16,3.2,21,5.25,5,2.05,26,0.1925,NA,31.7,0.05,0.56326,204,1.242171,FORB,ANNUAL,FORB
556,VENTENATA DUBIA,4995,4995,oreaa.us,2,75.5,15.1,72.5,14.5,-3,-0.6,NA,0.225,NA,20.5,NA,NA,NA,0.28,GRASS,ANNUAL,GRASS
557,VENTENATA DUBIA,5085,5085,oreac.us,2,41,20.5,23,5.75,-18,-14.75,NA,0.225,NA,20.5,NA,NA,NA,0.28,GRASS,ANNUAL,GRASS
558,VERONICA ARVENSIS,3345,3345,jenadrt.de,2,1.5,0.5,1,0.5,-0.5,0,15,0.187777778,NA,21.00097059,0.19,0.7139167,224.167,0.98561,FORB,ANNUAL,FORB
559,VERONICA ARVENSIS,2234,2234,cowidrt.ca,2,3,1,3,1,0,0,15,0.187777778,NA,21.00097059,0.19,0.7139167,224.167,0.98561,FORB,ANNUAL,FORB
560,VERONICA CHAMAEDRYS,2706,2706,elvadrt.ee,2,3,1,4,1.333333333,1,0.333333333,25.804,0.234,10.00287923,28.10742313,0.34,0.114461321,349.9700698,0.149373333,FORB,PERENNIAL,FORB
561,VERONICA CHAMAEDRYS,5388,5388,pineta.es,2,1,0.5,0.5,0.5,-0.5,0,25.804,0.234,10.00287923,28.10742313,0.34,0.114461321,349.9700698,0.149373333,FORB,PERENNIAL,FORB
562,VICIA AMERICANA,1388,1388,brookdale.ca,2,3,1,3,1,0,0,42.658,0.2765,21.77,21.29655909,0.254,0.096375062,29.37063333,0.363178334,VINE,PERENNIAL,LEGUME
563,VICIA AMERICANA,3616,3616,kernb.ca,2,0.5,0.5,0.5,0.5,0,0,42.658,0.2765,21.77,21.29655909,0.254,0.096375062,29.37063333,0.363178334,VINE,PERENNIAL,LEGUME
564,VICIA AMERICANA,3725,3725,kernnu.ca,2,2.5,0.833333333,2.5,0.833333333,0,0,42.658,0.2765,21.77,21.29655909,0.254,0.096375062,29.37063333,0.363178334,VINE,PERENNIAL,LEGUME
565,VICIA AMERICANA,3805,3805,kinsella.ca,2,49,9.8,28,5.6,-21,-4.2,42.658,0.2765,21.77,21.29655909,0.254,0.096375062,29.37063333,0.363178334,VINE,PERENNIAL,LEGUME
566,VICIA AMERICANA,4478,4478,matador.ca,2,0.5,0.5,0.5,0.5,0,0,42.658,0.2765,21.77,21.29655909,0.254,0.096375062,29.37063333,0.363178334,VINE,PERENNIAL,LEGUME
567,VICIA CRACCA,2712,2712,elvadrt.ee,2,14,4.666666667,3,1.5,-11,-3.166666667,41.79727454,0.879038889,24.42381,26.81365133,0.3048,0.195683333,41.43187551,0.463024976,LEGUME,PERENNIAL,LEGUME
568,VICIA HIRSUTA,549,549,baddrt.de,2,13.4,2.233333333,3.1,1.033333333,-10.3,-1.2,43.2098,0.4375,28.02801,22.05714286,0.66,0.3375,87.90712843,0.2074,FORB,ANNUAL,LEGUME
569,VICIA HIRSUTA,2238,2238,cowidrt.ca,2,5,1,6,1.2,1,0.2,43.2098,0.4375,28.02801,22.05714286,0.66,0.3375,87.90712843,0.2074,FORB,ANNUAL,LEGUME
570,VICIA SATIVA,5898,5898,scruzl.us,2,20,20,1,1,-19,-19,32.1,0.7509,3.5,26.61714286,0.3048,0.430769231,60.47073255,0.222666667,FORB,ANNUAL,LEGUME
571,VICIA SATIVA,2242,2242,cowidrt.ca,2,5,1.25,7,1.75,2,0.5,32.1,0.7509,3.5,26.61714286,0.3048,0.430769231,60.47073255,0.222666667,FORB,ANNUAL,LEGUME
572,VICIA SATIVA,553,553,baddrt.de,2,73.6,12.26666667,2.2,0.733333333,-71.4,-11.53333333,32.1,0.7509,3.5,26.61714286,0.3048,0.430769231,60.47073255,0.222666667,FORB,ANNUAL,LEGUME
573,VICIA SEPIUM,2718,2718,elvadrt.ee,2,3,1,4,1.333333333,1,0.333333333,46.0056,0.683333333,27.307,38.73428571,0.52,0.077475,406.25,0.83175,FORB,PERENNIAL,LEGUME
574,VIOLA BETONICIFOLIA,2914,2914,falls.au,2,0.5,0.5,1,0.5,0.5,0,NA,0.2,NA,17.081108,NA,NA,NA,NA,FORB,PERENNIAL,FORB
575,VULPIA BROMOIDES,6174,6174,spvdrt.ar,2,2,1,2,1,0,0,NA,0.2225,NA,20.86,0.4995,NA,417.75,0.2945,GRASS,ANNUAL,GRASS
576,VULPIA MYUROS,5829,5829,scruzh.us,2,80,26.66666667,10,5,-70,-21.66666667,17.1507779,0.435733333,7.5,22.38333333,0.3048,0.044,268.91,NA,GRASS,ANNUAL,GRASS
577,VULPIA MYUROS,557,557,baddrt.de,2,182,18.2,77,15.4,-105,-2.8,17.1507779,0.435733333,7.5,22.38333333,0.3048,0.044,268.91,NA,GRASS,ANNUAL,GRASS
578,VULPIA MYUROS,5904,5904,scruzl.us,2,73,14.6,41,20.5,-32,5.9,17.1507779,0.435733333,7.5,22.38333333,0.3048,0.044,268.91,NA,GRASS,ANNUAL,GRASS
579,ZIZIA APTERA,1396,1396,brookdale.ca,2,2,2,3.5,1.166666667,1.5,-0.833333333,16.074,NA,NA,40.37573969,NA,NA,NA,NA,FORB,PERENNIAL,FORB