,Taxon,site_code,mean.drt.cover.yr1,mean.drt.cover.yr2,diff.drt.trt,leafN.mg.g,height.m,rootN.mg.g,SLA_m2.kg,root.depth_m,RTD.g.cm3,SRL_m.g,rootDiam.mm,local_lifeform,local_lifespan,functional_group,site.id
22,AIRA CARYOPHYLLEA,scruzh.us,2.2727273,0,-2.2727273,19.9,0.155,NA,21.08,NA,NA,NA,0.21,GRASS,ANNUAL,GRASS,55
27,ALYSSUM DESERTORUM,nplatte.us,2,2.25,0.25,NA,0.1,NA,27.17578947,NA,NA,NA,NA,FORB,ANNUAL,FORB,46
35,ANAGALLIS ARVENSIS,scruzh.us,5.6818182,9.75,4.0681818,25,0.187,NA,28.34396552,0.315,NA,NA,NA,FORB,ANNUAL,FORB,55
46,APERA SPICA-VENTI,baddrt.de,9.366666667,0.3,-9.066666667,NA,0.775,NA,19.13333333,0.66,NA,193.8,NA,GRASS,ANNUAL,GRASS,5
48,ARENARIA SERPYLLIFOLIA,jenadrt.de,0.5,0.75,0.25,12,0.075,13.275,23.7,0.21,0.067,NA,0.207422972,FORB,ANNUAL,FORB,33
51,ARISTIDA HOLATHERA,ethadn.au,2.5,3,0.5,8.4875,0.7,2.975,5.62,NA,0.745,NA,0.375,GRASS,ANNUAL,GRASS,26
52,ARISTIDA HOLATHERA,ethadb.au,3,12.5,9.5,8.4875,0.7,2.975,5.62,NA,0.745,NA,0.375,GRASS,ANNUAL,GRASS,25
77,AVENA BARBATA,scruzh.us,0,3,3,17,0.389,NA,25.674375,0.5,0.02363125,149,0.373688235,GRASS,ANNUAL,GRASS,55
78,AVENA BARBATA,scruzl.us,1.2195122,9,7.7804878,17,0.389,NA,25.674375,0.5,0.02363125,149,0.373688235,GRASS,ANNUAL,GRASS,56
79,AVENA BARBATA,scruzm.us,66.17974404,69,2.82025596,17,0.389,NA,25.674375,0.5,0.02363125,149,0.373688235,GRASS,ANNUAL,GRASS,57
80,AVENA BARBATA,naposta.ar,20,20,0,17,0.389,NA,25.674375,0.5,0.02363125,149,0.373688235,GRASS,ANNUAL,GRASS,45
81,BASSIA SCOPARIA,antelope.us,0.70375,0.25,-0.45375,32.45,1.184444444,NA,19.65690846,NA,NA,NA,NA,FORB,ANNUAL,FORB,3
86,BOUTELOUA ARISTIDOIDES,cerrillos.ar,36.565,30.42,-6.145,15.9,0.04,NA,12.89,0.3,NA,103.65,NA,GRASS,ANNUAL,GRASS,13
91,BRACHYPODIUM DISTACHYON,scruzh.us,2.4691358,0,-2.4691358,27.125,0.1005,NA,30.85889908,0.5,NA,NA,NA,FORB,ANNUAL,GRASS,55
99,BRIZA MINOR,slp.us,1,0,-1,17.3,0.6,NA,40.562519,NA,NA,NA,0.284,GRASS,ANNUAL,GRASS,58
102,BROMUS DIANDRUS,scruzl.us,1.2195122,5,3.7804878,19.4,0.99,NA,39,NA,NA,238.8,NA,GRASS,ANNUAL,GRASS,56
103,BROMUS DIANDRUS,scruzm.us,2.1978022,6.2,4.0021978,19.4,0.99,NA,39,NA,NA,238.8,NA,GRASS,ANNUAL,GRASS,57
106,BROMUS HORDEACEUS,scruzh.us,2.76928305,5,2.23071695,25.57289667,0.6899,10.2,27.25455017,0.254,0.137083333,471.2364007,0.2,GRASS,ANNUAL,GRASS,55
107,BROMUS HORDEACEUS,baddrt.de,0.01,0.2,0.19,25.57289667,0.6899,10.2,27.25455017,0.254,0.137083333,471.2364007,0.2,GRASS,ANNUAL,GRASS,5
109,BROMUS JAPONICUS,oreaa.us,0.5,0.5,0,20.898,0.424044444,NA,19.31803729,1.5,NA,NA,0.54,GRASS,ANNUAL,GRASS,48
110,BROMUS JAPONICUS,oreac.us,13.1,15.1,2,20.898,0.424044444,NA,19.31803729,1.5,NA,NA,0.54,GRASS,ANNUAL,GRASS,49
111,BROMUS RUBENS,gmgranite.us,0.5,0.1,-0.4,28.7686987,0.39624,NA,18.713372,0.2032,NA,NA,NA,GRASS,ANNUAL,GRASS,28
112,BROMUS RUBENS,capmcd.us,0.5,0.166666667,-0.333333333,28.7686987,0.39624,NA,18.713372,0.2032,NA,NA,NA,GRASS,ANNUAL,GRASS,9
113,BROMUS RUBENS,gmmolar.us,1.428571429,0.114285714,-1.314285715,28.7686987,0.39624,NA,18.713372,0.2032,NA,NA,NA,GRASS,ANNUAL,GRASS,29
115,BROMUS STERILIS,baddrt.de,5,10,5,27.9,0.658333333,NA,30.5349098,1.5,0.4459545,279.231,NA,GRASS,ANNUAL,GRASS,5
116,BROMUS STERILIS,cowidrt.ca,3.333333333,5.333333333,2,27.9,0.658333333,NA,30.5349098,1.5,0.4459545,279.231,NA,GRASS,ANNUAL,GRASS,19
117,BROMUS TECTORUM,nplatte.us,14.14285714,5.333333333,-8.809523807,18.768,0.198681818,7.006735802,17.28496,0.90288,0.47,31.204325,0.57,GRASS,ANNUAL,GRASS,46
118,BROMUS TECTORUM,hard.us,5,4,-1,18.768,0.198681818,7.006735802,17.28496,0.90288,0.47,31.204325,0.57,GRASS,ANNUAL,GRASS,30
124,CALOTIS HISPIDULA,credom.au,0,0.5,0.5,NA,0.103333333,NA,11.56636819,NA,NA,NA,NA,FORB,ANNUAL,FORB,21
131,CARDUUS PYCNOCEPHALUS,scruzm.us,7.11889028,3,-4.11889028,8.2,0.8,NA,38,NA,NA,NA,NA,FORB,ANNUAL,FORB,57
132,CARDUUS PYCNOCEPHALUS,scruzl.us,20.12987015,12,-8.12987015,8.2,0.8,NA,38,NA,NA,NA,NA,FORB,ANNUAL,FORB,56
157,CEPHALIPTERUM DRUMMONDII,credom.au,1,0,-1,NA,0.33086325,NA,37.282501,NA,NA,NA,NA,FORB,ANNUAL,FORB,21
167,CERASTIUM GLOMERATUM,cowidrt.ca,1,1.4,0.4,17.025,0.249,14.7,23.38503171,0.11,0.4988333,318,NA,FORB,ANNUAL,FORB,19
168,CERASTIUM GLOMERATUM,jenadrt.de,0,0.5,0.5,17.025,0.249,14.7,23.38503171,0.11,0.4988333,318,NA,FORB,ANNUAL,FORB,33
169,CHAMAECRISTA FASCICULATA,oklah.us,0.5,0.5,0,39.6,0.73152,NA,20.88,0.3556,0.162591084,96.91819095,0.2980125,FORB,ANNUAL,LEGUME,47
180,COLLINSIA PARVIFLORA,oreac.us,0.6,0.5,-0.1,NA,0.3048,NA,32.3,NA,NA,NA,0.28,FORB,ANNUAL,FORB,49
181,COLLINSIA PARVIFLORA,oreaa.us,0.5,0.5,0,NA,0.3048,NA,32.3,NA,NA,NA,0.28,FORB,ANNUAL,FORB,48
195,CREPIS CAPILLARIS,baddrt.de,9,0.9,-8.1,25.65,0.458333333,10.7,35.00023666,0.385,NA,138,NA,FORB,ANNUAL,FORB,5
196,CREPIS TECTORUM,elvadrt.ee,2,2,0,14.21254536,0.148,NA,22.33002853,NA,NA,119,0.34,FORB,ANNUAL,FORB,23
197,CROTON GLANDULOSUS,bfl.us,0,1,1,17.5,NA,NA,38.2464889,NA,NA,NA,NA,FORB,ANNUAL,FORB,6
198,CROTON MONANTHOGYNUS,oklah.us,1.75,3,1.25,17.5,NA,NA,18.1,NA,NA,NA,NA,FORB,ANNUAL,FORB,47
227,DRABA VERNA,oreaa.us,0.5,0.5,0,20.4,0.42,NA,22.11,1.318005405,0.78395,18.8462,0.52189,FORB,ANNUAL,FORB,48
242,EPILOBIUM BRACHYCARPUM,oreaa.us,0.9,1.1,0.2,30.48666667,0.286,10.95816314,21.56584,NA,NA,81.71053333,NA,FORB,ANNUAL,FORB,48
243,EPILOBIUM BRACHYCARPUM,oreac.us,1.5,0.7,-0.8,30.48666667,0.286,10.95816314,21.56584,NA,NA,81.71053333,NA,FORB,ANNUAL,FORB,49
248,ERAGROSTIS DIELSII,credom.au,0.5,0,-0.5,NA,0.3,NA,5.7,NA,NA,NA,NA,GRASS,ANNUAL,GRASS,21
252,ERIGERON ANNUUS,esw.ca,1,1.333333333,0.333333333,13.87251282,0.790891667,NA,23.37334387,1.02,0.32875817,62.7520477,0.25,FORB,ANNUAL,FORB,24
253,ERIGERON CANADENSIS,baddrt.de,0,0.6,0.6,27.5,0.676,NA,21.20435157,1.09,0.09,119,0.35,FORB,ANNUAL,FORB,5
258,ERODIUM CICUTARIUM,gmmolar.us,3.928571429,0.1,-3.828571429,34.47666667,0.0275,11.48,28.8428,0.5,0.43626943,71.7331,0.1243,FORB,ANNUAL,FORB,29
259,ERODIUM CICUTARIUM,spvdrt.ar,1,1,0,34.47666667,0.0275,11.48,28.8428,0.5,0.43626943,71.7331,0.1243,FORB,ANNUAL,FORB,59
260,ERODIUM CICUTARIUM,gmgranite.us,6.714285714,0.1,-6.614285714,34.47666667,0.0275,11.48,28.8428,0.5,0.43626943,71.7331,0.1243,FORB,ANNUAL,FORB,28
290,GALIUM APARINE,baddrt.de,0.1,0,-0.1,30.3875,0.765787211,17.66740825,34.58771111,0.1016,0.246153846,342.4265529,0.153183334,FORB,ANNUAL,FORB,5
291,GALIUM APARINE,cowidrt.ca,1,1,0,30.3875,0.765787211,17.66740825,34.58771111,0.1016,0.246153846,342.4265529,0.153183334,FORB,ANNUAL,FORB,19
296,GALIUM MOLLUGO,rhijn.nl,25,13.66666667,-11.33333333,29.6653889,0.57825,12.06782427,21.5515698,0.1688729,0.105319476,406.1581499,0.264461111,FORB,ANNUAL,FORB,53
301,GERANIUM DISSECTUM,jenadrt.de,2,3.666666667,1.666666667,19.13,0.151,NA,17.86,0.5,0.382010582,207.6012196,0.122766667,FORB,ANNUAL,FORB,33
302,GERANIUM DISSECTUM,scruzm.us,2.92613635,0,-2.92613635,19.13,0.151,NA,17.86,0.5,0.382010582,207.6012196,0.122766667,FORB,ANNUAL,FORB,57
303,GERANIUM DISSECTUM,scruzl.us,3.799262233,7,3.200737767,19.13,0.151,NA,17.86,0.5,0.382010582,207.6012196,0.122766667,FORB,ANNUAL,FORB,56
317,HEDEOMA HISPIDA,oklah.us,0.5,0,-0.5,NA,0.14225,NA,21.38832049,NA,0.15,166,0.22,FORB,ANNUAL,FORB,47
339,HOLOSTEUM UMBELLATUM,esw.ca,1,0,-1,NA,0.161666667,NA,35.26333333,0.24,NA,NA,NA,FORB,ANNUAL,FORB,24
340,HORDEUM MURINUM,spvdrt.ar,3,2,-1,31.1,0.405416667,NA,28.1259188,0.1,NA,204.9930273,0.217582152,GRASS,ANNUAL,GRASS,59
341,HORDEUM PUSILLUM,marcdrt.ar,1,1,0,NA,0.36576,NA,32.4,0.2032,0.278984039,157.1579379,0.1830875,GRASS,ANNUAL,GRASS,42
374,LINUM BIENNE,scruzh.us,6.29785905,3.5,-2.79785905,27.53,0.375,NA,26.60625,NA,NA,NA,NA,FORB,ANNUAL,FORB,55
375,LINUM CATHARTICUM,allmendb.ch,2.083333333,1.083333333,-1,20.2751018,0.184833333,NA,29.89038332,0.18,0.3081,160,1.190476,FORB,ANNUAL,FORB,1
376,LINUM CATHARTICUM,allmendo.ch,1.666666667,0.25,-1.416666667,20.2751018,0.184833333,NA,29.89038332,0.18,0.3081,160,1.190476,FORB,ANNUAL,FORB,2
377,LINUM CATHARTICUM,elvadrt.ee,1.5,1.5,0,20.2751018,0.184833333,NA,29.89038332,0.18,0.3081,160,1.190476,FORB,ANNUAL,FORB,23
378,LINUM MEDIUM,slp.us,0,6.666666667,6.666666667,NA,0.328,NA,22.57688088,NA,NA,NA,NA,FORB,ANNUAL,FORB,58
381,LINUM SULCATUM,oklah.us,0.5,0.5,0,NA,NA,NA,17.12,NA,NA,NA,NA,FORB,ANNUAL,FORB,47
399,MEDICAGO MINIMA,credom.au,2,0.5,-1.5,36.2,0.1701,NA,24.66638889,0.22,0.0815,211.5066667,0.3834,LEGUME,ANNUAL,LEGUME,21
405,MONARDA PUNCTATA,slp.us,5,3,-2,13.2,0.4265,NA,18.95202815,NA,NA,NA,NA,FORB,ANNUAL,FORB,58
415,PANICUM CAPILLARE,konzadrt.us,1.5,2.666666667,1.166666667,17.0314031,0.43545,NA,27.43942379,0.62,0.14,218,0.1917,GRASS,ANNUAL,GRASS,38
445,PLANTAGO PATAGONICA,spvdrt.ar,1,1.5,0.5,16.75319,0.1524,NA,7.068,0.1524,0.406666667,171.778132,0.173233333,FORB,ANNUAL,FORB,59
446,PLANTAGO PATAGONICA,nplatte.us,2,0,-2,16.75319,0.1524,NA,7.068,0.1524,0.406666667,171.778132,0.173233333,FORB,ANNUAL,FORB,46
447,PLANTAGO PATAGONICA,capwhite.us,1,0.125,-0.875,16.75319,0.1524,NA,7.068,0.1524,0.406666667,171.778132,0.173233333,FORB,ANNUAL,FORB,10
448,PLANTAGO RHODOSPERMA,bfl.us,1,1,0,NA,NA,NA,17.37,NA,NA,NA,NA,FORB,ANNUAL,FORB,6
451,POA BULBOSA,oreac.us,0,3.5,3.5,17.70666667,0.3224,10.49,21.09,0.2032,NA,NA,0.01366667,GRASS,ANNUAL,GRASS,49
492,RAPHANUS SATIVUS,scruzl.us,61.0981501,45.2,-15.8981501,40.5,0.715,14.825,34.60857143,1.566667,NA,NA,NA,FORB,ANNUAL,FORB,56
493,RAPHANUS SATIVUS,scruzm.us,20.57703828,4.5,-16.07703828,40.5,0.715,14.825,34.60857143,1.566667,NA,NA,NA,FORB,ANNUAL,FORB,57
495,RHINANTHUS MINOR,allmendo.ch,0.833333333,0,-0.833333333,34.3558401,0.395833333,NA,18.84206584,0.08,NA,NA,NA,FORB,ANNUAL,FORB,2
496,RHINANTHUS MINOR,allmendb.ch,2,0.5,-1.5,34.3558401,0.395833333,NA,18.84206584,0.08,NA,NA,NA,FORB,ANNUAL,FORB,1
505,RUDBECKIA HIRTA,bfl.us,1.5,1,-0.5,28.33854,0.48345,21.64598,19.67108394,0.254,0.14325585,119.2626432,0.2691575,FORB,ANNUAL,FORB,6
506,RUDBECKIA HIRTA,slp.us,5.5,1.5,-4,28.33854,0.48345,21.64598,19.67108394,0.254,0.14325585,119.2626432,0.2691575,FORB,ANNUAL,FORB,58
511,SALSOLA KALI,antelope.us,0.933333333,0.55,-0.383333333,7.39,NA,NA,10.84692732,1.38,NA,19.34,0.183333333,FORB,ANNUAL,WOODY,3
514,SALVIA VERBENACA,credom.au,0.8,0.5,-0.3,NA,0.508333333,NA,11.94,NA,NA,NA,NA,FORB,ANNUAL,FORB,21
515,SALVIA VERBENACA,credoj.au,0.5,0.5,0,NA,0.508333333,NA,11.94,NA,NA,NA,NA,FORB,ANNUAL,FORB,20
521,SCHISMUS BARBATUS,gmgranite.us,3.714285714,0.1,-3.614285714,NA,0.25,NA,18.21,0.16,NA,81.47,NA,GRASS,ANNUAL,GRASS,28
522,SCHISMUS BARBATUS,spvdrt.ar,1.333333333,1,-0.333333333,NA,0.25,NA,18.21,0.16,NA,81.47,NA,GRASS,ANNUAL,GRASS,59
551,SONCHUS ASPER,scruzl.us,14.54787123,5.5,-9.04787123,27.6,0.5875,NA,24.97389591,0.69,0.301036269,223.2180487,0.1419,FORB,ANNUAL,FORB,56
582,TAGETES MINUTA,ukulingadrt.za,0,13,13,44.5,0.7,10.3,13.875,NA,0.081,44.84,0.3,FORB,ANNUAL,FORB,60
589,THELESPERMA FILIFOLIUM,bfl.us,0,1,1,24.36,0.18804,NA,13.73905805,NA,NA,NA,NA,FORB,ANNUAL,FORB,6
590,THELESPERMA FILIFOLIUM,oklah.us,0,0.5,0.5,24.36,0.18804,NA,13.73905805,NA,NA,NA,NA,FORB,ANNUAL,FORB,47
592,THLASPI ARVENSE,hard.us,3,2,-1,NA,0.423333333,NA,24.42761317,0.49,0.42845,105,0.2761525,FORB,ANNUAL,FORB,30
598,TIDESTROMIA LANUGINOSA,jorndrt.us,0.2,1,0.8,NA,0.3,NA,17.09882973,0.265,NA,4.37819,0.074,FORB,ANNUAL,FORB,34
604,TRIFOLIUM DUBIUM,jenadrt.de,2,0.75,-1.25,35.6,0.076,27.56771735,30.39,0.3445,0.109,254.8747547,0.231187416,LEGUME,ANNUAL,LEGUME,33
624,VALERIANELLA LOCUSTA,cowidrt.ca,2.5,5.25,2.75,26,0.1925,NA,31.7,0.05,0.56326,204,1.242171,FORB,ANNUAL,FORB,19
625,VENTENATA DUBIA,oreac.us,1,5.75,4.75,NA,0.225,NA,20.5,NA,NA,NA,0.28,GRASS,ANNUAL,GRASS,49
626,VENTENATA DUBIA,oreaa.us,8.75,14.5,5.75,NA,0.225,NA,20.5,NA,NA,NA,0.28,GRASS,ANNUAL,GRASS,48
627,VERONICA ARVENSIS,cowidrt.ca,1,1,0,15,0.187777778,NA,21.00097059,0.19,0.7139167,224.167,0.98561,FORB,ANNUAL,FORB,19
628,VERONICA ARVENSIS,jenadrt.de,0.5,0.5,0,15,0.187777778,NA,21.00097059,0.19,0.7139167,224.167,0.98561,FORB,ANNUAL,FORB,33
638,VICIA HIRSUTA,cowidrt.ca,2.25,1.2,-1.05,43.2098,0.4375,28.02801,22.05714286,0.66,0.3375,87.90712843,0.2074,FORB,ANNUAL,LEGUME,19
639,VICIA SATIVA,baddrt.de,0,0.733333333,0.733333333,32.1,0.7509,3.5,26.61714286,0.3048,0.430769231,60.47073255,0.222666667,FORB,ANNUAL,LEGUME,5
640,VICIA SATIVA,cowidrt.ca,1.75,1.75,0,32.1,0.7509,3.5,26.61714286,0.3048,0.430769231,60.47073255,0.222666667,FORB,ANNUAL,LEGUME,19
644,VULPIA BROMOIDES,spvdrt.ar,1,1,0,NA,0.2225,NA,20.86,0.4995,NA,417.75,0.2945,GRASS,ANNUAL,GRASS,59
645,VULPIA MYUROS,scruzh.us,4.135648425,5,0.864351575,17.1507779,0.435733333,7.5,22.38333333,0.3048,0.044,268.91,NA,GRASS,ANNUAL,GRASS,55
646,VULPIA MYUROS,baddrt.de,3.533333333,15.4,11.86666667,17.1507779,0.435733333,7.5,22.38333333,0.3048,0.044,268.91,NA,GRASS,ANNUAL,GRASS,5
647,VULPIA MYUROS,scruzl.us,22.72727275,20.5,-2.22727275,17.1507779,0.435733333,7.5,22.38333333,0.3048,0.044,268.91,NA,GRASS,ANNUAL,GRASS,56
254,ERIGERON STRIGOSUS,konzadrt.us,1,3,2,12.3765,0.566,NA,24.97386549,0.254,NA,NA,NA,FORB,ANNUAL,FORB,38
255,ERIGERON STRIGOSUS,oklah.us,1.75,3,1.25,12.3765,0.566,NA,24.97386549,0.254,NA,NA,NA,FORB,PERENNIAL,FORB,47
176,CIRSIUM VULGARE,scruzl.us,14.6156689,5.5,-9.1156689,38.6,1.175,NA,14.23064781,2.1,0.285613682,131.2433191,0.184,FORB,BIENNIAL,FORB,56
215,DAUCUS CAROTA,elvadrt.ee,1,1,0,23.75644602,0.487097662,12.75277167,17.37707021,0.8266667,0.329231092,244.5257138,0.314314803,FORB,BIENNIAL,FORB,23
216,DAUCUS CAROTA,esw.ca,1,1,0,23.75644602,0.487097662,12.75277167,17.37707021,0.8266667,0.329231092,244.5257138,0.314314803,FORB,BIENNIAL,FORB,24
225,DIPLOTAXIS TENUIFOLIA,naposta.ar,5.333333333,8.333333333,3,NA,0.575,NA,22.45,NA,NA,NA,NA,FORB,BIENNIAL,FORB,45
356,LACTUCA SERRIOLA,naposta.ar,3,1,-2,32,0.9375,NA,21.4302,0.825,0.2572538,193.07,0.61,FORB,BIENNIAL,FORB,45
396,MEDICAGO LUPULINA,allmendb.ch,0.25,0,-0.25,32.94,0.112,26.12778969,21.96,0.3048,0.105696982,180.1564169,0.281707971,FORB,BIENNIAL,LEGUME,1
397,MEDICAGO LUPULINA,jenadrt.de,0.5,0.5,0,32.94,0.112,26.12778969,21.96,0.3048,0.105696982,180.1564169,0.281707971,FORB,BIENNIAL,LEGUME,33
398,MEDICAGO LUPULINA,elvadrt.ee,3,1.666666667,-1.333333333,32.94,0.112,26.12778969,21.96,0.3048,0.105696982,180.1564169,0.281707971,FORB,BIENNIAL,LEGUME,23
599,TRAGOPOGON DUBIUS,mattheis.ca,1,1,0,26.314,0.34175,11.37,18.88481429,0.1524,0.27502617,48.55913333,0.359875,FORB,BIENNIAL,FORB,44
16,AGROSTIS CANINA,lygraold.no,2,1,-1,20.86288625,0.4223,9.3,33.1583154,0.254,NA,NA,0.15,GRASS,PERENNIAL,GRASS,41
17,AGROSTIS CANINA,lygraint.no,1,1,0,20.86288625,0.4223,9.3,33.1583154,0.254,NA,NA,0.15,GRASS,PERENNIAL,GRASS,40
50,ARISTIDA CONTORTA,credom.au,0.5,0,-0.5,10.79897,0.3,NA,9.37,NA,NA,NA,NA,GRASS,BOTH,GRASS,21
76,ASTRANTIA MAJOR,pineta.es,8,5.5,-2.5,28.539,0.4215,NA,22.75909384,NA,NA,NA,NA,FORB,PERENNIAL,FORB,52
100,BROMUS CATHARTICUS,marcdrt.ar,15,1,-14,NA,0.9572,4.9,35,0.3048,0.079079135,129.3385704,0.30525,GRASS,BOTH,GRASS,42
101,BROMUS CATHARTICUS,naposta.ar,0,6.666666667,6.666666667,NA,0.9572,4.9,35,0.3048,0.079079135,129.3385704,0.30525,GRASS,BOTH,GRASS,45
141,CAREX ECHINATA,lygraold.no,1,30,29,17.8,0.33305,NA,15.53,0.2032,NA,NA,NA,GRAMINOID,PERENNIAL,GRAMINOID,41
142,CAREX ECHINATA,lygraint.no,1,0,-1,17.8,0.33305,NA,15.53,0.2032,NA,NA,NA,GRAMINOID,PERENNIAL,GRAMINOID,40
146,CAREX NIGRA,lygraold.no,7.333333333,2,-5.333333333,24.40009307,0.388666667,6.648625922,20.83559904,0.78,0.2198095,52.8,0.2421,GRAMINOID,PERENNIAL,GRAMINOID,41
147,CAREX PANICEA,lygraint.no,3,2,-1,16.1715862,0.31,NA,17.69830765,0.49,NA,9.14,NA,GRAMINOID,PERENNIAL,GRAMINOID,40
148,CAREX PILULIFERA,lygraint.no,1.666666667,1,-0.666666667,27.98325592,0.225625,NA,19.13235729,NA,NA,NA,NA,GRAMINOID,NA,GRAMINOID,40
151,CENTAUREA HYSSOPIFOLIA,ciempoz.es,1.5,0.88,-0.62,17.42720296,0.42,NA,9.955818151,NA,NA,NA,NA,SUBSHRUB,NA,WOODY,17
179,CLAYTONIA PERFOLIATA,cowidrt.ca,21.66666667,14.5,-7.16666667,24.6,0.222866667,NA,52.4560081,0.1524,NA,NA,NA,FORB,BOTH,FORB,19
191,CORNUS SUECICA,lygraint.no,1,1,0,19.69489943,0.171111111,7.812801366,32.24866466,NA,0.1481156,NA,NA,FORB,PERENNIAL,WOODY,40
199,CRUCIATA GLABRA,pineta.es,0.5,0.5,0,17.002,0.194,NA,21.52069774,0.14,NA,NA,NA,FORB,PERENNIAL,FORB,52
209,DACTYLORHIZA MACULATA,lygraint.no,0,1,1,22.6,0.6,NA,24.23285714,NA,NA,NA,NA,FORB,PERENNIAL,FORB,40
210,DACTYLORHIZA MACULATA,pineta.es,1.125,0.5,-0.625,22.6,0.6,NA,24.23285714,NA,NA,NA,NA,FORB,PERENNIAL,FORB,52
214,DAPHNE LAUREOLA,pineta.es,5.5,1.75,-3.75,NA,0.9625,NA,9.236666667,NA,NA,NA,NA,WOODY,PERENNIAL,WOODY,52
245,Epipactis PALUSTRIS,pineta.es,3,3,0,NA,NA,NA,22.62,NA,NA,NA,NA,FORB,PERENNIAL,FORB,52
249,EREMOPHILA GILESII,charleville.au,46.66666667,35,-11.66666667,NA,0.90825,NA,8.200857,NA,NA,NA,NA,SHRUB,PERENNIAL,WOODY,15
250,ERICA TETRALIX,lygraint.no,5.5,2,-3.5,11.50813841,0.465833333,NA,10.60442241,NA,NA,NA,0.07,SUBSHRUB,PERENNIAL,WOODY,40
251,ERICA TETRALIX,lygraold.no,10,5.5,-4.5,11.50813841,0.465833333,NA,10.60442241,NA,NA,NA,0.07,SUBSHRUB,PERENNIAL,WOODY,41
256,ERIOPHORUM ANGUSTIFOLIUM,lygraold.no,1,0,-1,20.00955403,0.392104,5.5,13.32708698,0.2895,0.18,37.5,0.7875,GRAMINOID,PERENNIAL,GRAMINOID,41
257,ERIOPHORUM VAGINATUM,lygraold.no,12,1,-11,18.34176544,0.441666667,7.2,10.24422818,0.4,0.0933333,148.81,0.756666667,GRAMINOID,PERENNIAL,GRAMINOID,41
283,FESTUCA VIVIPARA,lygraint.no,2,1,-1,NA,0.065,NA,11.02,NA,NA,NA,NA,GRASS,PERENNIAL,GRASS,40
297,GALIUM SAXATILE,lygraint.no,1,2,1,25.1,0.175,NA,25.08983957,NA,NA,NA,NA,FORB,PERENNIAL,FORB,40
300,GENISTA SCORPIUS,ebro.es,5.560632001,4.166110667,-1.394521334,NA,1.5,NA,9.527159544,0.84,NA,NA,NA,SHRUB,PERENNIAL,LEGUME,22
304,GERANIUM MOLLE,cowidrt.ca,3.5,8.5,5,26.45,0.296666667,NA,23.20870159,0.53,0.329104478,289.9024475,0.112466667,FORB,THREE,FORB,19
305,GERANIUM PUSILLUM,jenadrt.de,12.33333333,54.33333333,42,17.47,0.2,NA,26.42,0.59,0.417391304,192.0238007,0.1212,FORB,BOTH,FORB,33
313,GYMNADENIA CONOPSEA,pineta.es,0.5,0.5,0,28.85621237,0.45,NA,19.92759166,0.07,NA,NA,NA,FORB,PERENNIAL,FORB,52
315,GYPSOPHILA STRUTHIUM,ciempoz.es,8.034,6.474,-1.56,16.70948548,0.6,NA,4.877171445,NA,NA,NA,NA,SHRUB,PERENNIAL,WOODY,17
316,GYPSOPHILA STRUTHIUM,ebro.es,2.835730333,5.02656,2.190829667,16.70948548,0.6,NA,4.877171445,NA,NA,NA,NA,SHRUB,PERENNIAL,WOODY,22
319,HELIANTHEMUM MARIFOLIUM,ebro.es,1.185808556,0.788599778,-0.397208778,NA,0.3,NA,7.659559676,0.28,NA,NA,NA,SHRUB,PERENNIAL,WOODY,22
322,HELIANTHEMUM SQUAMATUM,ebro.es,0.371756,0.36652,-0.005236,13.91070827,0.2,NA,5.358237548,0.65,NA,NA,NA,SUBSHRUB,PERENNIAL,WOODY,22
323,HELIANTHEMUM SQUAMATUM,ciempoz.es,1.514166667,1.31,-0.204166667,13.91070827,0.2,NA,5.358237548,0.65,NA,NA,NA,SUBSHRUB,PERENNIAL,WOODY,17
324,HELICHRYSUM STOECHAS,ebro.es,0.2258025,0.248273667,0.022471167,15.1,0.4,NA,14.05029913,0.52,0.652701216,6.114890701,0.49195,SHRUB,BOTH,WOODY,22
330,HEPATICA NOBILIS,pineta.es,3,1.75,-1.25,24,NA,NA,27.165,NA,NA,NA,NA,FORB,PERENNIAL,FORB,52
347,JUNIPERUS PHOENICEA,ebro.es,0.623084,0.456404667,-0.166679334,8.407,NA,NA,5.437737901,2.5,0.625121324,8.033595128,0.5192,SHRUB,PERENNIAL,WOODY,22
363,LEPIDIUM SUBULATUM,ciempoz.es,12.93785714,12.90428571,-0.033571426,19.94806715,0.3,NA,6.508870465,0.74,NA,NA,NA,SUBSHRUB,PERENNIAL,WOODY,17
393,LYSIMACHIA EUROPAEA,lygraint.no,1,1,0,32.8,0.09,NA,51,NA,NA,NA,NA,FORB,PERENNIAL,FORB,40
402,MOLINIA CAERULEA,lygraint.no,6,1,-5,19.7245873,0.699125,8.366751778,17.87260174,0.8,0.20066,56.8752851,0.269333333,GRASS,PERENNIAL,GRASS,40
403,MOLINIA CAERULEA,lygraold.no,1.5,7.333333333,5.833333333,19.7245873,0.699125,8.366751778,17.87260174,0.8,0.20066,56.8752851,0.269333333,GRASS,PERENNIAL,GRASS,41
406,NARTHECIUM OSSIFRAGUM,lygraold.no,3,2,-1,24.7,0.2325,NA,24.15,0.22,NA,NA,NA,FORB,PERENNIAL,FORB,41
410,NEOTTIA OVATA,pineta.es,1.75,1.333333333,-0.416666667,NA,0.32,NA,30.18571429,NA,NA,NA,NA,FORB,PERENNIAL,FORB,52
425,PEDICULARIS SYLVATICA,lygraint.no,1,1,0,NA,0.161666667,24.01,11.55,NA,NA,NA,NA,FORB,"BIENNIAL, PERENNIAL",FORB,40
474,POTENTILLA ERECTA,pineta.es,3,3,0,25.74581524,0.203633333,9.89,22.4188617,0.55,0.3627833,230,0.88602,FORB,PERENNIAL,FORB,52
475,POTENTILLA ERECTA,lygraold.no,3,8,5,25.74581524,0.203633333,9.89,22.4188617,0.55,0.3627833,230,0.88602,FORB,PERENNIAL,FORB,41
476,POTENTILLA ERECTA,lygraint.no,2.333333333,2.666666667,0.333333334,25.74581524,0.203633333,9.89,22.4188617,0.55,0.3627833,230,0.88602,FORB,PERENNIAL,FORB,40
487,PTILOTUS POLYSTACHYUS,ethadb.au,21,0.1,-20.9,23.98,1,NA,9.6,NA,NA,37,NA,FORB,PERENNIAL,FORB,25
531,SETARIA PARVIFLORA,yarradrt.au,3.333333333,2.04,-1.293333333,17.972,0.316785714,NA,26.31,NA,0.14029,NA,0.045,NULL,PERENNIAL,GRASS,62
546,SOLIDAGO VIRGAUREA,pineta.es,0,0.5,0.5,28.29400969,0.509,16.4,25.12385635,0.046,NA,4.546172562,0.524574564,FORB,PERENNIAL,FORB,52
552,SORBUS AUCUPARIA,lygraold.no,2,1,-1,22.42468397,12.84846655,10.49866006,18.97387301,0.7112,0.252348857,120.9392604,1.3965,TREE,PERENNIAL,WOODY,41
593,THYMELAEA TINCTORIA,ebro.es,3.45576,3.409508667,-0.046251333,NA,0.038,NA,7.45,1.46,NA,NA,NA,SHRUB,PERENNIAL,WOODY,22
601,TRICHOPHORUM CESPITOSUM,lygraold.no,12.5,6,-6.5,15.3,0.4,4.4,3.79,0.1,0.199,35.47,0.425,GRAMINOID,PERENNIAL,GRAMINOID,41
602,TRICHOPHORUM CESPITOSUM,lygraint.no,11,9.5,-1.5,15.3,0.4,4.4,3.79,0.1,0.199,35.47,0.425,GRAMINOID,PERENNIAL,GRAMINOID,40
603,TRIENTALIS EUROPEA,lygraold.no,1,1,0,NA,NA,NA,47.591,NA,NA,NA,NA,FORB,PERENNIAL,FORB,41
618,VACCINIUM MYRTILLUS,lygraold.no,15,10,-5,18.74819405,0.386262821,5.5077,20.04821764,0.007,0.094987,7,0.35,SUBSHRUB,PERENNIAL,WOODY,41
619,VACCINIUM MYRTILLUS,lygraint.no,2,4,2,18.74819405,0.386262821,5.5077,20.04821764,0.007,0.094987,7,0.35,SUBSHRUB,PERENNIAL,WOODY,40
620,VACCINIUM ULIGINOSUM,lygraint.no,1,1,0,19.4998079,0.470266667,4.2,13.90672208,0.2274,0.1278406,162.5,0.124,SUBSHRUB,PERENNIAL,WOODY,40
621,VACCINIUM ULIGINOSUM,lygraold.no,3.5,2,-1.5,19.4998079,0.470266667,4.2,13.90672208,0.2274,0.1278406,162.5,0.124,SUBSHRUB,PERENNIAL,WOODY,41
622,VACCINIUM VITIS-IDAEA,lygraold.no,10.33333333,9,-1.33333333,10.93425771,0.231449383,6.33333,9.170438572,0.2024,NA,NA,1.25,SUBSHRUB,PERENNIAL,WOODY,41
623,VACCINIUM VITIS-IDAEA,lygraint.no,7,7,0,10.93425771,0.231449383,6.33333,9.170438572,0.2024,NA,NA,1.25,SUBSHRUB,PERENNIAL,WOODY,40
1,ACAENA PINNATIFIDA,paike.ar,1,1,0,NA,0.025,NA,9.38,NA,NA,NA,NA,FORB,PERENNIAL,FORB,50
2,ACER MACROPHYLLUM,cowidrt.ca,1,0,-1,26.4,NA,15,29.548,0.6096,NA,NA,NA,TREE,PERENNIAL,WOODY,19
3,ACHILLEA MILLEFOLIUM,kernb.ca,2.666666667,3,0.333333333,19.234,0.559,4.8,7.859942857,0.2032,0.138977909,35.26726667,0.26778,FORB,PERENNIAL,FORB,35
4,ACHILLEA MILLEFOLIUM,cedartrait.us,1,0,-1,19.234,0.559,4.8,7.859942857,0.2032,0.138977909,35.26726667,0.26778,FORB,PERENNIAL,FORB,12
5,ACHILLEA MILLEFOLIUM,brookdale.ca,1.5,1,-0.5,19.234,0.559,4.8,7.859942857,0.2032,0.138977909,35.26726667,0.26778,FORB,PERENNIAL,FORB,8
6,ACHILLEA MILLEFOLIUM,kinsella.ca,15,15,0,19.234,0.559,4.8,7.859942857,0.2032,0.138977909,35.26726667,0.26778,FORB,PERENNIAL,FORB,37
7,ACHILLEA MILLEFOLIUM,jenadrt.de,0,1,1,19.234,0.559,4.8,7.859942857,0.2032,0.138977909,35.26726667,0.26778,FORB,PERENNIAL,FORB,33
8,ACHILLEA MILLEFOLIUM,oreac.us,1.833333333,1,-0.833333333,19.234,0.559,4.8,7.859942857,0.2032,0.138977909,35.26726667,0.26778,FORB,PERENNIAL,FORB,49
9,ACHILLEA MILLEFOLIUM,matador.ca,1,0,-1,19.234,0.559,4.8,7.859942857,0.2032,0.138977909,35.26726667,0.26778,FORB,PERENNIAL,FORB,43
10,ACHILLEA MILLEFOLIUM,allmendb.ch,1.25,1.416666667,0.166666667,19.234,0.559,4.8,7.859942857,0.2032,0.138977909,35.26726667,0.26778,FORB,PERENNIAL,FORB,1
11,ACHILLEA MILLEFOLIUM,hard.us,2,1.666666667,-0.333333333,19.234,0.559,4.8,7.859942857,0.2032,0.138977909,35.26726667,0.26778,FORB,PERENNIAL,FORB,30
12,ACHILLEA MILLEFOLIUM,elvadrt.ee,6.666666667,5.666666667,-1,19.234,0.559,4.8,7.859942857,0.2032,0.138977909,35.26726667,0.26778,FORB,PERENNIAL,FORB,23
13,ACHILLEA MILLEFOLIUM,allmendo.ch,0.75,1.25,0.5,19.234,0.559,4.8,7.859942857,0.2032,0.138977909,35.26726667,0.26778,FORB,PERENNIAL,FORB,2
14,AGASTACHE FOENICULUM,brookdale.ca,1.5,1.5,0,14.7,NA,NA,15.29,0.124,0.18,56.33396667,0.42,FORB,PERENNIAL,FORB,8
15,AGRIMONIA EUPATORIA,elvadrt.ee,1,1,0,14.78,0.087,14.78,13.66,1.55,0.1143,0.335,NA,FORB,PERENNIAL,FORB,23
18,AGROSTIS CAPILLARIS,pineta.es,37.16666667,2.166666667,-35,27.65006595,0.393022873,8.907142857,29.44748071,0.3048,0.230872486,141.2639378,0.128571429,GRASS,PERENNIAL,GRASS,52
19,AGROSTIS CAPILLARIS,lygraint.no,1,0,-1,27.65006595,0.393022873,8.907142857,29.44748071,0.3048,0.230872486,141.2639378,0.128571429,GRASS,PERENNIAL,GRASS,40
20,AGROSTIS MONTEVIDENSIS,marcdrt.ar,5.5,5.333333333,-0.166666667,NA,0.229358974,NA,12,NA,NA,NA,NA,FORB,PERENNIAL,GRASS,42
21,AGROSTIS RUPESTRIS,passogavia.it,1.7,1.7,0,17,0.035,NA,15.5,NA,NA,NA,NA,GRASS,PERENNIAL,GRASS,51
23,ALCHEMILLA PENTAPHYLLEA,passogavia.it,53.8,52,-1.8,37,NA,NA,21,NA,NA,NA,NA,FORB,PERENNIAL,FORB,51
24,ALLIONIA INCARNATA,cerrillos.ar,1.25,1.88,0.63,NA,0.4,NA,21.88917424,0.4,NA,10.31,0.665,FORB,PERENNIAL,FORB,13
25,ALLIUM ACUMINATUM,oreaa.us,1,0.5,-0.5,NA,0.3048,NA,8.45,0.1524,NA,NA,1.64,FORB,PERENNIAL,FORB,48
26,ALOPECURUS PRATENSIS,validate.fr,16.4,20.6,4.2,23.8325776,0.806266667,9.698958476,27.30021588,0.3048,0.069943613,230.6921222,0.305414955,GRASS,PERENNIAL,GRASS,61
28,AMBROSIA PSILOSTACHYA,slp.us,10.33333333,1,-9.33333333,23.246,0.4385,12.9,15.82842,0.99,0.37,72.86943333,0.44,FORB,PERENNIAL,FORB,58
29,AMBROSIA PSILOSTACHYA,konzadrt.us,11.8,0,-11.8,23.246,0.4385,12.9,15.82842,0.99,0.37,72.86943333,0.44,FORB,PERENNIAL,FORB,38
30,AMBROSIA PSILOSTACHYA,oklah.us,19,11,-8,23.246,0.4385,12.9,15.82842,0.99,0.37,72.86943333,0.44,FORB,PERENNIAL,FORB,47
31,AMBROSIA TENUIFOLIA,marcdrt.ar,1,2,1,18.2,4.572,NA,9.366271504,0.6096,NA,NA,NA,FORB,PERENNIAL,FORB,42
32,AMBROSIA TENUIFOLIA,chilcasdrt.ar,2.958333333,0.25,-2.708333333,18.2,4.572,NA,9.366271504,0.6096,NA,NA,NA,FORB,PERENNIAL,FORB,16
33,AMORPHA CANESCENS,cedarsav.us,6.75,3.5,-3.25,22.25861206,0.446,27.18327333,13.80561828,0.508,0.59,45.95532256,0.19,FORB,PERENNIAL,LEGUME,11
34,AMORPHA CANESCENS,cedartrait.us,0,2,2,22.25861206,0.446,27.18327333,13.80561828,0.508,0.59,45.95532256,0.19,FORB,PERENNIAL,LEGUME,12
36,ANDROPOGON GERARDII,cedarsav.us,8.8,9,0.2,11.43191184,1.43,14.4,7.475763032,0.508,0.2,65.1,0.7,GRASS,PERENNIAL,GRASS,11
37,ANDROPOGON GERARDII,brookdale.ca,2.611111111,1.25,-1.361111111,11.43191184,1.43,14.4,7.475763032,0.508,0.2,65.1,0.7,GRASS,PERENNIAL,GRASS,8
38,ANDROPOGON GERARDII,cedartrait.us,6.4,1,-5.4,11.43191184,1.43,14.4,7.475763032,0.508,0.2,65.1,0.7,GRASS,PERENNIAL,GRASS,12
39,ANDROPOGON GERARDII,konzadrt.us,53.6,15,-38.6,11.43191184,1.43,14.4,7.475763032,0.508,0.2,65.1,0.7,GRASS,PERENNIAL,GRASS,38
40,ANTHOXANTHUM ODORATUM,lygraint.no,0,1,1,23.59023243,0.383753535,8.005555556,24.91123988,0.155,0.107066623,344.3025853,0.111111111,GRASS,PERENNIAL,GRASS,40
41,ANTHOXANTHUM ODORATUM,cowidrt.ca,3.4,1,-2.4,23.59023243,0.383753535,8.005555556,24.91123988,0.155,0.107066623,344.3025853,0.111111111,GRASS,PERENNIAL,GRASS,19
42,ANTHOXANTHUM ODORATUM,passogavia.it,0,0.2,0.2,23.59023243,0.383753535,8.005555556,24.91123988,0.155,0.107066623,344.3025853,0.111111111,GRASS,PERENNIAL,GRASS,51
43,ANTHOXANTHUM ODORATUM,rhijn.nl,0,4.333333333,4.333333333,23.59023243,0.383753535,8.005555556,24.91123988,0.155,0.107066623,344.3025853,0.111111111,GRASS,PERENNIAL,GRASS,53
44,ANTHOXANTHUM ODORATUM,elvadrt.ee,1.5,1.333333333,-0.166666667,23.59023243,0.383753535,8.005555556,24.91123988,0.155,0.107066623,344.3025853,0.111111111,GRASS,PERENNIAL,GRASS,23
45,ANTHYLLIS VULNERARIA,allmendo.ch,1.5,1.916666667,0.416666667,32.33118574,0.2845,19.6042,18.21819656,1.7,0.22014466,149.3012403,0.25,FORB,PERENNIAL,LEGUME,2
47,APHYLLANTHES MONSPELIENSIS,ayora.es,1,0,-1,21.4,0.22,NA,5,0.8,NA,NA,NA,FORB,PERENNIAL,FORB,4
49,ARGYROLOBIUM ZANONII,ayora.es,1,0,-1,22.77,0.1,NA,13,0.72,NA,NA,NA,SUBSHRUB,PERENNIAL,LEGUME,4
53,ARISTIDA JUNCIFORMIS,ukulingadrt.za,9,25,16,9.7441916,NA,NA,8.6,NA,NA,NA,NA,GRASS,PERENNIAL,GRASS,60
54,ARMERIA MARITIMA,paike.ar,1,1,0,17,0.308106667,9.3,21.1502,0.254,0.2612175,57.875,0.221876923,FORB,PERENNIAL,FORB,50
55,ARRHENATHERUM ELATIUS,rhijn.nl,20,23.33333333,3.333333333,25.84,0.857,8.902914385,29.67,0.3556,0.119407807,190.1954961,0.304707692,"GRASS, Forb (Jena)",PERENNIAL,GRASS,53
56,ARRHENATHERUM ELATIUS,validate.fr,9.6,11.6,2,25.84,0.857,8.902914385,29.67,0.3556,0.119407807,190.1954961,0.304707692,"GRASS, Forb (Jena)",PERENNIAL,GRASS,61
57,ARTEMISIA CANA,oreac.us,34.5,28,-6.5,24,1.524,NA,10.06,0.508,0.261669741,55.91952402,0.31,SHRUB,PERENNIAL,WOODY,49
58,ARTEMISIA FRIGIDA,matador.ca,1.333333333,1.166666667,-0.166666666,27.14787037,0.6096,13.115,15.13958917,0.2032,0.362103739,34.74405462,0.188200863,"FORB, Subshrub (Kinsella, Mattheis), Shrub (North Platte)",PERENNIAL,WOODY,43
59,ARTEMISIA FRIGIDA,biddulph.ca,2,10,8,27.14787037,0.6096,13.115,15.13958917,0.2032,0.362103739,34.74405462,0.188200863,"FORB, Subshrub (Kinsella, Mattheis), Shrub (North Platte)",PERENNIAL,WOODY,7
60,ARTEMISIA FRIGIDA,kernb.ca,6.666666667,6.666666667,-3.33E-10,27.14787037,0.6096,13.115,15.13958917,0.2032,0.362103739,34.74405462,0.188200863,"FORB, Subshrub (Kinsella, Mattheis), Shrub (North Platte)",PERENNIAL,WOODY,35
61,ARTEMISIA FRIGIDA,kernnu.ca,0,0.5,0.5,27.14787037,0.6096,13.115,15.13958917,0.2032,0.362103739,34.74405462,0.188200863,"FORB, Subshrub (Kinsella, Mattheis), Shrub (North Platte)",PERENNIAL,WOODY,36
62,ARTEMISIA FRIGIDA,kinsella.ca,14.5,14.5,0,27.14787037,0.6096,13.115,15.13958917,0.2032,0.362103739,34.74405462,0.188200863,"FORB, Subshrub (Kinsella, Mattheis), Shrub (North Platte)",PERENNIAL,WOODY,37
63,ARTEMISIA FRIGIDA,mattheis.ca,17.6,10,-7.6,27.14787037,0.6096,13.115,15.13958917,0.2032,0.362103739,34.74405462,0.188200863,"FORB, Subshrub (Kinsella, Mattheis), Shrub (North Platte)",PERENNIAL,WOODY,44
64,ARTEMISIA LUDOVICIANA,kernnu.ca,3,2.5,-0.5,19.24454545,0.597,11.63,16.4954108,0.2032,0.222016659,76.92231348,0.31821746,FORB,PERENNIAL,FORB,36
65,ARTEMISIA LUDOVICIANA,biddulph.ca,1,3,2,19.24454545,0.597,11.63,16.4954108,0.2032,0.222016659,76.92231348,0.31821746,FORB,PERENNIAL,FORB,7
66,ARTEMISIA LUDOVICIANA,kernb.ca,3,1.75,-1.25,19.24454545,0.597,11.63,16.4954108,0.2032,0.222016659,76.92231348,0.31821746,FORB,PERENNIAL,FORB,35
67,ARTEMISIA LUDOVICIANA,brookdale.ca,1.95,1.458333333,-0.491666667,19.24454545,0.597,11.63,16.4954108,0.2032,0.222016659,76.92231348,0.31821746,FORB,PERENNIAL,FORB,8
68,ARTEMISIA LUDOVICIANA,cedarsav.us,1,2,1,19.24454545,0.597,11.63,16.4954108,0.2032,0.222016659,76.92231348,0.31821746,FORB,PERENNIAL,FORB,11
69,ARTEMISIA TRIDENTATA,nplatte.us,0,3,3,15.26666667,2.0334,NA,7.24415531,0.508,NA,76.06224385,0.485315,SHRUB,PERENNIAL,WOODY,46
70,ARTEMISIA TRIDENTATA,hard.us,35,35,0,15.26666667,2.0334,NA,7.24415531,0.508,NA,76.06224385,0.485315,SHRUB,PERENNIAL,WOODY,30
71,ASCLEPIAS VIRIDIS,konzadrt.us,3,0,-3,NA,0.456,NA,10.46681531,NA,0.320746666,41.57111916,0.36446,FORB,PERENNIAL,FORB,38
72,ASPERULA CYNANCHICA,allmendo.ch,2.375,2.375,0,NA,0.284375,NA,27.91666667,0.93,0.3908625,22.875,0.16639,FORB,PERENNIAL,FORB,2
73,ASPERULA CYNANCHICA,allmendb.ch,0.25,0.25,0,NA,0.284375,NA,27.91666667,0.93,0.3908625,22.875,0.16639,FORB,PERENNIAL,FORB,1
74,ASPERULA GUNNII,falls.au,0,0.5,0.5,NA,0.432,NA,21.796842,NA,NA,NA,NA,FORB,PERENNIAL,FORB,27
75,ASTEROLASIA TRYMALIOIDES,falls.au,0.75,0.5,-0.25,NA,0.54,NA,4.969295,NA,NA,NA,NA,SHRUB,PERENNIAL,WOODY,27
82,BELLIS PERENNIS,jenadrt.de,5,1.333333333,-3.666666667,17.81,0.165,8.4,34.15,0.18,0.130088142,324.9590331,0.243322583,FORB,PERENNIAL,FORB,33
83,BERBERIS NERVOSA,cowidrt.ca,50,20,-30,NA,0.6096,NA,10.38,0.4064,NA,18.14285714,NA,SHRUB,PERENNIAL,WOODY,19
84,BOERHAVIA DIFFUSA,cerrillos.ar,0.63,1.25,0.62,NA,0.55,NA,20.76,1.2,NA,14.29,NA,FORB,PERENNIAL,FORB,13
85,BOTHRIOCHLOA LAGUROIDES,oklah.us,7.75,0,-7.75,NA,NA,NA,26,NA,NA,NA,NA,GRASS,PERENNIAL,GRASS,47
87,BOUTELOUA CURTIPENDULA,konzadrt.us,3.5,20,16.5,8.7,0.427,8.84,14.60867,0.3048,0.19,94.40056667,0.032,GRASS,PERENNIAL,GRASS,38
88,BOUTELOUA GRACILIS,nplatte.us,20.8,5.142857143,-15.65714286,15.416,0.345,14.76,12.868115,0.135,0.447182567,118.8815333,0.192729167,GRASS,PERENNIAL,GRASS,46
89,BOUTELOUA GRACILIS,mattheis.ca,26,23,-3,15.416,0.345,14.76,12.868115,0.135,0.447182567,118.8815333,0.192729167,GRASS,PERENNIAL,GRASS,44
90,BOUTELOUA GRACILIS,cedartrait.us,8,0,-8,15.416,0.345,14.76,12.868115,0.135,0.447182567,118.8815333,0.192729167,GRASS,PERENNIAL,GRASS,12
92,BRACHYPODIUM PINNATUM,pineta.es,15.5,4.5,-11,18.10766667,0.540866667,7.10106212,23.9927357,0.1,0.186379697,207.6695041,0.22129993,GRASS,PERENNIAL,GRASS,52
93,BRACHYPODIUM PINNATUM,allmendo.ch,6.083333333,4.5,-1.583333333,18.10766667,0.540866667,7.10106212,23.9927357,0.1,0.186379697,207.6695041,0.22129993,GRASS,PERENNIAL,GRASS,2
94,BRACHYPODIUM PINNATUM,allmendb.ch,13,11.58333333,-1.416666667,18.10766667,0.540866667,7.10106212,23.9927357,0.1,0.186379697,207.6695041,0.22129993,GRASS,PERENNIAL,GRASS,1
95,BRACHYPODIUM RETUSUM,ayora.es,24.33333333,30,5.66666667,7.1,0.4,NA,16.24363109,0.2586667,NA,25.86916574,0.85,GRASS,PERENNIAL,GRASS,4
104,BROMUS ERECTUS,allmendo.ch,15.66666667,15.25,-0.41666667,18.81892435,0.717333333,7.243150315,21.09580137,0.894,0.174709631,157.1212818,0.273789089,GRASS,PERENNIAL,GRASS,2
105,BROMUS ERECTUS,allmendb.ch,22.08333333,17.58333333,-4.499999997,18.81892435,0.717333333,7.243150315,21.09580137,0.894,0.174709631,157.1212818,0.273789089,GRASS,PERENNIAL,GRASS,1
108,BROMUS INERMIS,brookdale.ca,3.65,2.4,-1.25,21.49936399,0.81,17.20145333,17.7899321,0.3048,0.268601793,108.7724975,0.281416667,GRASS,PERENNIAL,GRASS,8
114,BROMUS SETIFOLIUS,paike.ar,2.5,2.5,0,NA,0.102,NA,20.31,NA,NA,NA,NA,GRASS,PERENNIAL,GRASS,50
119,CALAMOVILFA LONGIFOLIA,cedarsav.us,5,2.5,-2.5,13.59,0.968,5.2246,10.96892152,0.508,0.18,33,0.48,GRAMINOID,PERENNIAL,GRASS,11
120,CALLUNA VULGARIS,lygraold.no,83.33333333,91.66666667,8.333333337,13.57486595,0.555785714,4.11401,14.28693018,0.3,NA,13.62532988,0.2553,"SHRUB, subshrub (Lygra_intermediate, Lygra_old)",PERENNIAL,WOODY,41
121,CALLUNA VULGARIS,lygraint.no,78.33333333,81.33333333,3.000000003,13.57486595,0.555785714,4.11401,14.28693018,0.3,NA,13.62532988,0.2553,"SHRUB, subshrub (Lygra_intermediate, Lygra_old)",PERENNIAL,WOODY,40
122,CALLUNA VULGARIS,hyide.de,65.66666667,90,24.33333333,13.57486595,0.555785714,4.11401,14.28693018,0.3,NA,13.62532988,0.2553,"SHRUB, subshrub (Lygra_intermediate, Lygra_old)",PERENNIAL,WOODY,32
123,CALLUNA VULGARIS,hoide.de,85,89.33333333,4.333333333,13.57486595,0.555785714,4.11401,14.28693018,0.3,NA,13.62532988,0.2553,"SHRUB, subshrub (Lygra_intermediate, Lygra_old)",PERENNIAL,WOODY,31
125,CALYLOPHUS SERRULATUS,oklah.us,15,15,0,NA,NA,NA,11.69,1.33,NA,NA,NA,FORB,PERENNIAL,FORB,47
126,CAMASSIA QUAMASH,cowidrt.ca,5,5,0,NA,0.70104,NA,12.08,0.254,NA,NA,NA,GRASS,PERENNIAL,FORB,19
127,CAMPANULA PATULA,elvadrt.ee,1,1,0,NA,0.4375,14.26593954,33.98333333,0.29,0.0375,NA,0.265133333,FORB,PERENNIAL,FORB,23
128,CAMPANULA ROTUNDIFOLIA,kernnu.ca,0.5,0.666666667,0.166666667,21.08333333,0.452,13.14618087,22.94812699,1.125,0.146551312,475.6578007,0.141566667,FORB,PERENNIAL,FORB,36
129,CAMPANULA ROTUNDIFOLIA,biddulph.ca,4,7,3,21.08333333,0.452,13.14618087,22.94812699,1.125,0.146551312,475.6578007,0.141566667,FORB,PERENNIAL,FORB,7
130,CAMPANULA ROTUNDIFOLIA,kernb.ca,0.5,0.5,0,21.08333333,0.452,13.14618087,22.94812699,1.125,0.146551312,475.6578007,0.141566667,FORB,PERENNIAL,FORB,35
133,CAREX ARENARIA,hyide.de,1.333333333,8.333333333,7,19.12604168,0.384259259,NA,14.42164292,1.02,NA,NA,NA,GRAMINOID,PERENNIAL,GRAMINOID,32
134,CAREX ARENARIA,hoide.de,1.666666667,10,8.333333333,19.12604168,0.384259259,NA,14.42164292,1.02,NA,NA,NA,GRAMINOID,PERENNIAL,GRAMINOID,31
135,CAREX BREVICULMIS,falls.au,0.75,0.75,0,18.30157885,0.05,NA,14.60009466,NA,NA,NA,NA,GRASS,PERENNIAL,GRAMINOID,27
136,CAREX BREVIOR,konzadrt.us,0.1,2.8,2.7,NA,0.254,NA,21.15675902,NA,NA,NA,NA,GRAMINOID,PERENNIAL,GRAMINOID,38
137,CAREX CARYOPHYLLEA,allmendb.ch,16.5,14.58333333,-1.916666667,18,0.223333333,NA,18.76023077,0.2,NA,NA,0.0784,GRAMINOID,PERENNIAL,GRAMINOID,1
138,CAREX CARYOPHYLLEA,allmendo.ch,14.16666667,12.08333333,-2.083333337,18,0.223333333,NA,18.76023077,0.2,NA,NA,0.0784,GRAMINOID,PERENNIAL,GRAMINOID,2
139,CAREX CURVULA,passogavia.it,42,39.8,-2.2,12,NA,NA,9.999104145,0.65,NA,NA,NA,GRAMINOID,PERENNIAL,GRAMINOID,51
140,CAREX DISTACHYA,ayora.es,2.5,1,-1.5,NA,0.1756,NA,4.8,0.91,NA,NA,NA,GRAMINOID,PERENNIAL,FORB,4
143,CAREX FLACCA,allmendb.ch,0.25,0.25,0,17.07498081,0.37125,4.956666667,14.4018786,0.83,0.169025277,218.7926062,0.380313725,GRAMINOID,PERENNIAL,GRAMINOID,1
144,CAREX FLACCA,allmendo.ch,1.5,1,-0.5,17.07498081,0.37125,4.956666667,14.4018786,0.83,0.169025277,218.7926062,0.380313725,GRAMINOID,PERENNIAL,GRAMINOID,2
145,CAREX HEBES,falls.au,0.5,0.5,0,NA,NA,NA,19.096154,NA,NA,NA,NA,GRASS,PERENNIAL,GRAMINOID,27
149,CELMISIA COSTINIANA,falls.au,48.33333333,55,6.66666667,NA,0.515,NA,9.655537,NA,NA,NA,NA,FORB,PERENNIAL,FORB,27
150,CENCHRUS CILIARIS,cerrillos.ar,1.25,0.63,-0.62,18.5,0.9144,6.5,14.69,0.508,NA,NA,NA,GRASS,PERENNIAL,GRASS,13
152,CENTAUREA JACEA,allmendo.ch,2.25,2.375,0.125,25.06160617,0.8275,11.34202,21.9478316,0.155,0.133545753,116.6184597,0.328737037,FORB,PERENNIAL,FORB,2
153,CENTAUREA JACEA,allmendb.ch,1.5,1.25,-0.25,25.06160617,0.8275,11.34202,21.9478316,0.155,0.133545753,116.6184597,0.328737037,FORB,PERENNIAL,FORB,1
154,CENTAUREA JACEA,rhijn.nl,6.5,5,-1.5,25.06160617,0.8275,11.34202,21.9478316,0.155,0.133545753,116.6184597,0.328737037,FORB,PERENNIAL,FORB,53
155,CENTAUREA SCABIOSA,allmendo.ch,1.75,1.166666667,-0.583333333,22.3,0.9625,NA,16.2315625,2.708833,NA,NA,NA,FORB,PERENNIAL,FORB,2
156,CENTAUREA SCABIOSA,allmendb.ch,7.25,7.25,0,22.3,0.9625,NA,16.2315625,2.708833,NA,NA,NA,FORB,PERENNIAL,FORB,1
158,CERASTIUM ARVENSE,cmss.us,5,9,4,NA,0.188888889,NA,21.10181624,0.22,0.486326636,91.58154988,0.188766667,FORB,PERENNIAL,FORB,18
159,CERASTIUM ARVENSE,elvadrt.ee,1,1,0,NA,0.188888889,NA,21.10181624,0.22,0.486326636,91.58154988,0.188766667,FORB,PERENNIAL,FORB,23
160,CERASTIUM ARVENSE,kernb.ca,1.25,0.5,-0.75,NA,0.188888889,NA,21.10181624,0.22,0.486326636,91.58154988,0.188766667,FORB,PERENNIAL,FORB,35
161,CERASTIUM ARVENSE,biddulph.ca,2,0.5,-1.5,NA,0.188888889,NA,21.10181624,0.22,0.486326636,91.58154988,0.188766667,FORB,PERENNIAL,FORB,7
162,CERASTIUM ARVENSE,kernnu.ca,0.75,2,1.25,NA,0.188888889,NA,21.10181624,0.22,0.486326636,91.58154988,0.188766667,FORB,PERENNIAL,FORB,36
163,CERASTIUM ARVENSE,cowidrt.ca,1.5,2,0.5,NA,0.188888889,NA,21.10181624,0.22,0.486326636,91.58154988,0.188766667,FORB,PERENNIAL,FORB,19
164,CERASTIUM ARVENSE,paike.ar,1,1,0,NA,0.188888889,NA,21.10181624,0.22,0.486326636,91.58154988,0.188766667,FORB,PERENNIAL,FORB,50
165,CERASTIUM ARVENSE,matador.ca,0.75,0.5,-0.25,NA,0.188888889,NA,21.10181624,0.22,0.486326636,91.58154988,0.188766667,FORB,PERENNIAL,FORB,43
166,CERASTIUM FONTANUM,jenadrt.de,0.5,0.75,0.25,24.9755,0.218333333,8.721238939,25.83139407,NA,0.133299797,101.6244572,0.282,FORB,PERENNIAL,FORB,33
170,CHLOROGALUM POMERIDIANUM,scruzh.us,2.4691358,2,-0.4691358,28.9,NA,NA,12.962,NA,NA,NA,NA,FORB,PERENNIAL,FORB,55
171,CHONDROSUM ERIOPODUM,antelope.us,5.68125,2.764285714,-2.916964286,14.8969364,NA,NA,18.54844313,NA,NA,NA,0.03,GRAMINOID,PERENNIAL,GRASS,3
172,CHONDROSUM ERIOPODUM,jorndrt.us,27.33333333,11.33333333,-16,14.8969364,NA,NA,18.54844313,NA,NA,NA,0.03,GRAMINOID,PERENNIAL,GRASS,34
173,CIRSIUM ARVENSE,esw.ca,1.5,1.333333333,-0.166666667,29.75611991,0.84284049,15.2,16.60803212,1.853333,NA,64,0.71,FORB,PERENNIAL,FORB,24
174,CIRSIUM ARVENSE,brookdale.ca,2.133333333,1.6,-0.533333333,29.75611991,0.84284049,15.2,16.60803212,1.853333,NA,64,0.71,FORB,PERENNIAL,FORB,8
175,CIRSIUM ARVENSE,baddrt.de,3.3,0.75,-2.55,29.75611991,0.84284049,15.2,16.60803212,1.853333,NA,64,0.71,FORB,PERENNIAL,FORB,5
177,CISTUS ALBIDUS,ayora.es,14.66666667,23.66666667,8.999999997,13.70833333,1,NA,15.54983587,NA,0.775024053,6.965677795,0.4331,SHRUB,PERENNIAL,WOODY,4
178,CISTUS CLUSII,ayora.es,5,2,-3,17.575,1,NA,15.66073822,NA,NA,NA,NA,SHRUB,PERENNIAL,WOODY,4
182,COMANDRA UMBELLATA,cedarsav.us,6.666666667,3.333333333,-3.333333334,21.0594,NA,NA,18.08533756,NA,0.334821433,31.36179282,0.321385714,FORB,PERENNIAL,FORB,11
183,COMANDRA UMBELLATA,matador.ca,3.5,3.5,0,21.0594,NA,NA,18.08533756,NA,0.334821433,31.36179282,0.321385714,FORB,PERENNIAL,FORB,43
184,COMANDRA UMBELLATA,brookdale.ca,0,1,1,21.0594,NA,NA,18.08533756,NA,0.334821433,31.36179282,0.321385714,FORB,PERENNIAL,FORB,8
185,COMMELINA CYANEA,yarradrt.au,2,8.16,6.16,30.634,0.1,NA,34.85,NA,0.12642,NA,0.05284,FORB,PERENNIAL,FORB,62
186,CONVOLVULUS ARVENSIS,jenadrt.de,2,2,0,27.77,0.048,12.29,17.215475,2.24,0.5298167,31.40813333,NA,FORB,PERENNIAL,FORB,33
187,CONVOLVULUS ARVENSIS,scruzm.us,1.0989011,0,-1.0989011,27.77,0.048,12.29,17.215475,2.24,0.5298167,31.40813333,NA,FORB,PERENNIAL,FORB,57
188,CORDOBIA ARGENTEA,cerrillos.ar,8.753333333,11.67,2.916666667,27.9,NA,NA,5.52599535,NA,NA,NA,NA,VINE,PERENNIAL,WOODY,13
189,COREOPSIS PALMATA,cedartrait.us,13,4.333333333,-8.666666667,12.06502778,0.614,18.5591,18.06209157,NA,0.1,82.33333333,0.33,FORB,PERENNIAL,FORB,12
190,COREOPSIS PALMATA,cedarsav.us,6.666666667,4,-2.666666667,12.06502778,0.614,18.5591,18.06209157,NA,0.1,82.33333333,0.33,FORB,PERENNIAL,FORB,11
192,CREPIS BIENNIS,jenadrt.de,2,2,0,18.28,0.183,10.22761651,19.04,0.99,0.113427835,154.7062535,0.425214286,FORB,PERENNIAL,FORB,33
193,CREPIS BIENNIS,baddrt.de,6.5,3,-3.5,18.28,0.183,10.22761651,19.04,0.99,0.113427835,154.7062535,0.425214286,FORB,PERENNIAL,FORB,5
194,CREPIS BIENNIS,allmendb.ch,0.5,0.25,-0.25,18.28,0.183,10.22761651,19.04,0.99,0.113427835,154.7062535,0.425214286,FORB,PERENNIAL,FORB,1
200,CYMBOPOGON CAESIUS,ukulingadrt.za,6.5,40.25,33.75,13.857227,NA,NA,17.88,NA,NA,NA,NA,GRASS,PERENNIAL,GRASS,60
201,CYNODON DACTYLON,sclaudio.ar,1,6.5,5.5,16.887,0.235788519,NA,16.61,0.3556,0.51,26.34,0.071,GRAMINOID,PERENNIAL,GRASS,54
202,CYNODON DACTYLON,yarradrt.au,47.5,66.325,18.825,16.887,0.235788519,NA,16.61,0.3556,0.51,26.34,0.071,GRAMINOID,PERENNIAL,GRASS,62
203,CYNOSURUS CRISTATUS,rhijn.nl,0,1,1,20.5,0.588,8.98,25.76472222,0.22,0.3312667,24.6,0.705,GRASS,PERENNIAL,GRASS,53
204,CYPERUS ERAGROSTIS,chilcasdrt.ar,0.25,0.25,0,NA,0.9,NA,14.342367,NA,NA,NA,NA,GRAMINOID,PERENNIAL,GRAMINOID,16
205,DACTYLIS GLOMERATA,cowidrt.ca,4.25,2.25,-2,25.72069341,0.671309259,10.15714286,26.04843708,0.3048,0.138583824,304.2076965,0.142857143,GRASS,PERENNIAL,GRASS,19
206,DACTYLIS GLOMERATA,rhijn.nl,20,24.33333333,4.333333333,25.72069341,0.671309259,10.15714286,26.04843708,0.3048,0.138583824,304.2076965,0.142857143,GRASS,PERENNIAL,GRASS,53
207,DACTYLIS GLOMERATA,elvadrt.ee,11.66666667,5,-6.66666667,25.72069341,0.671309259,10.15714286,26.04843708,0.3048,0.138583824,304.2076965,0.142857143,GRASS,PERENNIAL,GRASS,23
208,DACTYLIS GLOMERATA,validate.fr,29.6,19,-10.6,25.72069341,0.671309259,10.15714286,26.04843708,0.3048,0.138583824,304.2076965,0.142857143,GRASS,PERENNIAL,GRASS,61
211,DALEA PURPUREA,oklah.us,9,9,0,14.1,0.5272,13.9583,13.02080619,1.525,0.174143261,73.40507735,0.341785714,FORB,PERENNIAL,LEGUME,47
212,DANTHONIA CALIFORNICA,oreaa.us,8.166666667,8.166666667,-3.33E-10,21.1,0.6096,NA,46.56,0.4064,NA,NA,NA,GRASS,PERENNIAL,GRASS,48
213,DANTHONIA CALIFORNICA,scruzh.us,15.1898734,0,-15.1898734,21.1,0.6096,NA,46.56,0.4064,NA,NA,NA,GRASS,PERENNIAL,GRASS,55
217,DESCHAMPSIA CESPITOSA,paike.ar,1,1,0,19.38145224,0.623466667,9.504294333,15.38069921,1.23,0.170736151,364.9892355,0.206048414,GRASS,PERENNIAL,GRASS,50
218,DESCHAMPSIA FLEXUOSA,lygraint.no,1,5,4,21.14852266,0.40801415,6.90123,17.19285365,0.2032,0.386033,196.6766667,0.27,GRASS,PERENNIAL,GRASS,40
219,DESCHAMPSIA FLEXUOSA,hoide.de,3.666666667,15,11.33333333,21.14852266,0.40801415,6.90123,17.19285365,0.2032,0.386033,196.6766667,0.27,GRASS,PERENNIAL,GRASS,31
220,DESMANTHUS ILLINOENSIS,oklah.us,15,3,-12,38.8,0.9144,NA,9.88,NA,0.3048,45.09036443,0.25,FORB,PERENNIAL,LEGUME,47
221,DICHANTHELIUM OLIGOSANTHES,bfl.us,32,7,-25,12.8,0.2083,4.73,23.2764706,NA,NA,7.466,0.36,GRASS,PERENNIAL,GRASS,6
222,DICHANTHELIUM OLIGOSANTHES,konzadrt.us,2.8,2,-0.8,12.8,0.2083,4.73,23.2764706,NA,NA,7.466,0.36,GRASS,PERENNIAL,GRASS,38
223,DICHANTHELIUM OLIGOSANTHES,oklah.us,11,7,-4,12.8,0.2083,4.73,23.2764706,NA,NA,7.466,0.36,GRASS,PERENNIAL,GRASS,47
224,DIHETEROPOGON AMPLECTENS,ukulingadrt.za,5,0,-5,7.1951461,NA,NA,15.69,NA,NA,NA,NA,GRASS,PERENNIAL,GRASS,60
226,DORYCNIUM PENTAPHYLLUM,ayora.es,8,12,4,24.5,0.4,NA,20.8,1.17,0.56,3.83,NA,SUBSHRUB,PERENNIAL,LEGUME,4
228,ECHIUM VULGARE,allmendb.ch,0.375,0.375,0,23.6,0.716666667,NA,14.45,2.57,NA,NA,0.385,FORB,PERENNIAL,FORB,1
229,EHRHARTA STIPOIDES,yarradrt.au,61.25,14.29,-46.96,25.541,NA,NA,21.72,NA,0.72,NA,0.043,GRASS,PERENNIAL,GRASS,62
230,ELYMUS ELYMOIDES,oreac.us,5.833333333,2.875,-2.958333333,13.572,0.4235,10.19,13.868725,0.3048,0.387230769,48.4183,0.62,GRASS,PERENNIAL,GRASS,49
231,ELYMUS ELYMOIDES,oreaa.us,7.7,3.5,-4.2,13.572,0.4235,10.19,13.868725,0.3048,0.387230769,48.4183,0.62,GRASS,PERENNIAL,GRASS,48
232,ELYMUS GLAUCUS,cowidrt.ca,6,5,-1,20.02,1.00584,10.4,14.9305,0.3048,0.49,34.8825,NA,"GRASS, forb (SantaCruzHigh)",PERENNIAL,GRASS,19
233,ELYMUS LANCEOLATUS,kinsella.ca,1,1,0,25.371642,NA,NA,22.74526261,1.25,0.30820288,94.78007133,0.221186667,GRASS,PERENNIAL,GRASS,37
234,ELYMUS REPENS,brookdale.ca,1,1,0,26.17661742,0.605442518,16.42030861,22.79877956,0.3556,0.220460629,91.89875611,0.258457785,GRASS,PERENNIAL,GRASS,8
235,ELYMUS REPENS,jenadrt.de,0.5,2.25,1.75,26.17661742,0.605442518,16.42030861,22.79877956,0.3556,0.220460629,91.89875611,0.258457785,GRASS,PERENNIAL,GRASS,33
236,ELYMUS SMITHII,biddulph.ca,0.5,0.5,0,28.0185,0.6096,17.06975875,31.74700117,0.508,NA,73.5,NA,GRAMINOID,PERENNIAL,GRASS,7
237,EMPETRUM NIGRUM,lygraint.no,2,2.5,0.5,11.54888567,0.271133333,6.06,9.729822391,0.2532,0.0857764,NA,NA,SHRUB,PERENNIAL,WOODY,40
238,EMPETRUM NIGRUM,lygraold.no,4.5,8,3.5,11.54888567,0.271133333,6.06,9.729822391,0.2532,0.0857764,NA,NA,SHRUB,PERENNIAL,WOODY,41
239,ENNEAPOGON POLYPHYLLUS,credoj.au,0,0.5,0.5,10.55,0.325,3.7,7.035333333,NA,0.44,NA,0.6,GRASS,PERENNIAL,GRASS,20
240,ENNEAPOGON POLYPHYLLUS,credom.au,1,0.5,-0.5,10.55,0.325,3.7,7.035333333,NA,0.44,NA,0.6,GRASS,PERENNIAL,GRASS,21
241,EPILOBIUM ANGUSTIFOLIUM,baddrt.de,1.05,0.2,-0.85,26.69696541,1.0483,NA,19.77553761,0.627,NA,261.095,NA,FORB,PERENNIAL,FORB,5
244,EPILOBIUM TETRAGONUM,baddrt.de,0.8,0.1,-0.7,NA,0.720833333,NA,15.9,NA,NA,NA,NA,FORB,PERENNIAL,FORB,5
246,EQUISETUM ARVENSE,elvadrt.ee,1.333333333,1,-0.333333333,20.06733732,0.344317143,NA,13.18450744,0.2262,NA,NA,NA,FORB,PERENNIAL,FORB,23
247,ERAGROSTIS CURVULA,yarradrt.au,0,4.76,4.76,15.862,0.9144,5.6,10.92,0.3556,0.674737064,NA,0.071,GRASS,PERENNIAL,GRASS,62
261,ESCHSCHOLZIA CALIFORNICA,scruzm.us,4.350330267,10,5.649669733,46.6,0.405253333,NA,27.92808564,0.254,0.015053333,527.2,0.24385,FORB,PERENNIAL,FORB,57
262,EUPHORBIA CYPARISSIAS,allmendb.ch,2,2,0,29,0.2375,8.96,23.6,0.89,0.411,6.4,0.699,FORB,PERENNIAL,FORB,1
263,EUPHORBIA CYPARISSIAS,allmendo.ch,1.75,1.25,-0.5,29,0.2375,8.96,23.6,0.89,0.411,6.4,0.699,FORB,PERENNIAL,FORB,2
264,EUPHORBIA DRUMMONDII,credoj.au,0.5,0.5,0,NA,0.1276,NA,12.13032804,NA,NA,NA,NA,FORB,PERENNIAL,FORB,20
265,EUPHORBIA DRUMMONDII,credom.au,0.5,0,-0.5,NA,0.1276,NA,12.13032804,NA,NA,NA,NA,FORB,PERENNIAL,FORB,21
266,EUTHAMIA GRAMINIFOLIA,cedarsav.us,4,3,-1,19.4891582,0.798,NA,12.04198841,NA,NA,NA,NA,FORB,PERENNIAL,FORB,11
267,EVOLVULUS SERICEUS,bfl.us,1.333333333,1.5,0.166666667,NA,0.165186473,NA,13.12723643,NA,NA,NA,NA,FORB,PERENNIAL,FORB,6
268,FAGUS SYLVATICA,kranz.de,50,50,0,21.57683121,NA,3.73333,18.54393462,0.91875,0.565265667,28.44544129,0.524726557,TREE,PERENNIAL,WOODY,39
269,FALCARIA VULGARIS,jenadrt.de,2.25,4.5,2.25,NA,1.2613,NA,13.0375,1.8,0.147,216.667,1.15043,FORB,PERENNIAL,FORB,33
270,FESTUCA ARUNDINACEA,sclaudio.ar,78.75,70,-8.75,26.75,0.922297147,9.306666667,16.0977261,1.415,0.208261132,167.503371,0.383552278,GRASS,PERENNIAL,GRASS,54
271,FESTUCA ARUNDINACEA,chilcasdrt.ar,66.66666667,74,7.33333333,26.75,0.922297147,9.306666667,16.0977261,1.415,0.208261132,167.503371,0.383552278,GRASS,PERENNIAL,GRASS,16
272,FESTUCA ARUNDINACEA,marcdrt.ar,71.25,70,-1.25,26.75,0.922297147,9.306666667,16.0977261,1.415,0.208261132,167.503371,0.383552278,GRASS,PERENNIAL,GRASS,42
273,FESTUCA HALLERI,passogavia.it,2,2,0,13,NA,NA,9.9,0.101,NA,NA,0.31,GRASS,PERENNIAL,GRASS,51
274,FESTUCA IDAHOENSIS,oreaa.us,9.1,6.3,-2.8,10.3118547,0.6096,NA,42.75,0.3556,NA,NA,NA,GRASS,PERENNIAL,GRASS,48
275,FESTUCA IDAHOENSIS,oreac.us,13.75,7,-6.75,10.3118547,0.6096,NA,42.75,0.3556,NA,NA,NA,GRASS,PERENNIAL,GRASS,49
276,FESTUCA IDAHOENSIS,cmss.us,25,18.33333333,-6.666666667,10.3118547,0.6096,NA,42.75,0.3556,NA,NA,NA,GRASS,PERENNIAL,GRASS,18
277,FESTUCA OVINA,allmendo.ch,7.083333333,6.666666667,-0.416666666,16.78631631,0.414347827,7.790299962,16.83674211,0.254,0.18,180.6632143,0.02,GRASS,PERENNIAL,GRASS,2
278,FESTUCA OVINA,allmendb.ch,0.833333333,1.166666667,0.333333334,16.78631631,0.414347827,7.790299962,16.83674211,0.254,0.18,180.6632143,0.02,GRASS,PERENNIAL,GRASS,1
279,FESTUCA PRATENSIS,elvadrt.ee,7.333333333,5.666666667,-1.666666666,22.6929621,0.4,9.037334647,21.47,0.233,0.091553497,289.7039134,0.217565197,GRASS,PERENNIAL,GRASS,23
280,FESTUCA RUBRA,elvadrt.ee,3,4.333333333,1.333333333,19.05492673,0.452958333,7.08,20.02617821,0.3048,0.233235525,348.147287,0.12,GRASS,PERENNIAL,GRASS,23
281,FESTUCA RUBRA,pineta.es,8,0.5,-7.5,19.05492673,0.452958333,7.08,20.02617821,0.3048,0.233235525,348.147287,0.12,GRASS,PERENNIAL,GRASS,52
282,FESTUCA RUBRA,rhijn.nl,25,16.66666667,-8.333333333,19.05492673,0.452958333,7.08,20.02617821,0.3048,0.233235525,348.147287,0.12,GRASS,PERENNIAL,GRASS,53
284,FRAGARIA VESCA,elvadrt.ee,12.33333333,10.33333333,-1.999999997,16.48863464,0.136111111,NA,24.4032544,0.267,0.351086957,312.2441806,0.1112,FORB,PERENNIAL,FORB,23
285,FRAGARIA VESCA,pineta.es,9.25,4.5,-4.75,16.48863464,0.136111111,NA,24.4032544,0.267,0.351086957,312.2441806,0.1112,FORB,PERENNIAL,FORB,52
286,FRAGARIA VIRIDIS,jenadrt.de,0.5,0.5,0,28.3614838,NA,NA,17.04997,0.32,0.2599583,215,1.136,FORB,PERENNIAL,FORB,33
287,FUMANA ERICIFOLIA,ayora.es,1.666666667,3,1.333333333,10.02,0.2,NA,4.558011959,0.49,NA,NA,NA,SUBSHRUB,PERENNIAL,WOODY,4
288,FUMANA LAEVIPES,ayora.es,0,2,2,NA,0.045,NA,9.224,NA,NA,NA,NA,SUBSHRUB,PERENNIAL,WOODY,4
289,GALACTIA MARGINALIS,bfl.us,7,5,-2,NA,0.177117117,NA,6.500004464,NA,NA,NA,NA,FORB,PERENNIAL,LEGUME,6
292,GALIUM BOREALE,kernb.ca,0.5,2,1.5,18.80683333,0.37,10,22.71017578,0.1524,0.315984509,172.8382766,0.1779,FORB,PERENNIAL,FORB,35
293,GALIUM BOREALE,kernnu.ca,8,6,-2,18.80683333,0.37,10,22.71017578,0.1524,0.315984509,172.8382766,0.1779,FORB,PERENNIAL,FORB,36
294,GALIUM BOREALE,brookdale.ca,1.333333333,1.05,-0.283333333,18.80683333,0.37,10,22.71017578,0.1524,0.315984509,172.8382766,0.1779,FORB,PERENNIAL,FORB,8
295,GALIUM LUCIDUM,ayora.es,2.5,3,0.5,26,0.375,NA,40.8,0.67,NA,NA,NA,VINE,PERENNIAL,FORB,4
298,GALIUM VERUM,allmendo.ch,0.875,0.875,0,21.6094737,0.516038889,11.75956766,17.72121934,0.7266667,0.140178711,402.3842917,0.122981034,FORB,PERENNIAL,FORB,2
299,GAURA COCCINEA,mattheis.ca,3.5,0,-3.5,NA,NA,NA,14.93401246,0.47,NA,7.307967,0.345,FORB,PERENNIAL,FORB,44
306,GEUM CANADENSE,esw.ca,1,1,0,NA,12.3,NA,20.2434208,0.1016,NA,NA,NA,FORB,PERENNIAL,FORB,24
307,GLECHOMA HEDERACEA,jenadrt.de,12,0,-12,13.09,0.1,15.84806833,21.32,0.14,0.104315255,419.5272801,0.213838095,FORB,PERENNIAL,FORB,33
308,GLOBULARIA VULGARIS,allmendo.ch,1.333333333,1.75,0.416666667,NA,0.2,NA,6.892,0.47,NA,NA,NA,FORB,PERENNIAL,FORB,2
309,GLOBULARIA VULGARIS,allmendb.ch,0.375,0.5,0.125,NA,0.2,NA,6.892,0.47,NA,NA,NA,FORB,PERENNIAL,FORB,1
310,GNAPHALIUM SUPINUM,passogavia.it,0.075,0.05,-0.025,22.46381487,NA,28.1,27.00300375,NA,NA,307.39,0.29,FORB,PERENNIAL,FORB,51
311,GOUINIA PARAGUAYENSIS,cerrillos.ar,7.5,13.75,6.25,23.1,0.47,NA,19.71,NA,NA,NA,NA,GRASS,PERENNIAL,GRASS,13
312,GREVILLEA AUSTRALIS,falls.au,1,0.5,-0.5,NA,2,NA,4.896896,NA,NA,NA,NA,SHRUB,PERENNIAL,WOODY,27
314,GYPSOPHILA REPENS,allmendo.ch,0.5,0.25,-0.25,12.7,0.14,NA,15.67666667,NA,NA,NA,NA,FORB,PERENNIAL,FORB,2
318,HELIANTHEMUM CINEREUM,ayora.es,3,5,2,13.24715,0.053,NA,6.31,NA,NA,NA,NA,SUBSHRUB,PERENNIAL,WOODY,4
320,HELIANTHEMUM NUMMULARIUM var. GRANDIFLORUM,allmendo.ch,5.416666667,5.833333333,0.416666666,17.1,NA,6.27,14.70769,1.63,0.1910333,180,1.555,SHRUB,PERENNIAL,WOODY,2
321,HELIANTHEMUM NUMMULARIUM var. GRANDIFLORUM,allmendb.ch,10.83333333,7.916666667,-2.916666663,17.1,NA,6.27,14.70769,1.63,0.1910333,180,1.555,SHRUB,PERENNIAL,WOODY,1
325,HELICTOTRICHON PRATENSE,allmendb.ch,4.25,4.416666667,0.166666667,16.4,0.816666667,NA,14.06030769,0.79,0.669747899,85.98480816,0.1543,GRASS,PERENNIAL,GRASS,1
326,HELICTOTRICHON PRATENSE,allmendo.ch,3.75,3.583333333,-0.166666667,16.4,0.816666667,NA,14.06030769,0.79,0.669747899,85.98480816,0.1543,GRASS,PERENNIAL,GRASS,2
327,HELICTOTRICHON PUBESCENS,elvadrt.ee,1.5,1,-0.5,24.3,0.680625,7.892636683,18.69463141,0.3,0.090296815,62.86954053,0.161264502,GRASS,PERENNIAL,GRASS,23
328,HELICTOTRICHON VERSICOLOR,passogavia.it,2.5,3,0.5,18.88884001,0.14,6.081157261,11.48996431,NA,NA,77.65999999,NA,GRASS,PERENNIAL,GRASS,51
329,HELIOPSIS HELIANTHOIDES,brookdale.ca,2,1,-1,NA,1.2745,NA,19.34129566,NA,0.155412644,61.30678286,0.38123125,FORB,PERENNIAL,FORB,8
331,HESPEROSTIPA COMATA,mattheis.ca,21,16.6,-4.4,12.21666667,0.224,6.55,5.904809091,1.353302,0.3762,35.19975,0.38,GRASS,PERENNIAL,GRASS,44
332,HESPEROSTIPA COMATA,nplatte.us,0,7.666666667,7.666666667,12.21666667,0.224,6.55,5.904809091,1.353302,0.3762,35.19975,0.38,GRASS,PERENNIAL,GRASS,46
333,HETEROPOGON CONTORTUS,bfl.us,8.5,21,12.5,11.22375,0.21336,4.15,9.881422925,0.254,0.371,16.75282186,0.25,GRASS,PERENNIAL,GRASS,6
334,HILARIA JAMESII,antelope.us,1.975,0.633333333,-1.341666667,21.68723958,0.6096,7.6,13.95707872,0.3048,NA,140.9228,0.056,GRAMINOID,PERENNIAL,GRASS,3
335,HIPPOCREPIS COMOSA,allmendo.ch,2.833333333,2.583333333,-0.25,29,0.231666667,NA,15.26545455,1.003333,NA,NA,NA,FORB,PERENNIAL,LEGUME,2
336,HIPPOCREPIS COMOSA,allmendb.ch,10.41666667,10,-0.41666667,29,0.231666667,NA,15.26545455,1.003333,NA,NA,NA,FORB,PERENNIAL,LEGUME,1
337,HOLCUS LANATUS,scruzh.us,14.5281933,2,-12.5281933,24.56210683,0.554013615,9.716666667,33.50183772,0.1016,0.210999112,311.996707,0.116666667,GRASS,PERENNIAL,GRASS,55
338,HOLCUS LANATUS,rhijn.nl,6.666666667,13.33333333,6.666666666,24.56210683,0.554013615,9.716666667,33.50183772,0.1016,0.210999112,311.996707,0.116666667,GRASS,PERENNIAL,GRASS,53
342,HYDROCOTYLE BONARIENSIS,marcdrt.ar,2.333333333,2.75,0.416666667,NA,NA,NA,27.35005333,NA,NA,NA,NA,FORB,PERENNIAL,FORB,42
343,HYDROCOTYLE BONARIENSIS,chilcasdrt.ar,0,0.25,0.25,NA,NA,NA,27.35005333,NA,NA,NA,NA,FORB,PERENNIAL,FORB,16
344,HYPOCHAERIS RADICATA,baddrt.de,1,1,0,17.75,0.3505,5.956457605,28.74506187,0.5475,0.14089564,151.7703194,0.261638779,FORB,PERENNIAL,FORB,5
345,HYPOCHAERIS RADICATA,spvdrt.ar,3,2.666666667,-0.333333333,17.75,0.3505,5.956457605,28.74506187,0.5475,0.14089564,151.7703194,0.261638779,FORB,PERENNIAL,FORB,59
346,HYPOCHAERIS RADICATA,falls.au,0.833333333,0.833333333,3.33E-10,17.75,0.3505,5.956457605,28.74506187,0.5475,0.14089564,151.7703194,0.261638779,FORB,PERENNIAL,FORB,27
348,KNAUTIA ARVENSIS,allmendb.ch,1.5,1.5,0,24.60384722,0.559111111,10.58839097,18.38055602,0.155,0.2315,150.6768113,0.417,FORB,PERENNIAL,FORB,1
349,KOELERIA MACRANTHA,mattheis.ca,10,8.4,-1.6,14.632,0.117368421,8.54,10.603875,0.508,0.43423927,61.632225,0.231432767,GRAMINOID,PERENNIAL,GRASS,44
350,KOELERIA MACRANTHA,hard.us,5.5,14,8.5,14.632,0.117368421,8.54,10.603875,0.508,0.43423927,61.632225,0.231432767,GRAMINOID,PERENNIAL,GRASS,30
351,KOELERIA MACRANTHA,konzadrt.us,8.6,4.2,-4.4,14.632,0.117368421,8.54,10.603875,0.508,0.43423927,61.632225,0.231432767,GRAMINOID,PERENNIAL,GRASS,38
352,KOELERIA MACRANTHA,matador.ca,2.5,1,-1.5,14.632,0.117368421,8.54,10.603875,0.508,0.43423927,61.632225,0.231432767,GRAMINOID,PERENNIAL,GRASS,43
353,KOELERIA MACRANTHA,biddulph.ca,1,3,2,14.632,0.117368421,8.54,10.603875,0.508,0.43423927,61.632225,0.231432767,GRAMINOID,PERENNIAL,GRASS,7
354,KOELERIA MICRATHERA,cedartrait.us,4,1.5,-2.5,NA,NA,NA,14.02,NA,NA,NA,NA,GRASS,PERENNIAL,GRASS,12
355,KRASCHENINNIKOVIA LANATA,matador.ca,21,14.5,-6.5,26.25,0.4572,NA,11.20220464,0.3048,NA,124.72,0.7078,FORB,PERENNIAL,WOODY,43
357,LACTUCA TATARICA,kernb.ca,1.25,2,0.75,22.6,0.625,NA,18.07666667,2.4,0.213227444,77.19169246,NA,FORB,PERENNIAL,FORB,35
358,LARREA DIVARICATA,cerrillos.ar,19.50333333,37.19,17.68666667,22.9,1.67,NA,5.881206897,NA,NA,NA,NA,SHRUB,PERENNIAL,WOODY,13
359,LATHYRUS PRATENSIS,elvadrt.ee,5,3,-2,39.68831026,0.475733333,25.11541,24.99129113,1.18,0.141833333,63.29727228,0.4965,LEGUME,PERENNIAL,LEGUME,23
360,LATHYRUS VENOSUS,cedarsav.us,4.5,2.333333333,-2.166666667,30.13845455,0.3533,NA,18.46365493,NA,0.194444444,46.82957143,0.3725,LEGUME,PERENNIAL,LEGUME,11
361,LEERSIA HEXANDRA,chilcasdrt.ar,0.625,0.625,0,17.321052,1.5,NA,26,NA,NA,NA,NA,GRASS,PERENNIAL,GRASS,16
362,LEONTODON HISPIDUS,elvadrt.ee,4,2,-2,23.92644618,0.371,11.53789754,27.0408515,0.3,0.134462153,204.9072943,0.273284146,FORB,PERENNIAL,FORB,23
364,LESPEDEZA CAPITATA,cedartrait.us,2.75,2.25,-0.5,19.09948702,0.842,31.172408,12.45020289,0.4572,0.228401178,79.00332954,0.333275,FORB,PERENNIAL,LEGUME,12
365,LESPEDEZA CAPITATA,oklah.us,0,3,3,19.09948702,0.842,31.172408,12.45020289,0.4572,0.228401178,79.00332954,0.333275,FORB,PERENNIAL,LEGUME,47
366,LEUCANTHEMOPSIS ALPINA,passogavia.it,0.46,0.47,0.01,26,0.035,NA,15.775,0.126,NA,NA,0.83,FORB,PERENNIAL,FORB,51
367,LEUCANTHEMUM VULGARE,rhijn.nl,1,3,2,30.26796208,0.53192,9.640667198,17.80983272,0.2032,0.178238532,205.5962002,0.23427,FORB,PERENNIAL,FORB,53
368,LEUCANTHEMUM VULGARE,allmendb.ch,1.5,1.5,0,30.26796208,0.53192,9.640667198,17.80983272,0.2032,0.178238532,205.5962002,0.23427,FORB,PERENNIAL,FORB,1
369,LIATRIS ASPERA,cedartrait.us,11.8,6.25,-5.55,12.33641253,0.68,20.498833,17.00092904,NA,0.135313282,193.6403191,0.335858333,FORB,PERENNIAL,FORB,12
370,LIATRIS PUNCTATA,biddulph.ca,1,1,0,16.817,0.6096,NA,9.8333502,0.3556,0.16753096,118.8077502,0.3044,FORB,PERENNIAL,FORB,7
371,LIATRIS PUNCTATA,bfl.us,11.5,11,-0.5,16.817,0.6096,NA,9.8333502,0.3556,0.16753096,118.8077502,0.3044,FORB,PERENNIAL,FORB,6
372,LIATRIS SQUARROSA,oklah.us,1.75,3,1.25,22.06384,0.4548,NA,16.33650548,0.67,NA,NA,NA,FORB,PERENNIAL,FORB,47
373,LIGUSTICUM MUTELLINA,passogavia.it,46,45,-1,21.8,0.28,NA,24.9616,0.68,NA,NA,NA,FORB,PERENNIAL,FORB,51
379,LINUM SUFFRUTICOSUM,ayora.es,3,0,-3,19.9,0.4,NA,13.83721065,NA,NA,NA,NA,SUBSHRUB,PERENNIAL,WOODY,4
380,LINUM SUFFRUTICOSUM,ebro.es,2.0322225,1.445426889,-0.586795611,19.9,0.4,NA,13.83721065,NA,NA,NA,NA,SUBSHRUB,PERENNIAL,WOODY,22
382,LITHODORA FRUTICOSA,ayora.es,0,1,1,NA,NA,NA,5.35,0.68,NA,NA,NA,SUBSHRUB,PERENNIAL,WOODY,4
383,LITHOSPERMUM CANESCENS,cedarsav.us,4.333333333,0,-4.333333333,18.9752,0.282,NA,14.43083537,NA,NA,NA,NA,FORB,PERENNIAL,FORB,11
384,LITHOSPERMUM CANESCENS,brookdale.ca,1.666666667,0,-1.666666667,18.9752,0.282,NA,14.43083537,NA,NA,NA,NA,FORB,PERENNIAL,FORB,8
385,LITHOSPERMUM INCISUM,mattheis.ca,10,11,1,26.9,0.2176,NA,12.77,3.03,NA,NA,NA,FORB,PERENNIAL,FORB,44
389,LOTUS CORNICULATUS,allmendo.ch,0.375,0.25,-0.125,32.37274407,0.357339206,21.21401,21.71513633,0.3556,0.12871093,104.3277979,0.351194598,FORB,PERENNIAL,LEGUME,2
390,LOTUS CORNICULATUS,allmendb.ch,1.333333333,1.5,0.166666667,32.37274407,0.357339206,21.21401,21.71513633,0.3556,0.12871093,104.3277979,0.351194598,FORB,PERENNIAL,LEGUME,1
391,LOTUS GLABER,chilcasdrt.ar,3,0.25,-2.75,NA,0.75,NA,25.91,NA,NA,NA,0.71,LEGUME,PERENNIAL,LEGUME,16
392,LUZULA MULTIFLORA,elvadrt.ee,3,1.333333333,-1.666666667,25.54618746,0.2110425,5.237476541,25.53913437,NA,NA,132.06,NA,GRASS,PERENNIAL,GRAMINOID,23
394,MAIREANA SEDIFOLIA,credom.au,1,2,1,39.14135,1.3,NA,4.952222222,NA,NA,NA,NA,SHRUB,PERENNIAL,WOODY,21
395,MAIREANA SEDIFOLIA,credoj.au,3.4,2.8,-0.6,39.14135,1.3,NA,4.952222222,NA,NA,NA,NA,SHRUB,PERENNIAL,WOODY,20
400,MELICYTUS DENTATUS,falls.au,0,0.5,0.5,NA,3,NA,25.06241344,NA,NA,NA,NA,SHRUB,PERENNIAL,WOODY,27
401,MICROSERIS LANCEOLATA,falls.au,1,0.5,-0.5,NA,0.4,NA,11.380814,NA,NA,NA,NA,FORB,PERENNIAL,FORB,27
404,MONARDA FISTULOSA,cedartrait.us,8,2,-6,11.29051118,0.662,17.87547,26.21085308,0.1016,0.165191358,93.37285277,0.28925,FORB,PERENNIAL,FORB,12
407,NASSELLA NEESIANA,naposta.ar,36.66666667,8.333333333,-28.33333334,14.2304221,0.8,NA,16,NA,NA,NA,NA,GRASS,PERENNIAL,GRASS,45
408,NASSELLA TRICHOTOMA,naposta.ar,25,5.333333333,-19.66666667,NA,0.7,NA,11.297312,NA,NA,NA,0.77666667,GRASS,PERENNIAL,GRASS,45
409,NASSELLA VIRIDULA,matador.ca,18.66666667,15.33333333,-3.333333337,12.6088734,0.6096,NA,10.77,0.3556,0.517363388,54.89286067,0.23675,GRAMINOID,PERENNIAL,GRASS,43
411,NOTICASTRUM SERICEUM,spvdrt.ar,4,3.5,-0.5,30.175,NA,NA,36.99,NA,NA,NA,NA,FORB,PERENNIAL,FORB,59
412,OREOCHLOA DISTICHA,passogavia.it,0.275,0.7,0.425,22,0.115,NA,9.2,NA,NA,NA,NA,GRASS,PERENNIAL,GRASS,51
414,OXALIS DILLENII,slp.us,2.5,2,-0.5,NA,0.188478161,NA,41.82566697,NA,NA,NA,NA,FORB,PERENNIAL,FORB,58
416,PANICUM OLIGOSANTHES,cedarsav.us,0,2,2,17.37461517,0.38,NA,22.63325572,NA,NA,NA,NA,GRASS,PERENNIAL,GRASS,11
417,PANICUM VIRGATUM,cedartrait.us,4,0,-4,13.38217228,0.926,7.8,29.26984617,0.075,0.32898758,120.510799,0.39,GRASS,PERENNIAL,GRASS,12
418,PAPPOSTIPA SPECIOSA,spvdrt.ar,1.333333333,0,-1.333333333,NA,0.6096,NA,4.202740187,0.254,NA,NA,NA,GRASS,PERENNIAL,GRASS,59
419,PASCOPYRUM SMITHII,mattheis.ca,1,15,14,16.774,0.525,11.28,12.75359048,1.703333,0.206075395,21.32212,0.175766667,GRAMINOID,PERENNIAL,GRASS,44
420,PASCOPYRUM SMITHII,matador.ca,5.333333333,5.666666667,0.333333334,16.774,0.525,11.28,12.75359048,1.703333,0.206075395,21.32212,0.175766667,GRAMINOID,PERENNIAL,GRASS,43
421,PASCOPYRUM SMITHII,kernnu.ca,0,2.333333333,2.333333333,16.774,0.525,11.28,12.75359048,1.703333,0.206075395,21.32212,0.175766667,GRAMINOID,PERENNIAL,GRASS,36
422,PASCOPYRUM SMITHII,kinsella.ca,21,21,0,16.774,0.525,11.28,12.75359048,1.703333,0.206075395,21.32212,0.175766667,GRAMINOID,PERENNIAL,GRASS,37
423,PASPALUM DILATATUM,chilcasdrt.ar,15.625,1.375,-14.25,17.4533552,0.4722,8.133333333,16.30478,0.1524,0.102,18.37,0.62,GRASS,PERENNIAL,GRASS,16
424,PASPALUM VAGINATUM,chilcasdrt.ar,0.25,1,0.75,3.6045301,0.03048,15.6,10.41,0.1524,NA,NA,NA,GRASS,PERENNIAL,GRASS,16
426,PERSICARIA VIVIPARA,passogavia.it,0.1,0.2,0.1,21.5,0.283,NA,22,NA,NA,NA,NA,FORB,PERENNIAL,FORB,51
427,PHEBALIUM SQUAMULOSUM,falls.au,1,0.5,-0.5,17.6,1.375,NA,4.958314675,NA,NA,NA,NA,SHRUB,PERENNIAL,WOODY,27
428,PHLEUM ALPINUM,passogavia.it,0.2,0.3,0.1,24.71901341,0.19724,9.103855654,20.58967646,0.254,NA,73.35000002,0.25,GRASS,PERENNIAL,GRASS,51
429,PHLOX HOODII,oreaa.us,1.625,1,-0.625,23.27,0.02825,NA,13.95070877,0.54,0.180454545,107.0545926,0.2647,FORB,PERENNIAL,FORB,48
430,PHYTEUMA HEMISPHAERICUM,passogavia.it,2.3,2,-0.3,27,0.1,NA,19.5,NA,NA,NA,NA,FORB,PERENNIAL,FORB,51
431,PICEA ABIES,kranz.de,50,50,0,13.01773524,NA,8.231665,5.074959129,0.7112,0.289806897,16.43077549,0.727774529,TREE,PERENNIAL,WOODY,39
432,PICRIS HIERACIOIDES,baddrt.de,48,37,-11,24.11,0.157,12.13,18.58,1.23,0.0725,193.765,0.45557832,FORB,PERENNIAL,FORB,5
433,PICRIS HIERACIOIDES,jenadrt.de,2.166666667,3,0.833333333,24.11,0.157,12.13,18.58,1.23,0.0725,193.765,0.45557832,FORB,PERENNIAL,FORB,33
434,PIMELEA ALPINA,falls.au,1.166666667,0.666666667,-0.5,NA,0.3,NA,10.434151,NA,NA,NA,NA,SHRUB,PERENNIAL,WOODY,27
435,PIMPINELLA SAXIFRAGA,pineta.es,0.5,0.5,0,21.22166667,0.445,3.322678571,21.46439541,2.42685,0.315348446,149.6596103,0.228622222,FORB,PERENNIAL,FORB,52
436,PIMPINELLA SAXIFRAGA,allmendo.ch,2.166666667,1.916666667,-0.25,21.22166667,0.445,3.322678571,21.46439541,2.42685,0.315348446,149.6596103,0.228622222,FORB,PERENNIAL,FORB,2
437,PIMPINELLA SAXIFRAGA,allmendb.ch,2.416666667,2.25,-0.166666667,21.22166667,0.445,3.322678571,21.46439541,2.42685,0.315348446,149.6596103,0.228622222,FORB,PERENNIAL,FORB,1
438,PLANTAGO EURYPHYLLA,falls.au,1,0.5,-0.5,45.18531954,0.03,NA,15.9845175,NA,NA,NA,NA,FORB,PERENNIAL,FORB,27
439,PLANTAGO LANCEOLATA,allmendo.ch,0.75,0.75,0,25.695,0.320146825,23.59846931,23.55,0.57,0.138912722,225.0999155,0.228368317,FORB,PERENNIAL,FORB,2
440,PLANTAGO LANCEOLATA,rhijn.nl,4,3.5,-0.5,25.695,0.320146825,23.59846931,23.55,0.57,0.138912722,225.0999155,0.228368317,FORB,PERENNIAL,FORB,53
441,PLANTAGO LANCEOLATA,allmendb.ch,1,0.25,-0.75,25.695,0.320146825,23.59846931,23.55,0.57,0.138912722,225.0999155,0.228368317,FORB,PERENNIAL,FORB,1
442,PLANTAGO LANCEOLATA,baddrt.de,0.3,1,0.7,25.695,0.320146825,23.59846931,23.55,0.57,0.138912722,225.0999155,0.228368317,FORB,PERENNIAL,FORB,5
443,PLANTAGO LANCEOLATA,cowidrt.ca,2,2,0,25.695,0.320146825,23.59846931,23.55,0.57,0.138912722,225.0999155,0.228368317,FORB,PERENNIAL,FORB,19
444,PLANTAGO LANCEOLATA,scruzh.us,22.2222222,8.333333333,-13.88888887,25.695,0.320146825,23.59846931,23.55,0.57,0.138912722,225.0999155,0.228368317,FORB,PERENNIAL,FORB,55
449,POA ALPINA,passogavia.it,3.16,3.06,-0.1,13,0.298831111,16.9,21.51150438,0.254,NA,292.2,0.26,GRASS,PERENNIAL,GRASS,51
450,POA ANGUSTIFOLIA,elvadrt.ee,1.5,1,-0.5,12.95,0.48,5.764,20.11666667,NA,0.316453559,NA,0.113446154,GRASS,PERENNIAL,GRASS,23
452,POA COMPRESSA,esw.ca,3,5,2,13.678,0.2491,8.04,20.91883636,0.254,NA,54.78896667,0.53,GRASS,PERENNIAL,GRASS,24
453,POA HIEMATA,falls.au,41.66666667,41.66666667,-3.33E-09,13.7803809,0.6,NA,3.35531,NA,NA,NA,NA,GRASS,PERENNIAL,GRASS,27
454,POA LANIGERA,marcdrt.ar,2.75,1,-1.75,NA,NA,NA,24,NA,NA,NA,NA,GRASS,PERENNIAL,GRASS,42
455,POA LIGULARIS,chacra.ar,1,3,2,22.4,1.2,10.4,6.944926731,0.7,NA,NA,NA,GRASS,PERENNIAL,GRASS,14
456,POA PRATENSIS,kernb.ca,18.33333333,8.666666667,-9.666666663,14.974,0.291,9.46,24.13531364,0.254,0.107208566,49.82696,0.196318683,GRASS,PERENNIAL,GRASS,35
457,POA PRATENSIS,cedartrait.us,2.6,1,-1.6,14.974,0.291,9.46,24.13531364,0.254,0.107208566,49.82696,0.196318683,GRASS,PERENNIAL,GRASS,12
458,POA PRATENSIS,validate.fr,13.8,21.8,8,14.974,0.291,9.46,24.13531364,0.254,0.107208566,49.82696,0.196318683,GRASS,PERENNIAL,GRASS,61
459,POA PRATENSIS,kernnu.ca,5,25,20,14.974,0.291,9.46,24.13531364,0.254,0.107208566,49.82696,0.196318683,GRASS,PERENNIAL,GRASS,36
460,POA PRATENSIS,cedarsav.us,5.6,3.333333333,-2.266666667,14.974,0.291,9.46,24.13531364,0.254,0.107208566,49.82696,0.196318683,GRASS,PERENNIAL,GRASS,11
461,POA PRATENSIS,jenadrt.de,9,11.33333333,2.333333333,14.974,0.291,9.46,24.13531364,0.254,0.107208566,49.82696,0.196318683,GRASS,PERENNIAL,GRASS,33
462,POA PRATENSIS,cowidrt.ca,2.8,3.666666667,0.866666667,14.974,0.291,9.46,24.13531364,0.254,0.107208566,49.82696,0.196318683,GRASS,PERENNIAL,GRASS,19
463,POA PRATENSIS,brookdale.ca,6.25,3.8,-2.45,14.974,0.291,9.46,24.13531364,0.254,0.107208566,49.82696,0.196318683,GRASS,PERENNIAL,GRASS,8
464,POA PRATENSIS,kinsella.ca,52,52,0,14.974,0.291,9.46,24.13531364,0.254,0.107208566,49.82696,0.196318683,GRASS,PERENNIAL,GRASS,37
465,POA SECUNDA,nplatte.us,2,3.5,1.5,16.12,0.42672,14.54,11.51,0.254,NA,197.6,NA,GRASS,PERENNIAL,GRASS,46
466,POA SECUNDA,oreac.us,3.5,5.833333333,2.333333333,16.12,0.42672,14.54,11.51,0.254,NA,197.6,NA,GRASS,PERENNIAL,GRASS,49
467,POA TRIVIALIS,baddrt.de,0.01,0.6,0.59,34.02187304,0.640983219,31.34075583,38.18960088,0.3048,0.080269491,NA,0.173758288,GRASS,PERENNIAL,GRASS,5
468,POA TRIVIALIS,jenadrt.de,2,0,-2,34.02187304,0.640983219,31.34075583,38.18960088,0.3048,0.080269491,NA,0.173758288,GRASS,PERENNIAL,GRASS,33
469,POLYGALA RUPESTRIS,ayora.es,1,1,0,NA,10.58,NA,25.97,0.37,NA,NA,NA,SUBSHRUB,PERENNIAL,WOODY,4
470,POLYGALA RUPESTRIS,ebro.es,0.494511111,0.029088889,-0.465422222,NA,10.58,NA,25.97,0.37,NA,NA,NA,SUBSHRUB,PERENNIAL,WOODY,22
471,POLYGALA VULGARIS,allmendb.ch,1.416666667,0.5,-0.916666667,NA,0.172916667,NA,19.02952398,0.5,0.2661556,396.667,0.7826128,FORB,PERENNIAL,FORB,1
472,POTENTILLA ANSERINA,elvadrt.ee,1,1,0,26.20897891,0.277222222,NA,17.47534074,0.43,0.63425,148.75,0.6572,FORB,PERENNIAL,FORB,23
473,POTENTILLA AUREA,passogavia.it,0,0.16,0.16,30.417,0.0915,NA,22.13904012,0.55,NA,NA,NA,FORB,PERENNIAL,FORB,51
477,POTENTILLA GRANDIFLORA,allmendo.ch,3.25,3.166666667,-0.083333333,NA,NA,NA,39.1,NA,NA,NA,NA,FORB,PERENNIAL,FORB,2
478,POTENTILLA GRANDIFLORA,allmendb.ch,0.666666667,0.5,-0.166666667,NA,NA,NA,39.1,NA,NA,NA,NA,FORB,PERENNIAL,FORB,1
479,POTENTILLA REPTANS,rhijn.nl,22.5,12.5,-10,24.6133503,0.274083333,NA,23.567332,NA,NA,NA,NA,FORB,PERENNIAL,FORB,53
480,PRIMULA GLUTINOSA,passogavia.it,0.75,0.6,-0.15,27,NA,NA,13.58757528,0.2515,NA,NA,NA,FORB,PERENNIAL,FORB,51
481,PRUNELLA VULGARIS,allmendo.ch,4.166666667,1.833333333,-2.333333334,16.811555,0.250255556,5.87871,22.91466839,0.254,0.105496279,223.0600732,0.294300536,FORB,PERENNIAL,FORB,2
482,PRUNELLA VULGARIS,allmendb.ch,14.08333333,11.25,-2.83333333,16.811555,0.250255556,5.87871,22.91466839,0.254,0.105496279,223.0600732,0.294300536,FORB,PERENNIAL,FORB,1
483,PSEUDOROEGNERIA SPICATA,hard.us,1,2,1,NA,0.267,NA,23.893,NA,0.153771092,103.8213416,0.237714286,GRASS,PERENNIAL,GRASS,30
484,PSORALIDIUM TENUIFLORUM,konzadrt.us,14.8,2.8,-12,24.275,0.056,NA,16.82,2.7686,0.43,NA,0.67,FORB,PERENNIAL,LEGUME,38
485,PTILOTUS OBOVATUS,credoj.au,0.75,0.7,-0.05,26.894035,0.566666667,NA,7.440821539,NA,NA,NA,NA,SHRUB,PERENNIAL,WOODY,20
486,PTILOTUS OBOVATUS,credom.au,1.25,1.75,0.5,26.894035,0.566666667,NA,7.440821539,NA,NA,NA,NA,SHRUB,PERENNIAL,WOODY,21
488,QUERCUS ELLIPSOIDALIS,cedarsav.us,20,22.66666667,2.666666667,24.88184444,NA,14.4,18.07068773,NA,NA,66.5,NA,TREE,PERENNIAL,WOODY,11
489,QUERCUS MACROCARPA,cedarsav.us,15,0,-15,22.33361905,NA,10.65875833,17.62680085,0.7112,NA,63.21181567,0.28756,TREE,PERENNIAL,WOODY,11
490,RANUNCULUS ACRIS,elvadrt.ee,2,2,0,24.40250649,0.455420833,11.25,22.35741937,0.44,0.121892828,139.8527763,0.35099,FORB,PERENNIAL,FORB,23
491,RANUNCULUS ACRIS,rhijn.nl,3,2,-1,24.40250649,0.455420833,11.25,22.35741937,0.44,0.121892828,139.8527763,0.35099,FORB,PERENNIAL,FORB,53
494,RATIBIDA COLUMNIFERA,oklah.us,0.5,0.5,0,NA,0.94488,NA,22.85,0.3556,NA,56,0.66,FORB,PERENNIAL,FORB,47
497,RHUS COPALLINUM,oklah.us,0.5,0,-0.5,NA,1.523547826,NA,15.20265619,0.3556,NA,NA,NA,TREE,PERENNIAL,WOODY,47
498,ROSA ACICULARIS,brookdale.ca,1.566666667,1.15,-0.416666667,10.65,0.762,19.83128735,18.42,0.1524,0.27,55.8341358,0.2912,SHRUB,PERENNIAL,WOODY,8
499,ROSA ARKANSANA,kernb.ca,5.666666667,6.333333333,0.666666666,17.3145,0.292,NA,17.98307476,NA,0.421153994,41.52607134,0.30555,SHRUB,PERENNIAL,WOODY,35
500,ROSA ARKANSANA,cedartrait.us,15,8,-7,17.3145,0.292,NA,17.98307476,NA,0.421153994,41.52607134,0.30555,SHRUB,PERENNIAL,WOODY,12
501,ROSA ARKANSANA,biddulph.ca,1,3,2,17.3145,0.292,NA,17.98307476,NA,0.421153994,41.52607134,0.30555,SHRUB,PERENNIAL,WOODY,7
502,ROSA ARKANSANA,kernnu.ca,9.25,7,-2.25,17.3145,0.292,NA,17.98307476,NA,0.421153994,41.52607134,0.30555,SHRUB,PERENNIAL,WOODY,36
503,ROSMARINUS OFFICINALIS,ayora.es,80.33333333,81.33333333,1.000000003,9.43,1,NA,3.117747146,0.364,0.534580651,11.79132349,0.424333333,SHRUB,PERENNIAL,WOODY,4
504,ROSMARINUS OFFICINALIS,ebro.es,19.75746422,14.46299555,-5.294468667,9.43,1,NA,3.117747146,0.364,0.534580651,11.79132349,0.424333333,SHRUB,PERENNIAL,WOODY,22
507,RUELLIA HUMILIS,konzadrt.us,2,3,1,17,0.502906667,NA,12.07550636,0.1016,0.40803047,18.40109592,0.42,FORB,PERENNIAL,FORB,38
508,RYTIDOSPERMA CAESPITOSUM,credom.au,0.5,0.5,0,NA,0.55,NA,9.440331,0.66,NA,168.7,0.271,GRASS,PERENNIAL,GRASS,21
509,SALIX HERBACEA,passogavia.it,0.55,0.3,-0.25,23.22611667,0.034166667,10.25,16.45337359,NA,0.152,NA,0.92,SHRUB,PERENNIAL,WOODY,51
510,SALIX REPENS,hoide.de,15,30,15,17.00382579,0.812,5.44,12.90991206,0.2303,0.152,NA,NA,SHRUB,PERENNIAL,WOODY,31
512,SALVIA PRATENSIS,allmendb.ch,3.25,2.25,-1,19.3,0.520833333,NA,24.4875,2.1,0.2015038,272.308,2.015308,FORB,PERENNIAL,FORB,1
513,SALVIA PRATENSIS,allmendo.ch,3.875,3.25,-0.625,19.3,0.520833333,NA,24.4875,2.1,0.2015038,272.308,2.015308,FORB,PERENNIAL,FORB,2
516,SANGUISORBA MINOR,allmendo.ch,0.5,0.75,0.25,19.82857143,0.340136667,13.0925861,17.81475981,0.3048,0.290931094,118.7237432,0.4611271,FORB,PERENNIAL,FORB,2
517,SANGUISORBA MINOR,allmendb.ch,2.5,2,-0.5,19.82857143,0.340136667,13.0925861,17.81475981,0.3048,0.290931094,118.7237432,0.4611271,FORB,PERENNIAL,FORB,1
518,SCABIOSA COLUMBARIA,ukulingadrt.za,4,10,6,21.2,0.594444444,NA,19.16302632,0.9,0.347953216,120.2294669,0.181166667,FORB,PERENNIAL,FORB,60
519,SCABIOSA COLUMBARIA,allmendo.ch,1.625,1,-0.625,21.2,0.594444444,NA,19.16302632,0.9,0.347953216,120.2294669,0.181166667,FORB,PERENNIAL,FORB,2
520,SCABIOSA COLUMBARIA,allmendb.ch,1,1.5,0.5,21.2,0.594444444,NA,19.16302632,0.9,0.347953216,120.2294669,0.181166667,FORB,PERENNIAL,FORB,1
523,SCHIZACHYRIUM SCOPARIUM,cedarsav.us,17,14,-3,9.196,0.5145,8.51,16.698695,0.3048,0.403212551,75.67983333,0.2,GRASS,PERENNIAL,GRASS,11
524,SCHIZACHYRIUM SCOPARIUM,cedartrait.us,6,2.4,-3.6,9.196,0.5145,8.51,16.698695,0.3048,0.403212551,75.67983333,0.2,GRASS,PERENNIAL,GRASS,12
525,SCHIZACHYRIUM SCOPARIUM,oklah.us,54.16666667,30,-24.16666667,9.196,0.5145,8.51,16.698695,0.3048,0.403212551,75.67983333,0.2,GRASS,PERENNIAL,GRASS,47
526,SCHIZACHYRIUM SCOPARIUM,bfl.us,6,7,1,9.196,0.5145,8.51,16.698695,0.3048,0.403212551,75.67983333,0.2,GRASS,PERENNIAL,GRASS,6
527,SCORZONEROIDES AUTUMNALIS,elvadrt.ee,0,1,1,19.34660756,0.310966667,NA,21.52466367,0.199327,0.3144167,268.333,1.400488,FORB,PERENNIAL,FORB,23
528,SEDUM STENOPETALUM,oreaa.us,2.875,2.125,-0.75,NA,0.1118,NA,9.29,0.1,NA,NA,0.58,FORB,PERENNIAL,FORB,48
529,SENNA BAUHINIOIDES,jorndrt.us,1.25,1,-0.25,NA,NA,NA,14.29802652,1.7,NA,7.894687,0.376666667,FORB,PERENNIAL,LEGUME,34
530,SETARIA PAMPEANA,cerrillos.ar,3.75,3.75,0,24.7,0.38,NA,19.52,NA,NA,NA,NA,GRASS,PERENNIAL,GRASS,13
532,SETARIA SPHACELATA,ukulingadrt.za,6,41.5,35.5,10.0375,3,NA,14.16,NA,NA,11.17,0.57,GRASS,PERENNIAL,GRASS,60
533,SISYRINCHIUM BELLUM,scruzh.us,1.8340046,4.75,2.9159954,22.35,0.2558,NA,23.93793933,NA,0.101107003,118.754489,0.32952,FORB,PERENNIAL,FORB,55
534,SISYRINCHIUM MONTANUM,kinsella.ca,2,2,0,NA,0.225,NA,19.78,NA,NA,NA,NA,FORB,PERENNIAL,FORB,37
535,SOLDANELLA PUSILLA,passogavia.it,13.6,12.6,-1,NA,0.02,NA,16.8,0.11,NA,NA,NA,FORB,PERENNIAL,FORB,51
536,SOLIDAGO CANADENSIS,esw.ca,27,24.66666667,-2.333333333,15.13338959,1.30146,NA,17.75668436,0.3048,NA,77.59504262,0.486273328,FORB,PERENNIAL,FORB,24
537,SOLIDAGO CANADENSIS,baddrt.de,0.15,0.2,0.05,15.13338959,1.30146,NA,17.75668436,0.3048,NA,77.59504262,0.486273328,FORB,PERENNIAL,FORB,5
538,SOLIDAGO CANADENSIS,brookdale.ca,2.9,1.9,-1,15.13338959,1.30146,NA,17.75668436,0.3048,NA,77.59504262,0.486273328,FORB,PERENNIAL,FORB,8
539,SOLIDAGO MISSOURIENSIS,kernb.ca,1,1,0,13.3335,0.576,10.93,10.60804205,0.2032,0.208174196,100.2127031,0.323716667,FORB,PERENNIAL,FORB,35
540,SOLIDAGO MISSOURIENSIS,kinsella.ca,5,5,0,13.3335,0.576,10.93,10.60804205,0.2032,0.208174196,100.2127031,0.323716667,FORB,PERENNIAL,FORB,37
541,SOLIDAGO NEMORALIS,cedartrait.us,7,8.5,1.5,15.47778333,0.57,23.31317375,13.95394921,0.3048,0.129791058,208.2087011,0.369872222,FORB,PERENNIAL,FORB,12
542,SOLIDAGO NEMORALIS,oklah.us,7.75,15,7.25,15.47778333,0.57,23.31317375,13.95394921,0.3048,0.129791058,208.2087011,0.369872222,FORB,PERENNIAL,FORB,47
543,SOLIDAGO RIGIDA,cedartrait.us,9,10,1,11.83477126,0.598,8.386758333,10.23214847,0.3048,0.212780118,35.33592984,0.482373411,FORB,PERENNIAL,FORB,12
544,SOLIDAGO RIGIDA,brookdale.ca,1.5,2,0.5,11.83477126,0.598,8.386758333,10.23214847,0.3048,0.212780118,35.33592984,0.482373411,FORB,PERENNIAL,FORB,8
545,SOLIDAGO RIGIDA,oklah.us,3,11,8,11.83477126,0.598,8.386758333,10.23214847,0.3048,0.212780118,35.33592984,0.482373411,FORB,PERENNIAL,FORB,47
547,SONCHUS ARVENSIS,kernb.ca,1.25,1,-0.25,26.4,1.1875,NA,21,0.56,0.219369,40.215,NA,FORB,PERENNIAL,FORB,35
548,SONCHUS ARVENSIS,brookdale.ca,1.95,1.5,-0.45,26.4,1.1875,NA,21,0.56,0.219369,40.215,NA,FORB,PERENNIAL,FORB,8
549,SONCHUS ARVENSIS,esw.ca,2,5,3,26.4,1.1875,NA,21,0.56,0.219369,40.215,NA,FORB,PERENNIAL,FORB,24
550,SONCHUS ARVENSIS,kernnu.ca,7.166666667,6,-1.166666667,26.4,1.1875,NA,21,0.56,0.219369,40.215,NA,FORB,PERENNIAL,FORB,36
553,SORGHUM HALEPENSE,sclaudio.ar,15.25,9,-6.25,22.2,1.3834,NA,17.98889051,0.254,NA,NA,NA,GRAMINOID,PERENNIAL,GRASS,54
554,SPHAERALCEA HASTULATA,antelope.us,2,1,-1,NA,NA,NA,14.04606421,2.5,NA,10.52042,0.492,FORB,PERENNIAL,FORB,3
555,SPOROBOLUS COMPOSITUS,oklah.us,10.16666667,10.16666667,-3.33E-09,8.2,0.213,NA,28.13,NA,NA,NA,0.49,GRASS,PERENNIAL,GRASS,47
556,SPOROBOLUS FLEXUOSUS,jorndrt.us,12,1.666666667,-10.33333333,NA,0.9144,NA,15.81345753,0.254,NA,NA,0.04,GRASS,PERENNIAL,GRASS,34
557,STEINCHISMA HIANS,slp.us,44,8,-36,NA,NA,NA,25,NA,NA,NA,NA,GRASS,PERENNIAL,GRASS,58
558,STELLARIA GRAMINEA,elvadrt.ee,1,1,0,29.426,0.460386667,NA,29.05086069,0.34,0.337078652,251.0337458,0.135266667,FORB,PERENNIAL,FORB,23
559,STENARIA NIGRICANS,bfl.us,1,2.5,1.5,NA,0.2,NA,15.01261282,NA,NA,NA,NA,FORB,PERENNIAL,FORB,6
560,STENOTAPHRUM SECUNDATUM,chilcasdrt.ar,5,1,-4,NA,0.27432,NA,23,0.3048,NA,NA,0.1855714,GRASS,PERENNIAL,GRASS,16
561,STENOTAPHRUM SECUNDATUM,marcdrt.ar,2,1,-1,NA,0.27432,NA,23,0.3048,NA,NA,0.1855714,GRASS,PERENNIAL,GRASS,42
562,STIPA COMATA,biddulph.ca,14.5,10.5,-4,20.1,0.9144,15.9,16.95,0.4064,0.49068467,79.18825345,0.2,GRAMINOID,PERENNIAL,GRASS,7
563,STIPA COMATA,kinsella.ca,5.75,5.75,0,20.1,0.9144,15.9,16.95,0.4064,0.49068467,79.18825345,0.2,GRAMINOID,PERENNIAL,GRASS,37
564,STIPA PULCHRA,scruzh.us,8.2963652,0,-8.2963652,NA,NA,NA,21.2309966,NA,0.01859375,132.7,0.356625,FORB,PERENNIAL,GRASS,55
565,STIPA SPARTEA,cedarsav.us,0,4.5,4.5,14.01546154,0.576,18,8.74965934,0.254,0.393143677,61.25734351,0.2496,GRASS,PERENNIAL,GRASS,11
566,STIPA SPECIOSA,paike.ar,27,27,0,12.13,0.169,7.94,15.44,0.352,NA,22.41,0.352,GRASS,PERENNIAL,GRASS,50
567,SYMPHORICARPOS ALBUS,cowidrt.ca,7.8,10,2.2,14.05,1.538133333,NA,19.90333333,0.4572,NA,39.363636,NA,SHRUB,PERENNIAL,WOODY,19
568,SYMPHYOTRICHUM ERICOIDES,kernb.ca,2,2,0,12.6,0.7802222,11.01821,20.14194711,0.76,0.151923077,73.83666667,0.3263,FORB,PERENNIAL,FORB,35
569,SYMPHYOTRICHUM ERICOIDES,oklah.us,11,11,0,12.6,0.7802222,11.01821,20.14194711,0.76,0.151923077,73.83666667,0.3263,FORB,PERENNIAL,FORB,47
570,SYMPHYOTRICHUM ERICOIDES,brookdale.ca,1.25,1,-0.25,12.6,0.7802222,11.01821,20.14194711,0.76,0.151923077,73.83666667,0.3263,FORB,PERENNIAL,FORB,8
571,SYMPHYOTRICHUM ERICOIDES,matador.ca,1,1,0,12.6,0.7802222,11.01821,20.14194711,0.76,0.151923077,73.83666667,0.3263,FORB,PERENNIAL,FORB,43
572,SYMPHYOTRICHUM ERICOIDES,mattheis.ca,0,3,3,12.6,0.7802222,11.01821,20.14194711,0.76,0.151923077,73.83666667,0.3263,FORB,PERENNIAL,FORB,44
573,SYMPHYOTRICHUM ERICOIDES,konzadrt.us,35,6,-29,12.6,0.7802222,11.01821,20.14194711,0.76,0.151923077,73.83666667,0.3263,FORB,PERENNIAL,FORB,38
574,SYMPHYOTRICHUM ERICOIDES,hard.us,9.333333333,9.666666667,0.333333334,12.6,0.7802222,11.01821,20.14194711,0.76,0.151923077,73.83666667,0.3263,FORB,PERENNIAL,FORB,30
575,SYMPHYOTRICHUM ERICOIDES,esw.ca,0,1,1,12.6,0.7802222,11.01821,20.14194711,0.76,0.151923077,73.83666667,0.3263,FORB,PERENNIAL,FORB,24
576,SYMPHYOTRICHUM FALCATUM,kinsella.ca,13.33333333,13.33333333,3.33E-09,22.282,0.4175,8.69,14.18715,NA,0.117472,79.08403333,0.31118,FORB,PERENNIAL,FORB,37
577,SYMPHYOTRICHUM LAEVE,brookdale.ca,2.666666667,2.5,-0.166666667,11.6,0.976666667,9.78,14.28815235,NA,0.253411079,69.91354785,0.323475,FORB,PERENNIAL,FORB,8
578,SYMPHYOTRICHUM LANCEOLATUM,esw.ca,1,2,1,25.1,1.8288,NA,12.754,0.2032,0.15,68,0.36,FORB,PERENNIAL,FORB,24
579,SYMPHYOTRICHUM NOVAE-ANGLIAE,esw.ca,1,8.5,7.5,12.17017,1.022302632,NA,23.88988777,NA,0.12,52,0.46,FORB,PERENNIAL,FORB,24
580,SYMPHYOTRICHUM OBLONGIFOLIUM,konzadrt.us,0,8.666666667,8.666666667,NA,NA,NA,10.48,0.73,0.324153605,44.79630213,0.314933333,FORB,PERENNIAL,FORB,38
581,SYMPHYOTRICHUM OOLENTANGIENSE,cedarsav.us,0,1.5,1.5,16.02907407,0.7209,19.81443763,14.68950044,NA,0.12,81.16666667,0.35,FORB,PERENNIAL,FORB,11
583,TARAXACUM CAMPYLODES,jenadrt.de,11.33333333,6,-5.33333333,28.3472693,0.044,10.73618,30.05916441,0.1524,0.2871857,213.1,0.292,FORB,PERENNIAL,FORB,33
584,TARAXACUM CAMPYLODES,validate.fr,0.925,6,5.075,28.3472693,0.044,10.73618,30.05916441,0.1524,0.2871857,213.1,0.292,FORB,PERENNIAL,FORB,61
585,TEUCRIUM CAPITATUM,ebro.es,0.152425778,0.062395667,-0.090030111,20.04659333,0.085,NA,13.33,0.2,NA,NA,NA,SUBSHRUB,PERENNIAL,WOODY,22
586,TEUCRIUM CHAMAEDRYS,allmendb.ch,5.75,5.125,-0.625,16,0.190683889,19.69,14.12995424,1.62,0.187321285,149.5449877,0.264622222,SHRUB,PERENNIAL,WOODY,1
587,TEUCRIUM CHAMAEDRYS,allmendo.ch,2.583333333,3.666666667,1.083333334,16,0.190683889,19.69,14.12995424,1.62,0.187321285,149.5449877,0.264622222,SHRUB,PERENNIAL,WOODY,2
588,THALICTRUM VENULOSUM,brookdale.ca,1.75,1.166666667,-0.583333333,NA,0.1059,NA,19.84,NA,NA,NA,NA,FORB,PERENNIAL,FORB,8
591,THEMEDA TRIANDRA,ukulingadrt.za,15,17,2,13.22821429,1.5,4.35,9.2635,NA,NA,NA,0.2625,GRASS,PERENNIAL,GRASS,60
594,THYMUS SERPYLLUM,allmendb.ch,1.666666667,1.75,0.083333333,19.815,0.08775,NA,12.59845839,0.250506667,0.7,11.2,NA,FORB,PERENNIAL,WOODY,1
595,THYMUS SERPYLLUM,allmendo.ch,1.833333333,1.666666667,-0.166666666,19.815,0.08775,NA,12.59845839,0.250506667,0.7,11.2,NA,FORB,PERENNIAL,WOODY,2
596,THYMUS VULGARIS,ebro.es,2.008951389,1.495168889,-0.5137825,15.125,0.08,NA,10.34931507,0.3318,NA,NA,NA,SUBSHRUB,PERENNIAL,WOODY,22
597,THYMUS VULGARIS,ciempoz.es,7.914166667,6.446666667,-1.4675,15.125,0.08,NA,10.34931507,0.3318,NA,NA,NA,SUBSHRUB,PERENNIAL,WOODY,17
600,TRAGOPOGON PRATENSIS,baddrt.de,0,0.3,0.3,27,0.575,20.30344663,22.41578318,NA,0.170824899,150.3177187,0.287861111,FORB,PERENNIAL,FORB,5
605,TRIFOLIUM MACROCEPHALUM,oreaa.us,3.5,1,-2.5,NA,0.6096,NA,6.89,0.1524,NA,NA,1.85,FORB,PERENNIAL,LEGUME,48
606,TRIFOLIUM MACROCEPHALUM,oreac.us,0.5,3.5,3,NA,0.6096,NA,6.89,0.1524,NA,NA,1.85,FORB,PERENNIAL,LEGUME,49
607,TRIFOLIUM MONTANUM,allmendo.ch,0.5,0.25,-0.25,34.121,0.306666667,NA,18.67023642,0.825,0.113646105,238.0656783,0.246975,FORB,PERENNIAL,LEGUME,2
608,TRIFOLIUM MONTANUM,allmendb.ch,0.25,0.75,0.5,34.121,0.306666667,NA,18.67023642,0.825,0.113646105,238.0656783,0.246975,FORB,PERENNIAL,LEGUME,1
609,TRIFOLIUM PRATENSE,esw.ca,12.33333333,30,17.66666667,40.4444317,0.389308642,21.07704,27.55091965,0.3048,0.16269724,184.5175823,0.256183381,FORB,PERENNIAL,LEGUME,24
610,TRIFOLIUM PRATENSE,pineta.es,2.375,0,-2.375,40.4444317,0.389308642,21.07704,27.55091965,0.3048,0.16269724,184.5175823,0.256183381,FORB,PERENNIAL,LEGUME,52
611,TRIFOLIUM REPENS,elvadrt.ee,2,1,-1,43.78354086,0.236251111,21.66035,26.94650771,0.3048,0.123144013,192.8045087,0.263218929,FORB,PERENNIAL,LEGUME,23
612,TRIFOLIUM REPENS,pineta.es,3,1.125,-1.875,43.78354086,0.236251111,21.66035,26.94650771,0.3048,0.123144013,192.8045087,0.263218929,FORB,PERENNIAL,LEGUME,52
613,TRIODIA BASEDOWII,ethadn.au,49.33333333,72,22.66666667,6.4,1.3,NA,2.93,NA,NA,NA,NA,GRASS,PERENNIAL,GRASS,26
614,TRIODIA BASEDOWII,ethadb.au,31.5,36,4.5,6.4,1.3,NA,2.93,NA,NA,NA,NA,GRASS,PERENNIAL,GRASS,25
615,TRISETUM FLAVESCENS,validate.fr,8.3,6.75,-1.55,27.09907954,0.532263158,8.795034255,22.11711414,0.44,0.166445278,447.4973772,0.175392308,GRASS,PERENNIAL,GRASS,61
616,TRISETUM SPICATUM,falls.au,1,0.5,-0.5,NA,0.32706,NA,21.1,0.3048,NA,NA,0.24,GRASS,PERENNIAL,GRASS,27
617,ULEX PARVIFLORUS,ayora.es,26.66666667,29.66666667,2.999999997,14.1,1.315,NA,4.82,1.5,0.71673186,9.189147922,0.373179167,SHRUB,PERENNIAL,LEGUME,4
629,VERONICA CHAMAEDRYS,elvadrt.ee,1.5,1.333333333,-0.166666667,25.804,0.234,10.00287923,28.10742313,0.34,0.114461321,349.9700698,0.149373333,FORB,PERENNIAL,FORB,23
630,VERONICA CHAMAEDRYS,rhijn.nl,4,0,-4,25.804,0.234,10.00287923,28.10742313,0.34,0.114461321,349.9700698,0.149373333,FORB,PERENNIAL,FORB,53
631,VERONICA CHAMAEDRYS,pineta.es,0,0.5,0.5,25.804,0.234,10.00287923,28.10742313,0.34,0.114461321,349.9700698,0.149373333,FORB,PERENNIAL,FORB,52
632,VICIA AMERICANA,brookdale.ca,1,1,0,42.658,0.2765,21.77,21.29655909,0.254,0.096375062,29.37063333,0.363178334,VINE,PERENNIAL,LEGUME,8
633,VICIA AMERICANA,kinsella.ca,5.6,5.6,0,42.658,0.2765,21.77,21.29655909,0.254,0.096375062,29.37063333,0.363178334,VINE,PERENNIAL,LEGUME,37
634,VICIA AMERICANA,kernnu.ca,1,0.833333333,-0.166666667,42.658,0.2765,21.77,21.29655909,0.254,0.096375062,29.37063333,0.363178334,VINE,PERENNIAL,LEGUME,36
635,VICIA AMERICANA,kernb.ca,1,0.5,-0.5,42.658,0.2765,21.77,21.29655909,0.254,0.096375062,29.37063333,0.363178334,VINE,PERENNIAL,LEGUME,35
636,VICIA AMERICANA,matador.ca,0.5,0.5,0,42.658,0.2765,21.77,21.29655909,0.254,0.096375062,29.37063333,0.363178334,VINE,PERENNIAL,LEGUME,43
637,VICIA CRACCA,elvadrt.ee,1.333333333,1.5,0.166666667,41.79727454,0.879038889,24.42381,26.81365133,0.3048,0.195683333,41.43187551,0.463024976,LEGUME,PERENNIAL,LEGUME,23
641,VICIA SEPIUM,elvadrt.ee,1.666666667,1.333333333,-0.333333334,46.0056,0.683333333,27.307,38.73428571,0.52,0.077475,406.25,0.83175,FORB,PERENNIAL,LEGUME,23
642,VIOLA BETONICIFOLIA,falls.au,0.5,0.5,0,NA,0.2,NA,17.081108,NA,NA,NA,NA,FORB,PERENNIAL,FORB,27
643,VITIS VULPINA,esw.ca,7,6,-1,NA,NA,NA,8.20827,0.4064,NA,NA,NA,VINE,PERENNIAL,WOODY,24
648,ZIZIA APTERA,brookdale.ca,1,1.166666667,0.166666667,16.074,NA,NA,40.37573969,NA,NA,NA,NA,FORB,PERENNIAL,FORB,8
96,BRIZA MEDIA,elvadrt.ee,25,30,5,19.10016667,0.41946,2.042559524,20.92775774,0.52,0.179667951,288.6987236,0.171363333,GRASS,PERENNIAL,GRASS,23
97,BRIZA MEDIA,allmendo.ch,2.416666667,2.416666667,-3.33E-10,19.10016667,0.41946,2.042559524,20.92775774,0.52,0.179667951,288.6987236,0.171363333,GRASS,PERENNIAL,GRASS,2
98,BRIZA MEDIA,allmendb.ch,2.5,2.5,0,19.10016667,0.41946,2.042559524,20.92775774,0.52,0.179667951,288.6987236,0.171363333,GRASS,PERENNIAL,GRASS,1
386,LOLIUM PERENNE,validate.fr,7.02,10,2.98,19.23,0.429,9.7,18.31,0.254,0.104845371,220.8471095,0.1,GRASS,PERENNIAL,GRASS,61
387,LOLIUM PERENNE,jenadrt.de,47.33333333,39.66666667,-7.666666663,19.23,0.429,9.7,18.31,0.254,0.104845371,220.8471095,0.1,GRASS,PERENNIAL,GRASS,33
388,LOLIUM PERENNE,baddrt.de,0.05,0.4,0.35,19.23,0.429,9.7,18.31,0.254,0.104845371,220.8471095,0.1,GRASS,PERENNIAL,GRASS,5
413,OXALIS CONORRHIZA,naposta.ar,1,1,0,NA,0.1176,NA,42.67,NA,NA,NA,NA,FORB,PERENNIAL,FORB,45