,site_code,Taxon,mean.drt.cover.yr1,mean.drt.cover.yr2,diff.drt.trt,leafN.mg.g,height.m,rootN.mg.g,SLA_m2.kg,root.depth_m,RTD.g.cm3,SRL_m.g,rootDiam.mm,local_lifeform,local_lifespan,functional_group,precip,site.id
425,nplatte.us,ALYSSUM DESERTORUM,2,2.25,0.25,NA,0.1,NA,27.17578947,NA,NA,NA,NA,FORB,ANNUAL,FORB,305,46
520,scruzh.us,ANAGALLIS ARVENSIS,5.6818182,9.75,4.0681818,25,0.187,NA,28.34396552,0.315,NA,NA,NA,FORB,ANNUAL,FORB,745,55
88,baddrt.de,APERA SPICA-VENTI,9.366666667,0.3,-9.066666667,NA,0.775,NA,19.13333333,0.66,NA,193.8,NA,GRASS,ANNUAL,GRASS,488.6,5
295,jenadrt.de,ARENARIA SERPYLLIFOLIA,0.5,0.75,0.25,12,0.075,13.275,23.7,0.21,0.067,NA,0.207422972,FORB,ANNUAL,FORB,596.5233333,33
262,ethadn.au,ARISTIDA HOLATHERA,2.5,3,0.5,8.4875,0.7,2.975,5.62,NA,0.745,NA,0.375,GRASS,ANNUAL,GRASS,193,26
259,ethadb.au,ARISTIDA HOLATHERA,3,12.5,9.5,8.4875,0.7,2.975,5.62,NA,0.745,NA,0.375,GRASS,ANNUAL,GRASS,193,25
527,scruzl.us,AVENA BARBATA,1.2195122,9,7.7804878,17,0.389,NA,25.674375,0.5,0.02363125,149,0.373688235,GRASS,ANNUAL,GRASS,745,56
418,naposta.ar,AVENA BARBATA,20,20,0,17,0.389,NA,25.674375,0.5,0.02363125,149,0.373688235,GRASS,ANNUAL,GRASS,553,45
531,scruzm.us,AVENA BARBATA,66.17974404,69,2.82025596,17,0.389,NA,25.674375,0.5,0.02363125,149,0.373688235,GRASS,ANNUAL,GRASS,745,57
68,antelope.us,BASSIA SCOPARIA,0.70375,0.25,-0.45375,32.45,1.184444444,NA,19.65690846,NA,NA,NA,NA,FORB,ANNUAL,FORB,215,3
157,cerrillos.ar,BOUTELOUA ARISTIDOIDES,36.565,30.42,-6.145,15.9,0.04,NA,12.89,0.3,NA,103.65,NA,GRASS,ANNUAL,GRASS,390,13
528,scruzl.us,BROMUS DIANDRUS,1.2195122,5,3.7804878,19.4,0.99,NA,39,NA,NA,238.8,NA,GRASS,ANNUAL,GRASS,745,56
533,scruzm.us,BROMUS DIANDRUS,2.1978022,6.2,4.0021978,19.4,0.99,NA,39,NA,NA,238.8,NA,GRASS,ANNUAL,GRASS,745,57
90,baddrt.de,BROMUS HORDEACEUS,0.01,0.2,0.19,25.57289667,0.6899,10.2,27.25455017,0.254,0.137083333,471.2364007,0.2,GRASS,ANNUAL,GRASS,488.6,5
522,scruzh.us,BROMUS HORDEACEUS,2.76928305,5,2.23071695,25.57289667,0.6899,10.2,27.25455017,0.254,0.137083333,471.2364007,0.2,GRASS,ANNUAL,GRASS,745,55
454,oreaa.us,BROMUS JAPONICUS,0.5,0.5,0,20.898,0.424044444,NA,19.31803729,1.5,NA,NA,0.54,GRASS,ANNUAL,GRASS,497,48
456,oreac.us,BROMUS JAPONICUS,13.1,15.1,2,20.898,0.424044444,NA,19.31803729,1.5,NA,NA,0.54,GRASS,ANNUAL,GRASS,497,49
132,capmcd.us,BROMUS RUBENS,0.5,0.166666667,-0.333333333,28.7686987,0.39624,NA,18.713372,0.2032,NA,NA,NA,GRASS,ANNUAL,GRASS,204,9
278,gmgranite.us,BROMUS RUBENS,0.5,0.1,-0.4,28.7686987,0.39624,NA,18.713372,0.2032,NA,NA,NA,GRASS,ANNUAL,GRASS,220,28
281,gmmolar.us,BROMUS RUBENS,1.428571429,0.114285714,-1.314285715,28.7686987,0.39624,NA,18.713372,0.2032,NA,NA,NA,GRASS,ANNUAL,GRASS,220,29
194,cowidrt.ca,BROMUS STERILIS,3.333333333,5.333333333,2,27.9,0.658333333,NA,30.5349098,1.5,0.4459545,279.231,NA,GRASS,ANNUAL,GRASS,1134,19
92,baddrt.de,BROMUS STERILIS,5,10,5,27.9,0.658333333,NA,30.5349098,1.5,0.4459545,279.231,NA,GRASS,ANNUAL,GRASS,488.6,5
288,hard.us,BROMUS TECTORUM,5,4,-1,18.768,0.198681818,7.006735802,17.28496,0.90288,0.47,31.204325,0.57,GRASS,ANNUAL,GRASS,462,30
423,nplatte.us,BROMUS TECTORUM,14.14285714,5.333333333,-8.809523807,18.768,0.198681818,7.006735802,17.28496,0.90288,0.47,31.204325,0.57,GRASS,ANNUAL,GRASS,305,46
534,scruzm.us,CARDUUS PYCNOCEPHALUS,7.11889028,3,-4.11889028,8.2,0.8,NA,38,NA,NA,NA,NA,FORB,ANNUAL,FORB,745,57
524,scruzl.us,CARDUUS PYCNOCEPHALUS,20.12987015,12,-8.12987015,8.2,0.8,NA,38,NA,NA,NA,NA,FORB,ANNUAL,FORB,745,56
187,cowidrt.ca,CERASTIUM GLOMERATUM,1,1.4,0.4,17.025,0.249,14.7,23.38503171,0.11,0.4988333,318,NA,FORB,ANNUAL,FORB,1134,19
432,oklah.us,CHAMAECRISTA FASCICULATA,0.5,0.5,0,39.6,0.73152,NA,20.88,0.3556,0.162591084,96.91819095,0.2980125,FORB,ANNUAL,LEGUME,880,47
451,oreaa.us,COLLINSIA PARVIFLORA,0.5,0.5,0,NA,0.3048,NA,32.3,NA,NA,NA,0.28,FORB,ANNUAL,FORB,497,48
464,oreac.us,COLLINSIA PARVIFLORA,0.6,0.5,-0.1,NA,0.3048,NA,32.3,NA,NA,NA,0.28,FORB,ANNUAL,FORB,497,49
93,baddrt.de,CREPIS CAPILLARIS,9,0.9,-8.1,25.65,0.458333333,10.7,35.00023666,0.385,NA,138,NA,FORB,ANNUAL,FORB,488.6,5
243,elvadrt.ee,CREPIS TECTORUM,2,2,0,14.21254536,0.148,NA,22.33002853,NA,NA,119,0.34,FORB,ANNUAL,FORB,680,23
427,oklah.us,CROTON MONANTHOGYNUS,1.75,3,1.25,17.5,NA,NA,18.1,NA,NA,NA,NA,FORB,ANNUAL,FORB,880,47
447,oreaa.us,DRABA VERNA,0.5,0.5,0,20.4,0.42,NA,22.11,1.318005405,0.78395,18.8462,0.52189,FORB,ANNUAL,FORB,497,48
443,oreaa.us,EPILOBIUM BRACHYCARPUM,0.9,1.1,0.2,30.48666667,0.286,10.95816314,21.56584,NA,NA,81.71053333,NA,FORB,ANNUAL,FORB,497,48
463,oreac.us,EPILOBIUM BRACHYCARPUM,1.5,0.7,-0.8,30.48666667,0.286,10.95816314,21.56584,NA,NA,81.71053333,NA,FORB,ANNUAL,FORB,497,49
257,esw.ca,ERIGERON ANNUUS,1,1.333333333,0.333333333,13.87251282,0.790891667,NA,23.37334387,1.02,0.32875817,62.7520477,0.25,FORB,ANNUAL,FORB,1011.5,24
541,spvdrt.ar,ERODIUM CICUTARIUM,1,1,0,34.47666667,0.0275,11.48,28.8428,0.5,0.43626943,71.7331,0.1243,FORB,ANNUAL,FORB,220.6,59
280,gmmolar.us,ERODIUM CICUTARIUM,3.928571429,0.1,-3.828571429,34.47666667,0.0275,11.48,28.8428,0.5,0.43626943,71.7331,0.1243,FORB,ANNUAL,FORB,220,29
277,gmgranite.us,ERODIUM CICUTARIUM,6.714285714,0.1,-6.614285714,34.47666667,0.0275,11.48,28.8428,0.5,0.43626943,71.7331,0.1243,FORB,ANNUAL,FORB,220,28
188,cowidrt.ca,GALIUM APARINE,1,1,0,30.3875,0.765787211,17.66740825,34.58771111,0.1016,0.246153846,342.4265529,0.153183334,FORB,ANNUAL,FORB,1134,19
511,rhijn.nl,GALIUM MOLLUGO,25,13.66666667,-11.33333333,29.6653889,0.57825,12.06782427,21.5515698,0.1688729,0.105319476,406.1581499,0.264461111,FORB,ANNUAL,FORB,796.92,53
300,jenadrt.de,GERANIUM DISSECTUM,2,3.666666667,1.666666667,19.13,0.151,NA,17.86,0.5,0.382010582,207.6012196,0.122766667,FORB,ANNUAL,FORB,596.5233333,33
526,scruzl.us,GERANIUM DISSECTUM,3.799262233,7,3.200737767,19.13,0.151,NA,17.86,0.5,0.382010582,207.6012196,0.122766667,FORB,ANNUAL,FORB,745,56
542,spvdrt.ar,HORDEUM MURINUM,3,2,-1,31.1,0.405416667,NA,28.1259188,0.1,NA,204.9930273,0.217582152,GRASS,ANNUAL,GRASS,220.6,59
397,marcdrt.ar,HORDEUM PUSILLUM,1,1,0,NA,0.36576,NA,32.4,0.2032,0.278984039,157.1579379,0.1830875,GRASS,ANNUAL,GRASS,927.9,42
519,scruzh.us,LINUM BIENNE,6.29785905,3.5,-2.79785905,27.53,0.375,NA,26.60625,NA,NA,NA,NA,FORB,ANNUAL,FORB,745,55
240,elvadrt.ee,LINUM CATHARTICUM,1.5,1.5,0,20.2751018,0.184833333,NA,29.89038332,0.18,0.3081,160,1.190476,FORB,ANNUAL,FORB,680,23
55,allmendo.ch,LINUM CATHARTICUM,1.666666667,0.25,-1.416666667,20.2751018,0.184833333,NA,29.89038332,0.18,0.3081,160,1.190476,FORB,ANNUAL,FORB,957,2
24,allmendb.ch,LINUM CATHARTICUM,2.083333333,1.083333333,-1,20.2751018,0.184833333,NA,29.89038332,0.18,0.3081,160,1.190476,FORB,ANNUAL,FORB,957,1
438,oklah.us,LINUM SULCATUM,0.5,0.5,0,NA,NA,NA,17.12,NA,NA,NA,NA,FORB,ANNUAL,FORB,880,47
207,credom.au,MEDICAGO MINIMA,2,0.5,-1.5,36.2,0.1701,NA,24.66638889,0.22,0.0815,211.5066667,0.3834,LEGUME,ANNUAL,LEGUME,259.6,21
539,slp.us,MONARDA PUNCTATA,5,3,-2,13.2,0.4265,NA,18.95202815,NA,NA,NA,NA,FORB,ANNUAL,FORB,930.7024634,58
355,konzadrt.us,PANICUM CAPILLARE,1.5,2.666666667,1.166666667,17.0314031,0.43545,NA,27.43942379,0.62,0.14,218,0.1917,GRASS,ANNUAL,GRASS,830,38
133,capwhite.us,PLANTAGO PATAGONICA,1,0.125,-0.875,16.75319,0.1524,NA,7.068,0.1524,0.406666667,171.778132,0.173233333,FORB,ANNUAL,FORB,204,10
547,spvdrt.ar,PLANTAGO PATAGONICA,1,1.5,0.5,16.75319,0.1524,NA,7.068,0.1524,0.406666667,171.778132,0.173233333,FORB,ANNUAL,FORB,220.6,59
96,bfl.us,PLANTAGO RHODOSPERMA,1,1,0,NA,NA,NA,17.37,NA,NA,NA,NA,FORB,ANNUAL,FORB,860.5334792,6
532,scruzm.us,RAPHANUS SATIVUS,20.57703828,4.5,-16.07703828,40.5,0.715,14.825,34.60857143,1.566667,NA,NA,NA,FORB,ANNUAL,FORB,745,57
529,scruzl.us,RAPHANUS SATIVUS,61.0981501,45.2,-15.8981501,40.5,0.715,14.825,34.60857143,1.566667,NA,NA,NA,FORB,ANNUAL,FORB,745,56
20,allmendb.ch,RHINANTHUS MINOR,2,0.5,-1.5,34.3558401,0.395833333,NA,18.84206584,0.08,NA,NA,NA,FORB,ANNUAL,FORB,957,1
97,bfl.us,RUDBECKIA HIRTA,1.5,1,-0.5,28.33854,0.48345,21.64598,19.67108394,0.254,0.14325585,119.2626432,0.2691575,FORB,ANNUAL,FORB,860.5334792,6
536,slp.us,RUDBECKIA HIRTA,5.5,1.5,-4,28.33854,0.48345,21.64598,19.67108394,0.254,0.14325585,119.2626432,0.2691575,FORB,ANNUAL,FORB,930.7024634,58
66,antelope.us,SALSOLA KALI,0.933333333,0.55,-0.383333333,7.39,NA,NA,10.84692732,1.38,NA,19.34,0.183333333,FORB,ANNUAL,WOODY,215,3
199,credoj.au,SALVIA VERBENACA,0.5,0.5,0,NA,0.508333333,NA,11.94,NA,NA,NA,NA,FORB,ANNUAL,FORB,259.6,20
208,credom.au,SALVIA VERBENACA,0.8,0.5,-0.3,NA,0.508333333,NA,11.94,NA,NA,NA,NA,FORB,ANNUAL,FORB,259.6,21
544,spvdrt.ar,SCHISMUS BARBATUS,1.333333333,1,-0.333333333,NA,0.25,NA,18.21,0.16,NA,81.47,NA,GRASS,ANNUAL,GRASS,220.6,59
279,gmgranite.us,SCHISMUS BARBATUS,3.714285714,0.1,-3.614285714,NA,0.25,NA,18.21,0.16,NA,81.47,NA,GRASS,ANNUAL,GRASS,220,28
525,scruzl.us,SONCHUS ASPER,14.54787123,5.5,-9.04787123,27.6,0.5875,NA,24.97389591,0.69,0.301036269,223.2180487,0.1419,FORB,ANNUAL,FORB,745,56
282,hard.us,THLASPI ARVENSE,3,2,-1,NA,0.423333333,NA,24.42761317,0.49,0.42845,105,0.2761525,FORB,ANNUAL,FORB,462,30
312,jorndrt.us,TIDESTROMIA LANUGINOSA,0.2,1,0.8,NA,0.3,NA,17.09882973,0.265,NA,4.37819,0.074,FORB,ANNUAL,FORB,241.88,34
297,jenadrt.de,TRIFOLIUM DUBIUM,2,0.75,-1.25,35.6,0.076,27.56771735,30.39,0.3445,0.109,254.8747547,0.231187416,LEGUME,ANNUAL,LEGUME,596.5233333,33
186,cowidrt.ca,VALERIANELLA LOCUSTA,2.5,5.25,2.75,26,0.1925,NA,31.7,0.05,0.56326,204,1.242171,FORB,ANNUAL,FORB,1134,19
457,oreac.us,VENTENATA DUBIA,1,5.75,4.75,NA,0.225,NA,20.5,NA,NA,NA,0.28,GRASS,ANNUAL,GRASS,497,49
444,oreaa.us,VENTENATA DUBIA,8.75,14.5,5.75,NA,0.225,NA,20.5,NA,NA,NA,0.28,GRASS,ANNUAL,GRASS,497,48
299,jenadrt.de,VERONICA ARVENSIS,0.5,0.5,0,15,0.187777778,NA,21.00097059,0.19,0.7139167,224.167,0.98561,FORB,ANNUAL,FORB,596.5233333,33
183,cowidrt.ca,VERONICA ARVENSIS,1,1,0,15,0.187777778,NA,21.00097059,0.19,0.7139167,224.167,0.98561,FORB,ANNUAL,FORB,1134,19
195,cowidrt.ca,VICIA HIRSUTA,2.25,1.2,-1.05,43.2098,0.4375,28.02801,22.05714286,0.66,0.3375,87.90712843,0.2074,FORB,ANNUAL,LEGUME,1134,19
196,cowidrt.ca,VICIA SATIVA,1.75,1.75,0,32.1,0.7509,3.5,26.61714286,0.3048,0.430769231,60.47073255,0.222666667,FORB,ANNUAL,LEGUME,1134,19
545,spvdrt.ar,VULPIA BROMOIDES,1,1,0,NA,0.2225,NA,20.86,0.4995,NA,417.75,0.2945,GRASS,ANNUAL,GRASS,220.6,59
91,baddrt.de,VULPIA MYUROS,3.533333333,15.4,11.86666667,17.1507779,0.435733333,7.5,22.38333333,0.3048,0.044,268.91,NA,GRASS,ANNUAL,GRASS,488.6,5
518,scruzh.us,VULPIA MYUROS,4.135648425,5,0.864351575,17.1507779,0.435733333,7.5,22.38333333,0.3048,0.044,268.91,NA,GRASS,ANNUAL,GRASS,745,55
530,scruzl.us,VULPIA MYUROS,22.72727275,20.5,-2.22727275,17.1507779,0.435733333,7.5,22.38333333,0.3048,0.044,268.91,NA,GRASS,ANNUAL,GRASS,745,56
349,konzadrt.us,ERIGERON STRIGOSUS,1,3,2,12.3765,0.566,NA,24.97386549,0.254,NA,NA,NA,FORB,ANNUAL,FORB,830,38
441,oklah.us,ERIGERON STRIGOSUS,1.75,3,1.25,12.3765,0.566,NA,24.97386549,0.254,NA,NA,NA,FORB,PERENNIAL,FORB,880,47
523,scruzl.us,CIRSIUM VULGARE,14.6156689,5.5,-9.1156689,38.6,1.175,NA,14.23064781,2.1,0.285613682,131.2433191,0.184,FORB,BIENNIAL,FORB,745,56
229,elvadrt.ee,DAUCUS CAROTA,1,1,0,23.75644602,0.487097662,12.75277167,17.37707021,0.8266667,0.329231092,244.5257138,0.314314803,FORB,BIENNIAL,FORB,680,23
251,esw.ca,DAUCUS CAROTA,1,1,0,23.75644602,0.487097662,12.75277167,17.37707021,0.8266667,0.329231092,244.5257138,0.314314803,FORB,BIENNIAL,FORB,1011.5,24
417,naposta.ar,DIPLOTAXIS TENUIFOLIA,5.333333333,8.333333333,3,NA,0.575,NA,22.45,NA,NA,NA,NA,FORB,BIENNIAL,FORB,553,45
420,naposta.ar,LACTUCA SERRIOLA,3,1,-2,32,0.9375,NA,21.4302,0.825,0.2572538,193.07,0.61,FORB,BIENNIAL,FORB,553,45
307,jenadrt.de,MEDICAGO LUPULINA,0.5,0.5,0,32.94,0.112,26.12778969,21.96,0.3048,0.105696982,180.1564169,0.281707971,FORB,BIENNIAL,LEGUME,596.5233333,33
226,elvadrt.ee,MEDICAGO LUPULINA,3,1.666666667,-1.333333333,32.94,0.112,26.12778969,21.96,0.3048,0.105696982,180.1564169,0.281707971,FORB,BIENNIAL,LEGUME,680,23
413,mattheis.ca,TRAGOPOGON DUBIUS,1,1,0,26.314,0.34175,11.37,18.88481429,0.1524,0.27502617,48.55913333,0.359875,FORB,BIENNIAL,FORB,329.11,44
359,lygraint.no,AGROSTIS CANINA,1,1,0,20.86288625,0.4223,9.3,33.1583154,0.254,NA,NA,0.15,GRASS,PERENNIAL,GRASS,2234,40
386,lygraold.no,AGROSTIS CANINA,2,1,-1,20.86288625,0.4223,9.3,33.1583154,0.254,NA,NA,0.15,GRASS,PERENNIAL,GRASS,2234,41
500,pineta.es,ASTRANTIA MAJOR,8,5.5,-2.5,28.539,0.4215,NA,22.75909384,NA,NA,NA,NA,FORB,PERENNIAL,FORB,1356.602,52
399,marcdrt.ar,BROMUS CATHARTICUS,15,1,-14,NA,0.9572,4.9,35,0.3048,0.079079135,129.3385704,0.30525,GRASS,BOTH,GRASS,927.9,42
383,lygraold.no,CAREX ECHINATA,1,30,29,17.8,0.33305,NA,15.53,0.2032,NA,NA,NA,GRAMINOID,PERENNIAL,GRAMINOID,2234,41
388,lygraold.no,CAREX NIGRA,7.333333333,2,-5.333333333,24.40009307,0.388666667,6.648625922,20.83559904,0.78,0.2198095,52.8,0.2421,GRAMINOID,PERENNIAL,GRAMINOID,2234,41
366,lygraint.no,CAREX PANICEA,3,2,-1,16.1715862,0.31,NA,17.69830765,0.49,NA,9.14,NA,GRAMINOID,PERENNIAL,GRAMINOID,2234,40
371,lygraint.no,CAREX PILULIFERA,1.666666667,1,-0.666666667,27.98325592,0.225625,NA,19.13235729,NA,NA,NA,NA,GRAMINOID,NA,GRAMINOID,2234,40
176,ciempoz.es,CENTAUREA HYSSOPIFOLIA,1.5,0.88,-0.62,17.42720296,0.42,NA,9.955818151,NA,NA,NA,NA,SUBSHRUB,NA,WOODY,363.6,17
193,cowidrt.ca,CLAYTONIA PERFOLIATA,21.66666667,14.5,-7.16666667,24.6,0.222866667,NA,52.4560081,0.1524,NA,NA,NA,FORB,BOTH,FORB,1134,19
360,lygraint.no,CORNUS SUECICA,1,1,0,19.69489943,0.171111111,7.812801366,32.24866466,NA,0.1481156,NA,NA,FORB,PERENNIAL,WOODY,2234,40
493,pineta.es,CRUCIATA GLABRA,0.5,0.5,0,17.002,0.194,NA,21.52069774,0.14,NA,NA,NA,FORB,PERENNIAL,FORB,1356.602,52
492,pineta.es,DACTYLORHIZA MACULATA,1.125,0.5,-0.625,22.6,0.6,NA,24.23285714,NA,NA,NA,NA,FORB,PERENNIAL,FORB,1356.602,52
488,pineta.es,DAPHNE LAUREOLA,5.5,1.75,-3.75,NA,0.9625,NA,9.236666667,NA,NA,NA,NA,WOODY,PERENNIAL,WOODY,1356.602,52
491,pineta.es,Epipactis PALUSTRIS,3,3,0,NA,NA,NA,22.62,NA,NA,NA,NA,FORB,PERENNIAL,FORB,1356.602,52
165,charleville.au,EREMOPHILA GILESII,46.66666667,35,-11.66666667,NA,0.90825,NA,8.200857,NA,NA,NA,NA,SHRUB,PERENNIAL,WOODY,451,15
375,lygraint.no,ERICA TETRALIX,5.5,2,-3.5,11.50813841,0.465833333,NA,10.60442241,NA,NA,NA,0.07,SUBSHRUB,PERENNIAL,WOODY,2234,40
392,lygraold.no,ERICA TETRALIX,10,5.5,-4.5,11.50813841,0.465833333,NA,10.60442241,NA,NA,NA,0.07,SUBSHRUB,PERENNIAL,WOODY,2234,41
382,lygraold.no,ERIOPHORUM VAGINATUM,12,1,-11,18.34176544,0.441666667,7.2,10.24422818,0.4,0.0933333,148.81,0.756666667,GRAMINOID,PERENNIAL,GRAMINOID,2234,41
374,lygraint.no,FESTUCA VIVIPARA,2,1,-1,NA,0.065,NA,11.02,NA,NA,NA,NA,GRASS,PERENNIAL,GRASS,2234,40
365,lygraint.no,GALIUM SAXATILE,1,2,1,25.1,0.175,NA,25.08983957,NA,NA,NA,NA,FORB,PERENNIAL,FORB,2234,40
213,ebro.es,GENISTA SCORPIUS,5.560632001,4.166110667,-1.394521334,NA,1.5,NA,9.527159544,0.84,NA,NA,NA,SHRUB,PERENNIAL,LEGUME,385,22
182,cowidrt.ca,GERANIUM MOLLE,3.5,8.5,5,26.45,0.296666667,NA,23.20870159,0.53,0.329104478,289.9024475,0.112466667,FORB,THREE,FORB,1134,19
301,jenadrt.de,GERANIUM PUSILLUM,12.33333333,54.33333333,42,17.47,0.2,NA,26.42,0.59,0.417391304,192.0238007,0.1212,FORB,BOTH,FORB,596.5233333,33
498,pineta.es,GYMNADENIA CONOPSEA,0.5,0.5,0,28.85621237,0.45,NA,19.92759166,0.07,NA,NA,NA,FORB,PERENNIAL,FORB,1356.602,52
214,ebro.es,GYPSOPHILA STRUTHIUM,2.835730333,5.02656,2.190829667,16.70948548,0.6,NA,4.877171445,NA,NA,NA,NA,SHRUB,PERENNIAL,WOODY,385,22
178,ciempoz.es,GYPSOPHILA STRUTHIUM,8.034,6.474,-1.56,16.70948548,0.6,NA,4.877171445,NA,NA,NA,NA,SHRUB,PERENNIAL,WOODY,363.6,17
217,ebro.es,HELIANTHEMUM MARIFOLIUM,1.185808556,0.788599778,-0.397208778,NA,0.3,NA,7.659559676,0.28,NA,NA,NA,SHRUB,PERENNIAL,WOODY,385,22
211,ebro.es,HELIANTHEMUM SQUAMATUM,0.371756,0.36652,-0.005236,13.91070827,0.2,NA,5.358237548,0.65,NA,NA,NA,SUBSHRUB,PERENNIAL,WOODY,385,22
177,ciempoz.es,HELIANTHEMUM SQUAMATUM,1.514166667,1.31,-0.204166667,13.91070827,0.2,NA,5.358237548,0.65,NA,NA,NA,SUBSHRUB,PERENNIAL,WOODY,363.6,17
220,ebro.es,HELICHRYSUM STOECHAS,0.2258025,0.248273667,0.022471167,15.1,0.4,NA,14.05029913,0.52,0.652701216,6.114890701,0.49195,SHRUB,BOTH,WOODY,385,22
501,pineta.es,HEPATICA NOBILIS,3,1.75,-1.25,24,NA,NA,27.165,NA,NA,NA,NA,FORB,PERENNIAL,FORB,1356.602,52
210,ebro.es,JUNIPERUS PHOENICEA,0.623084,0.456404667,-0.166679334,8.407,NA,NA,5.437737901,2.5,0.625121324,8.033595128,0.5192,SHRUB,PERENNIAL,WOODY,385,22
175,ciempoz.es,LEPIDIUM SUBULATUM,12.93785714,12.90428571,-0.033571426,19.94806715,0.3,NA,6.508870465,0.74,NA,NA,NA,SUBSHRUB,PERENNIAL,WOODY,363.6,17
361,lygraint.no,LYSIMACHIA EUROPAEA,1,1,0,32.8,0.09,NA,51,NA,NA,NA,NA,FORB,PERENNIAL,FORB,2234,40
387,lygraold.no,MOLINIA CAERULEA,1.5,7.333333333,5.833333333,19.7245873,0.699125,8.366751778,17.87260174,0.8,0.20066,56.8752851,0.269333333,GRASS,PERENNIAL,GRASS,2234,41
372,lygraint.no,MOLINIA CAERULEA,6,1,-5,19.7245873,0.699125,8.366751778,17.87260174,0.8,0.20066,56.8752851,0.269333333,GRASS,PERENNIAL,GRASS,2234,40
384,lygraold.no,NARTHECIUM OSSIFRAGUM,3,2,-1,24.7,0.2325,NA,24.15,0.22,NA,NA,NA,FORB,PERENNIAL,FORB,2234,41
490,pineta.es,NEOTTIA OVATA,1.75,1.333333333,-0.416666667,NA,0.32,NA,30.18571429,NA,NA,NA,NA,FORB,PERENNIAL,FORB,1356.602,52
364,lygraint.no,PEDICULARIS SYLVATICA,1,1,0,NA,0.161666667,24.01,11.55,NA,NA,NA,NA,FORB,"BIENNIAL, PERENNIAL",FORB,2234,40
373,lygraint.no,POTENTILLA ERECTA,2.333333333,2.666666667,0.333333334,25.74581524,0.203633333,9.89,22.4188617,0.55,0.3627833,230,0.88602,FORB,PERENNIAL,FORB,2234,40
381,lygraold.no,POTENTILLA ERECTA,3,8,5,25.74581524,0.203633333,9.89,22.4188617,0.55,0.3627833,230,0.88602,FORB,PERENNIAL,FORB,2234,41
489,pineta.es,POTENTILLA ERECTA,3,3,0,25.74581524,0.203633333,9.89,22.4188617,0.55,0.3627833,230,0.88602,FORB,PERENNIAL,FORB,1356.602,52
260,ethadb.au,PTILOTUS POLYSTACHYUS,21,0.1,-20.9,23.98,1,NA,9.6,NA,NA,37,NA,FORB,BOTH,FORB,193,25
561,yarradrt.au,SETARIA PARVIFLORA,3.333333333,2.04,-1.293333333,17.972,0.316785714,NA,26.31,NA,0.14029,NA,0.045,NULL,PERENNIAL,GRASS,800,62
389,lygraold.no,SORBUS AUCUPARIA,2,1,-1,22.42468397,12.84846655,10.49866006,18.97387301,0.7112,0.252348857,120.9392604,1.3965,TREE,PERENNIAL,WOODY,2234,41
216,ebro.es,THYMELAEA TINCTORIA,3.45576,3.409508667,-0.046251333,NA,0.038,NA,7.45,1.46,NA,NA,NA,SHRUB,PERENNIAL,WOODY,385,22
370,lygraint.no,TRICHOPHORUM CESPITOSUM,11,9.5,-1.5,15.3,0.4,4.4,3.79,0.1,0.199,35.47,0.425,GRAMINOID,PERENNIAL,GRAMINOID,2234,40
391,lygraold.no,TRICHOPHORUM CESPITOSUM,12.5,6,-6.5,15.3,0.4,4.4,3.79,0.1,0.199,35.47,0.425,GRAMINOID,PERENNIAL,GRAMINOID,2234,41
385,lygraold.no,TRIENTALIS EUROPEA,1,1,0,NA,NA,NA,47.591,NA,NA,NA,NA,FORB,PERENNIAL,FORB,2234,41
376,lygraint.no,VACCINIUM MYRTILLUS,2,4,2,18.74819405,0.386262821,5.5077,20.04821764,0.23575,0.094987,7,0.35,SUBSHRUB,PERENNIAL,WOODY,2234,40
378,lygraold.no,VACCINIUM MYRTILLUS,15,10,-5,18.74819405,0.386262821,5.5077,20.04821764,0.23575,0.094987,7,0.35,SUBSHRUB,PERENNIAL,WOODY,2234,41
363,lygraint.no,VACCINIUM ULIGINOSUM,1,1,0,19.4998079,0.470266667,4.2,13.90672208,0.2274,0.1278406,162.5,0.124,SUBSHRUB,PERENNIAL,WOODY,2234,40
390,lygraold.no,VACCINIUM ULIGINOSUM,3.5,2,-1.5,19.4998079,0.470266667,4.2,13.90672208,0.2274,0.1278406,162.5,0.124,SUBSHRUB,PERENNIAL,WOODY,2234,41
367,lygraint.no,VACCINIUM VITIS-IDAEA,7,7,0,10.93425771,0.231449383,6.33333,9.170438572,0.2024,NA,NA,1.25,SUBSHRUB,PERENNIAL,WOODY,2234,40
380,lygraold.no,VACCINIUM VITIS-IDAEA,10.33333333,9,-1.33333333,10.93425771,0.231449383,6.33333,9.170438572,0.2024,NA,NA,1.25,SUBSHRUB,PERENNIAL,WOODY,2234,41
465,paike.ar,ACAENA PINNATIFIDA,1,1,0,NA,0.025,NA,9.38,NA,NA,NA,NA,FORB,PERENNIAL,FORB,202,50
52,allmendo.ch,ACHILLEA MILLEFOLIUM,0.75,1.25,0.5,19.234,0.559,4.8,7.859942857,0.2032,0.138977909,35.26726667,0.26778,FORB,PERENNIAL,FORB,957,2
8,allmendb.ch,ACHILLEA MILLEFOLIUM,1.25,1.416666667,0.166666667,19.234,0.559,4.8,7.859942857,0.2032,0.138977909,35.26726667,0.26778,FORB,PERENNIAL,FORB,957,1
118,brookdale.ca,ACHILLEA MILLEFOLIUM,1.5,1,-0.5,19.234,0.559,4.8,7.859942857,0.2032,0.138977909,35.26726667,0.26778,FORB,PERENNIAL,FORB,474.2,8
461,oreac.us,ACHILLEA MILLEFOLIUM,1.833333333,1,-0.833333333,19.234,0.559,4.8,7.859942857,0.2032,0.138977909,35.26726667,0.26778,FORB,PERENNIAL,FORB,497,49
284,hard.us,ACHILLEA MILLEFOLIUM,2,1.666666667,-0.333333333,19.234,0.559,4.8,7.859942857,0.2032,0.138977909,35.26726667,0.26778,FORB,PERENNIAL,FORB,462,30
321,kernb.ca,ACHILLEA MILLEFOLIUM,2.666666667,3,0.333333333,19.234,0.559,4.8,7.859942857,0.2032,0.138977909,35.26726667,0.26778,FORB,PERENNIAL,FORB,353.7,35
237,elvadrt.ee,ACHILLEA MILLEFOLIUM,6.666666667,5.666666667,-1,19.234,0.559,4.8,7.859942857,0.2032,0.138977909,35.26726667,0.26778,FORB,PERENNIAL,FORB,680,23
346,kinsella.ca,ACHILLEA MILLEFOLIUM,15,15,0,19.234,0.559,4.8,7.859942857,0.2032,0.138977909,35.26726667,0.26778,FORB,PERENNIAL,FORB,406.24,37
130,brookdale.ca,AGASTACHE FOENICULUM,1.5,1.5,0,14.7,NA,NA,15.29,0.124,0.18,56.33396667,0.42,FORB,PERENNIAL,FORB,474.2,8
234,elvadrt.ee,AGRIMONIA EUPATORIA,1,1,0,14.78,0.087,14.78,13.66,1.55,0.1143,NA,NA,FORB,PERENNIAL,FORB,680,23
494,pineta.es,AGROSTIS CAPILLARIS,37.16666667,2.166666667,-35,27.65006595,0.393022873,8.907142857,29.44748071,0.3048,0.230872486,141.2639378,0.128571429,GRASS,PERENNIAL,GRASS,1356.602,52
396,marcdrt.ar,AGROSTIS MONTEVIDENSIS,5.5,5.333333333,-0.166666667,NA,0.229358974,NA,12,NA,NA,NA,NA,FORB,PERENNIAL,GRASS,927.9,42
471,passogavia.it,AGROSTIS RUPESTRIS,1.7,1.7,0,17,0.035,NA,15.5,NA,NA,NA,NA,GRASS,PERENNIAL,GRASS,1281,51
480,passogavia.it,ALCHEMILLA PENTAPHYLLEA,53.8,52,-1.8,37,NA,NA,21,NA,NA,NA,NA,FORB,PERENNIAL,FORB,1281,51
162,cerrillos.ar,ALLIONIA INCARNATA,1.25,1.88,0.63,NA,0.4,NA,21.88917424,0.4,NA,10.31,0.665,FORB,PERENNIAL,FORB,390,13
446,oreaa.us,ALLIUM ACUMINATUM,1,0.5,-0.5,NA,0.3048,NA,8.45,0.1524,NA,NA,1.64,FORB,PERENNIAL,FORB,497,48
559,validate.fr,ALOPECURUS PRATENSIS,16.4,20.6,4.2,23.8325776,0.806266667,9.698958476,27.30021588,0.3048,0.069943613,230.6921222,0.305414955,GRASS,PERENNIAL,GRASS,790,61
538,slp.us,AMBROSIA PSILOSTACHYA,10.33333333,1,-9.33333333,23.246,0.4385,12.9,15.82842,0.99,0.37,72.86943333,0.44,FORB,PERENNIAL,FORB,930.7024634,58
433,oklah.us,AMBROSIA PSILOSTACHYA,19,11,-8,23.246,0.4385,12.9,15.82842,0.99,0.37,72.86943333,0.44,FORB,PERENNIAL,FORB,880,47
393,marcdrt.ar,AMBROSIA TENUIFOLIA,1,2,1,18.2,4.572,NA,9.366271504,0.6096,NA,NA,NA,FORB,PERENNIAL,FORB,927.9,42
172,chilcasdrt.ar,AMBROSIA TENUIFOLIA,2.958333333,0.25,-2.708333333,18.2,4.572,NA,9.366271504,0.6096,NA,NA,NA,FORB,PERENNIAL,FORB,950,16
143,cedarsav.us,AMORPHA CANESCENS,6.75,3.5,-3.25,22.25861206,0.446,27.18327333,13.80561828,0.508,0.59,45.95532256,0.19,FORB,PERENNIAL,LEGUME,682,11
127,brookdale.ca,ANDROPOGON GERARDII,2.611111111,1.25,-1.361111111,11.43191184,1.43,14.4,7.475763032,0.508,0.2,65.1,0.7,GRASS,PERENNIAL,GRASS,474.2,8
154,cedartrait.us,ANDROPOGON GERARDII,6.4,1,-5.4,11.43191184,1.43,14.4,7.475763032,0.508,0.2,65.1,0.7,GRASS,PERENNIAL,GRASS,682,12
138,cedarsav.us,ANDROPOGON GERARDII,8.8,9,0.2,11.43191184,1.43,14.4,7.475763032,0.508,0.2,65.1,0.7,GRASS,PERENNIAL,GRASS,682,11
356,konzadrt.us,ANDROPOGON GERARDII,53.6,15,-38.6,11.43191184,1.43,14.4,7.475763032,0.508,0.2,65.1,0.7,GRASS,PERENNIAL,GRASS,830,38
238,elvadrt.ee,ANTHOXANTHUM ODORATUM,1.5,1.333333333,-0.166666667,23.59023243,0.383753535,8.005555556,24.91123988,0.155,0.107066623,344.3025853,0.111111111,GRASS,PERENNIAL,GRASS,680,23
181,cowidrt.ca,ANTHOXANTHUM ODORATUM,3.4,1,-2.4,23.59023243,0.383753535,8.005555556,24.91123988,0.155,0.107066623,344.3025853,0.111111111,GRASS,PERENNIAL,GRASS,1134,19
56,allmendo.ch,ANTHYLLIS VULNERARIA,1.5,1.916666667,0.416666667,32.33118574,0.2845,19.6042,18.21819656,1.7,0.22014466,149.3012403,0.25,FORB,PERENNIAL,LEGUME,957,2
552,ukulingadrt.za,ARISTIDA JUNCIFORMIS,9,25,16,9.7441916,NA,NA,8.6,NA,NA,NA,NA,GRASS,PERENNIAL,GRASS,732.6,60
468,paike.ar,ARMERIA MARITIMA,1,1,0,17,0.308106667,9.3,21.1502,0.254,0.2612175,57.875,0.221876923,FORB,PERENNIAL,FORB,202,50
557,validate.fr,ARRHENATHERUM ELATIUS,9.6,11.6,2,25.84,0.857,8.902914385,29.67,0.3556,0.119407807,190.1954961,0.304707692,"GRASS, Forb (Jena)",PERENNIAL,GRASS,790,61
510,rhijn.nl,ARRHENATHERUM ELATIUS,20,23.33333333,3.333333333,25.84,0.857,8.902914385,29.67,0.3556,0.119407807,190.1954961,0.304707692,"GRASS, Forb (Jena)",PERENNIAL,GRASS,796.92,53
462,oreac.us,ARTEMISIA CANA,34.5,28,-6.5,24,1.524,NA,10.06,0.508,0.261669741,55.91952402,0.31,SHRUB,PERENNIAL,WOODY,497,49
407,matador.ca,ARTEMISIA FRIGIDA,1.333333333,1.166666667,-0.166666666,27.14787037,0.6096,13.115,15.13958917,0.2032,0.362103739,34.74405462,0.188200863,"FORB, Subshrub (Kinsella, Mattheis), Shrub (North Platte)",PERENNIAL,WOODY,358.4,43
106,biddulph.ca,ARTEMISIA FRIGIDA,2,10,8,27.14787037,0.6096,13.115,15.13958917,0.2032,0.362103739,34.74405462,0.188200863,"FORB, Subshrub (Kinsella, Mattheis), Shrub (North Platte)",PERENNIAL,WOODY,353.7,7
326,kernb.ca,ARTEMISIA FRIGIDA,6.666666667,6.666666667,-3.33E-10,27.14787037,0.6096,13.115,15.13958917,0.2032,0.362103739,34.74405462,0.188200863,"FORB, Subshrub (Kinsella, Mattheis), Shrub (North Platte)",PERENNIAL,WOODY,353.7,35
337,kinsella.ca,ARTEMISIA FRIGIDA,14.5,14.5,0,27.14787037,0.6096,13.115,15.13958917,0.2032,0.362103739,34.74405462,0.188200863,"FORB, Subshrub (Kinsella, Mattheis), Shrub (North Platte)",PERENNIAL,WOODY,406.24,37
415,mattheis.ca,ARTEMISIA FRIGIDA,17.6,10,-7.6,27.14787037,0.6096,13.115,15.13958917,0.2032,0.362103739,34.74405462,0.188200863,"FORB, Subshrub (Kinsella, Mattheis), Shrub (North Platte)",PERENNIAL,WOODY,329.11,44
104,biddulph.ca,ARTEMISIA LUDOVICIANA,1,3,2,19.24454545,0.597,11.63,16.4954108,0.2032,0.222016659,76.92231348,0.31821746,FORB,PERENNIAL,FORB,353.7,7
139,cedarsav.us,ARTEMISIA LUDOVICIANA,1,2,1,19.24454545,0.597,11.63,16.4954108,0.2032,0.222016659,76.92231348,0.31821746,FORB,PERENNIAL,FORB,682,11
131,brookdale.ca,ARTEMISIA LUDOVICIANA,1.95,1.458333333,-0.491666667,19.24454545,0.597,11.63,16.4954108,0.2032,0.222016659,76.92231348,0.31821746,FORB,PERENNIAL,FORB,474.2,8
325,kernb.ca,ARTEMISIA LUDOVICIANA,3,1.75,-1.25,19.24454545,0.597,11.63,16.4954108,0.2032,0.222016659,76.92231348,0.31821746,FORB,PERENNIAL,FORB,353.7,35
330,kernnu.ca,ARTEMISIA LUDOVICIANA,3,2.5,-0.5,19.24454545,0.597,11.63,16.4954108,0.2032,0.222016659,76.92231348,0.31821746,FORB,PERENNIAL,FORB,353.7,36
285,hard.us,ARTEMISIA TRIDENTATA,35,35,0,15.26666667,2.0334,NA,7.24415531,0.508,NA,76.06224385,0.485315,SHRUB,PERENNIAL,WOODY,462,30
9,allmendb.ch,ASPERULA CYNANCHICA,0.25,0.25,0,NA,0.284375,NA,27.91666667,0.93,0.3908625,22.875,0.16639,FORB,PERENNIAL,FORB,957,1
37,allmendo.ch,ASPERULA CYNANCHICA,2.375,2.375,0,NA,0.284375,NA,27.91666667,0.93,0.3908625,22.875,0.16639,FORB,PERENNIAL,FORB,957,2
275,falls.au,ASTEROLASIA TRYMALIOIDES,0.75,0.5,-0.25,NA,0.54,NA,4.969295,NA,NA,NA,NA,SHRUB,PERENNIAL,WOODY,2366,27
298,jenadrt.de,BELLIS PERENNIS,5,1.333333333,-3.666666667,17.81,0.165,8.4,34.15,0.18,0.130088142,324.9590331,0.243322583,FORB,PERENNIAL,FORB,596.5233333,33
189,cowidrt.ca,BERBERIS NERVOSA,50,20,-30,NA,0.6096,NA,10.38,0.4064,NA,18.14285714,NA,SHRUB,PERENNIAL,WOODY,1134,19
163,cerrillos.ar,BOERHAVIA DIFFUSA,0.63,1.25,0.62,NA,0.55,NA,20.76,1.2,NA,14.29,NA,FORB,PERENNIAL,FORB,390,13
352,konzadrt.us,BOUTELOUA CURTIPENDULA,3.5,20,16.5,8.7,0.427,8.84,14.60867,0.3048,0.19,94.40056667,0.032,GRASS,PERENNIAL,GRASS,830,38
424,nplatte.us,BOUTELOUA GRACILIS,20.8,5.142857143,-15.65714286,15.416,0.345,14.76,12.868115,0.135,0.447182567,118.8815333,0.192729167,GRASS,PERENNIAL,GRASS,305,46
416,mattheis.ca,BOUTELOUA GRACILIS,26,23,-3,15.416,0.345,14.76,12.868115,0.135,0.447182567,118.8815333,0.192729167,GRASS,PERENNIAL,GRASS,329.11,44
43,allmendo.ch,BRACHYPODIUM PINNATUM,6.083333333,4.5,-1.583333333,18.10766667,0.540866667,7.10106212,23.9927357,0.1,0.186379697,207.6695041,0.22129993,GRASS,PERENNIAL,GRASS,957,2
11,allmendb.ch,BRACHYPODIUM PINNATUM,13,11.58333333,-1.416666667,18.10766667,0.540866667,7.10106212,23.9927357,0.1,0.186379697,207.6695041,0.22129993,GRASS,PERENNIAL,GRASS,957,1
496,pineta.es,BRACHYPODIUM PINNATUM,15.5,4.5,-11,18.10766667,0.540866667,7.10106212,23.9927357,0.1,0.186379697,207.6695041,0.22129993,GRASS,PERENNIAL,GRASS,1356.602,52
72,ayora.es,BRACHYPODIUM RETUSUM,24.33333333,30,5.66666667,7.1,0.4,NA,16.24363109,0.2586667,NA,25.86916574,0.85,GRASS,PERENNIAL,GRASS,381.3,4
60,allmendo.ch,BROMUS ERECTUS,15.66666667,15.25,-0.41666667,18.81892435,0.717333333,7.243150315,21.09580137,0.894,0.174709631,157.1212818,0.273789089,GRASS,PERENNIAL,GRASS,957,2
33,allmendb.ch,BROMUS ERECTUS,22.08333333,17.58333333,-4.499999997,18.81892435,0.717333333,7.243150315,21.09580137,0.894,0.174709631,157.1212818,0.273789089,GRASS,PERENNIAL,GRASS,957,1
129,brookdale.ca,BROMUS INERMIS,3.65,2.4,-1.25,21.49936399,0.81,17.20145333,17.7899321,0.3048,0.268601793,108.7724975,0.281416667,GRASS,PERENNIAL,GRASS,474.2,8
466,paike.ar,BROMUS SETIFOLIUS,2.5,2.5,0,NA,0.102,NA,20.31,NA,NA,NA,NA,GRASS,PERENNIAL,GRASS,202,50
142,cedarsav.us,CALAMOVILFA LONGIFOLIA,5,2.5,-2.5,13.59,0.968,5.2246,10.96892152,0.508,0.18,33,0.48,GRAMINOID,PERENNIAL,GRASS,682,11
293,hyide.de,CALLUNA VULGARIS,65.66666667,90,24.33333333,13.57486595,0.555785714,4.11401,14.28693018,0.3,NA,13.62532988,0.2553,"SHRUB, subshrub (Lygra_intermediate, Lygra_old)",PERENNIAL,WOODY,541.15,32
368,lygraint.no,CALLUNA VULGARIS,78.33333333,81.33333333,3.000000003,13.57486595,0.555785714,4.11401,14.28693018,0.3,NA,13.62532988,0.2553,"SHRUB, subshrub (Lygra_intermediate, Lygra_old)",PERENNIAL,WOODY,2234,40
379,lygraold.no,CALLUNA VULGARIS,83.33333333,91.66666667,8.333333337,13.57486595,0.555785714,4.11401,14.28693018,0.3,NA,13.62532988,0.2553,"SHRUB, subshrub (Lygra_intermediate, Lygra_old)",PERENNIAL,WOODY,2234,41
291,hoide.de,CALLUNA VULGARIS,85,89.33333333,4.333333333,13.57486595,0.555785714,4.11401,14.28693018,0.3,NA,13.62532988,0.2553,"SHRUB, subshrub (Lygra_intermediate, Lygra_old)",PERENNIAL,WOODY,541.15,31
434,oklah.us,CALYLOPHUS SERRULATUS,15,15,0,NA,NA,NA,11.69,1.33,NA,NA,NA,FORB,PERENNIAL,FORB,880,47
184,cowidrt.ca,CAMASSIA QUAMASH,5,5,0,NA,0.70104,NA,12.08,0.254,NA,NA,NA,GRASS,PERENNIAL,FORB,1134,19
221,elvadrt.ee,CAMPANULA PATULA,1,1,0,NA,0.4375,14.26593954,33.98333333,0.29,0.0375,NA,0.265133333,FORB,PERENNIAL,FORB,680,23
323,kernb.ca,CAMPANULA ROTUNDIFOLIA,0.5,0.5,0,21.08333333,0.452,13.14618087,22.94812699,1.125,0.146551312,475.6578007,0.141566667,FORB,PERENNIAL,FORB,353.7,35
335,kernnu.ca,CAMPANULA ROTUNDIFOLIA,0.5,0.666666667,0.166666667,21.08333333,0.452,13.14618087,22.94812699,1.125,0.146551312,475.6578007,0.141566667,FORB,PERENNIAL,FORB,353.7,36
109,biddulph.ca,CAMPANULA ROTUNDIFOLIA,4,7,3,21.08333333,0.452,13.14618087,22.94812699,1.125,0.146551312,475.6578007,0.141566667,FORB,PERENNIAL,FORB,353.7,7
294,hyide.de,CAREX ARENARIA,1.333333333,8.333333333,7,19.12604168,0.384259259,NA,14.42164292,1.02,NA,NA,NA,GRAMINOID,PERENNIAL,GRAMINOID,541.15,32
292,hoide.de,CAREX ARENARIA,1.666666667,10,8.333333333,19.12604168,0.384259259,NA,14.42164292,1.02,NA,NA,NA,GRAMINOID,PERENNIAL,GRAMINOID,541.15,31
267,falls.au,CAREX BREVICULMIS,0.75,0.75,0,18.30157885,0.05,NA,14.60009466,NA,NA,NA,NA,GRASS,PERENNIAL,GRAMINOID,2366,27
347,konzadrt.us,CAREX BREVIOR,0.1,2.8,2.7,NA,0.254,NA,21.15675902,NA,NA,NA,NA,GRAMINOID,PERENNIAL,GRAMINOID,830,38
54,allmendo.ch,CAREX CARYOPHYLLEA,14.16666667,12.08333333,-2.083333337,18,0.223333333,NA,18.76023077,0.2,NA,NA,0.0784,GRAMINOID,PERENNIAL,GRAMINOID,957,2
3,allmendb.ch,CAREX CARYOPHYLLEA,16.5,14.58333333,-1.916666667,18,0.223333333,NA,18.76023077,0.2,NA,NA,0.0784,GRAMINOID,PERENNIAL,GRAMINOID,957,1
482,passogavia.it,CAREX CURVULA,42,39.8,-2.2,12,NA,NA,9.999104145,0.65,NA,NA,NA,GRAMINOID,PERENNIAL,GRAMINOID,1281,51
73,ayora.es,CAREX DISTACHYA,2.5,1,-1.5,NA,0.1756,NA,4.8,0.91,NA,NA,NA,GRAMINOID,PERENNIAL,FORB,381.3,4
31,allmendb.ch,CAREX FLACCA,0.25,0.25,0,17.07498081,0.37125,4.956666667,14.4018786,0.83,0.169025277,218.7926062,0.380313725,GRAMINOID,PERENNIAL,GRAMINOID,957,1
45,allmendo.ch,CAREX FLACCA,1.5,1,-0.5,17.07498081,0.37125,4.956666667,14.4018786,0.83,0.169025277,218.7926062,0.380313725,GRAMINOID,PERENNIAL,GRAMINOID,957,2
270,falls.au,CAREX HEBES,0.5,0.5,0,NA,NA,NA,19.096154,NA,NA,NA,NA,GRASS,PERENNIAL,GRAMINOID,2366,27
265,falls.au,CELMISIA COSTINIANA,48.33333333,55,6.66666667,NA,0.515,NA,9.655537,NA,NA,NA,NA,FORB,PERENNIAL,FORB,2366,27
161,cerrillos.ar,CENCHRUS CILIARIS,1.25,0.63,-0.62,18.5,0.9144,6.5,14.69,0.508,NA,NA,NA,GRASS,PERENNIAL,GRASS,390,13
7,allmendb.ch,CENTAUREA JACEA,1.5,1.25,-0.25,25.06160617,0.8275,11.34202,21.9478316,0.155,0.133545753,116.6184597,0.328737037,FORB,PERENNIAL,FORB,957,1
41,allmendo.ch,CENTAUREA JACEA,2.25,2.375,0.125,25.06160617,0.8275,11.34202,21.9478316,0.155,0.133545753,116.6184597,0.328737037,FORB,PERENNIAL,FORB,957,2
509,rhijn.nl,CENTAUREA JACEA,6.5,5,-1.5,25.06160617,0.8275,11.34202,21.9478316,0.155,0.133545753,116.6184597,0.328737037,FORB,PERENNIAL,FORB,796.92,53
59,allmendo.ch,CENTAUREA SCABIOSA,1.75,1.166666667,-0.583333333,22.3,0.9625,NA,16.2315625,2.708833,NA,NA,NA,FORB,PERENNIAL,FORB,957,2
4,allmendb.ch,CENTAUREA SCABIOSA,7.25,7.25,0,22.3,0.9625,NA,16.2315625,2.708833,NA,NA,NA,FORB,PERENNIAL,FORB,957,1
334,kernnu.ca,CERASTIUM ARVENSE,0.75,2,1.25,NA,0.188888889,NA,21.10181624,0.22,0.486326636,91.58154988,0.188766667,FORB,PERENNIAL,FORB,353.7,36
401,matador.ca,CERASTIUM ARVENSE,0.75,0.5,-0.25,NA,0.188888889,NA,21.10181624,0.22,0.486326636,91.58154988,0.188766667,FORB,PERENNIAL,FORB,358.4,43
233,elvadrt.ee,CERASTIUM ARVENSE,1,1,0,NA,0.188888889,NA,21.10181624,0.22,0.486326636,91.58154988,0.188766667,FORB,PERENNIAL,FORB,680,23
469,paike.ar,CERASTIUM ARVENSE,1,1,0,NA,0.188888889,NA,21.10181624,0.22,0.486326636,91.58154988,0.188766667,FORB,PERENNIAL,FORB,202,50
318,kernb.ca,CERASTIUM ARVENSE,1.25,0.5,-0.75,NA,0.188888889,NA,21.10181624,0.22,0.486326636,91.58154988,0.188766667,FORB,PERENNIAL,FORB,353.7,35
198,cowidrt.ca,CERASTIUM ARVENSE,1.5,2,0.5,NA,0.188888889,NA,21.10181624,0.22,0.486326636,91.58154988,0.188766667,FORB,PERENNIAL,FORB,1134,19
108,biddulph.ca,CERASTIUM ARVENSE,2,0.5,-1.5,NA,0.188888889,NA,21.10181624,0.22,0.486326636,91.58154988,0.188766667,FORB,PERENNIAL,FORB,353.7,7
180,cmss.us,CERASTIUM ARVENSE,5,9,4,NA,0.188888889,NA,21.10181624,0.22,0.486326636,91.58154988,0.188766667,FORB,PERENNIAL,FORB,690,18
309,jenadrt.de,CERASTIUM FONTANUM,0.5,0.75,0.25,24.9755,0.218333333,8.721238939,25.83139407,NA,0.133299797,101.6244572,0.282,FORB,PERENNIAL,FORB,596.5233333,33
517,scruzh.us,CHLOROGALUM POMERIDIANUM,2.4691358,2,-0.4691358,28.9,NA,NA,12.962,NA,NA,NA,NA,FORB,PERENNIAL,FORB,745,55
64,antelope.us,CHONDROSUM ERIOPODUM,5.68125,2.764285714,-2.916964286,14.8969364,NA,NA,18.54844313,NA,NA,NA,0.03,GRAMINOID,PERENNIAL,GRASS,215,3
314,jorndrt.us,CHONDROSUM ERIOPODUM,27.33333333,11.33333333,-16,14.8969364,NA,NA,18.54844313,NA,NA,NA,0.03,GRAMINOID,PERENNIAL,GRASS,241.88,34
252,esw.ca,CIRSIUM ARVENSE,1.5,1.333333333,-0.166666667,29.75611991,0.84284049,15.2,16.60803212,1.853333,NA,64,0.71,FORB,PERENNIAL,FORB,1011.5,24
115,brookdale.ca,CIRSIUM ARVENSE,2.133333333,1.6,-0.533333333,29.75611991,0.84284049,15.2,16.60803212,1.853333,NA,64,0.71,FORB,PERENNIAL,FORB,474.2,8
86,baddrt.de,CIRSIUM ARVENSE,3.3,0.75,-2.55,29.75611991,0.84284049,15.2,16.60803212,1.853333,NA,64,0.71,FORB,PERENNIAL,FORB,488.6,5
79,ayora.es,CISTUS ALBIDUS,14.66666667,23.66666667,8.999999997,13.70833333,1,NA,15.54983587,NA,0.775024053,6.965677795,0.4331,SHRUB,PERENNIAL,WOODY,381.3,4
77,ayora.es,CISTUS CLUSII,5,2,-3,17.575,1,NA,15.66073822,NA,NA,NA,NA,SHRUB,PERENNIAL,WOODY,381.3,4
403,matador.ca,COMANDRA UMBELLATA,3.5,3.5,0,21.0594,NA,NA,18.08533756,NA,0.334821433,31.36179282,0.321385714,FORB,PERENNIAL,FORB,358.4,43
135,cedarsav.us,COMANDRA UMBELLATA,6.666666667,3.333333333,-3.333333334,21.0594,NA,NA,18.08533756,NA,0.334821433,31.36179282,0.321385714,FORB,PERENNIAL,FORB,682,11
560,yarradrt.au,COMMELINA CYANEA,2,8.16,6.16,30.634,0.1,NA,34.85,NA,0.12642,NA,0.05284,FORB,PERENNIAL,FORB,800,62
306,jenadrt.de,CONVOLVULUS ARVENSIS,2,2,0,27.77,0.048,12.29,17.215475,2.24,0.5298167,31.40813333,NA,FORB,PERENNIAL,FORB,596.5233333,33
160,cerrillos.ar,CORDOBIA ARGENTEA,8.753333333,11.67,2.916666667,27.9,NA,NA,5.52599535,NA,NA,NA,NA,VINE,PERENNIAL,WOODY,390,13
140,cedarsav.us,COREOPSIS PALMATA,6.666666667,4,-2.666666667,12.06502778,0.614,18.5591,18.06209157,NA,0.1,82.33333333,0.33,FORB,PERENNIAL,FORB,682,11
155,cedartrait.us,COREOPSIS PALMATA,13,4.333333333,-8.666666667,12.06502778,0.614,18.5591,18.06209157,NA,0.1,82.33333333,0.33,FORB,PERENNIAL,FORB,682,12
22,allmendb.ch,CREPIS BIENNIS,0.5,0.25,-0.25,18.28,0.183,10.22761651,19.04,0.99,0.113427835,154.7062535,0.425214286,FORB,PERENNIAL,FORB,957,1
305,jenadrt.de,CREPIS BIENNIS,2,2,0,18.28,0.183,10.22761651,19.04,0.99,0.113427835,154.7062535,0.425214286,FORB,PERENNIAL,FORB,596.5233333,33
85,baddrt.de,CREPIS BIENNIS,6.5,3,-3.5,18.28,0.183,10.22761651,19.04,0.99,0.113427835,154.7062535,0.425214286,FORB,PERENNIAL,FORB,488.6,5
550,ukulingadrt.za,CYMBOPOGON CAESIUS,6.5,40.25,33.75,13.857227,NA,NA,17.88,NA,NA,NA,NA,GRASS,PERENNIAL,GRASS,732.6,60
512,sclaudio.ar,CYNODON DACTYLON,1,6.5,5.5,16.887,0.235788519,NA,16.61,0.3556,0.51,26.34,0.071,GRAMINOID,PERENNIAL,GRASS,950,54
563,yarradrt.au,CYNODON DACTYLON,47.5,66.325,18.825,16.887,0.235788519,NA,16.61,0.3556,0.51,26.34,0.071,GRAMINOID,PERENNIAL,GRASS,800,62
169,chilcasdrt.ar,CYPERUS ERAGROSTIS,0.25,0.25,0,NA,0.9,NA,14.342367,NA,NA,NA,NA,GRAMINOID,PERENNIAL,GRAMINOID,950,16
197,cowidrt.ca,DACTYLIS GLOMERATA,4.25,2.25,-2,25.72069341,0.671309259,10.15714286,26.04843708,0.3048,0.138583824,304.2076965,0.142857143,GRASS,PERENNIAL,GRASS,1134,19
245,elvadrt.ee,DACTYLIS GLOMERATA,11.66666667,5,-6.66666667,25.72069341,0.671309259,10.15714286,26.04843708,0.3048,0.138583824,304.2076965,0.142857143,GRASS,PERENNIAL,GRASS,680,23
507,rhijn.nl,DACTYLIS GLOMERATA,20,24.33333333,4.333333333,25.72069341,0.671309259,10.15714286,26.04843708,0.3048,0.138583824,304.2076965,0.142857143,GRASS,PERENNIAL,GRASS,796.92,53
558,validate.fr,DACTYLIS GLOMERATA,29.6,19,-10.6,25.72069341,0.671309259,10.15714286,26.04843708,0.3048,0.138583824,304.2076965,0.142857143,GRASS,PERENNIAL,GRASS,790,61
439,oklah.us,DALEA PURPUREA,9,9,0,14.1,0.5272,13.9583,13.02080619,1.525,0.174143261,73.40507735,0.341785714,FORB,PERENNIAL,LEGUME,880,47
448,oreaa.us,DANTHONIA CALIFORNICA,8.166666667,8.166666667,-3.33E-10,21.1,0.6096,NA,46.56,0.4064,NA,NA,NA,GRASS,PERENNIAL,GRASS,497,48
470,paike.ar,DESCHAMPSIA CESPITOSA,1,1,0,19.38145224,0.623466667,9.504294333,15.38069921,1.23,0.170736151,364.9892355,0.206048414,GRASS,PERENNIAL,GRASS,202,50
362,lygraint.no,DESCHAMPSIA FLEXUOSA,1,5,4,21.14852266,0.40801415,6.90123,17.19285365,0.2032,0.386033,196.6766667,0.27,GRASS,PERENNIAL,GRASS,2234,40
290,hoide.de,DESCHAMPSIA FLEXUOSA,3.666666667,15,11.33333333,21.14852266,0.40801415,6.90123,17.19285365,0.2032,0.386033,196.6766667,0.27,GRASS,PERENNIAL,GRASS,541.15,31
442,oklah.us,DESMANTHUS ILLINOENSIS,15,3,-12,38.8,0.9144,NA,9.88,NA,0.3048,45.09036443,0.25,FORB,PERENNIAL,LEGUME,880,47
348,konzadrt.us,DICHANTHELIUM OLIGOSANTHES,2.8,2,-0.8,12.8,0.2083,4.73,23.2764706,NA,NA,7.466,0.36,GRASS,PERENNIAL,GRASS,830,38
437,oklah.us,DICHANTHELIUM OLIGOSANTHES,11,7,-4,12.8,0.2083,4.73,23.2764706,NA,NA,7.466,0.36,GRASS,PERENNIAL,GRASS,880,47
99,bfl.us,DICHANTHELIUM OLIGOSANTHES,32,7,-25,12.8,0.2083,4.73,23.2764706,NA,NA,7.466,0.36,GRASS,PERENNIAL,GRASS,860.5334792,6
70,ayora.es,DORYCNIUM PENTAPHYLLUM,8,12,4,24.5,0.4,NA,20.8,1.17,0.56,3.83,NA,SUBSHRUB,PERENNIAL,LEGUME,381.3,4
27,allmendb.ch,ECHIUM VULGARE,0.375,0.375,0,23.6,0.716666667,NA,14.45,2.57,NA,NA,0.385,FORB,PERENNIAL,FORB,957,1
562,yarradrt.au,EHRHARTA STIPOIDES,61.25,14.29,-46.96,25.541,NA,NA,21.72,NA,0.72,NA,0.043,GRASS,PERENNIAL,GRASS,800,62
455,oreac.us,ELYMUS ELYMOIDES,5.833333333,2.875,-2.958333333,13.572,0.4235,10.19,13.868725,0.3048,0.387230769,48.4183,0.62,GRASS,PERENNIAL,GRASS,497,49
445,oreaa.us,ELYMUS ELYMOIDES,7.7,3.5,-4.2,13.572,0.4235,10.19,13.868725,0.3048,0.387230769,48.4183,0.62,GRASS,PERENNIAL,GRASS,497,48
190,cowidrt.ca,ELYMUS GLAUCUS,6,5,-1,20.02,1.00584,10.4,14.9305,0.3048,0.49,34.8825,NA,"GRASS, forb (SantaCruzHigh)",PERENNIAL,GRASS,1134,19
341,kinsella.ca,ELYMUS LANCEOLATUS,1,1,0,25.371642,NA,NA,22.74526261,1.25,0.30820288,94.78007133,0.221186667,GRASS,PERENNIAL,GRASS,406.24,37
311,jenadrt.de,ELYMUS REPENS,0.5,2.25,1.75,26.17661742,0.605442518,16.42030861,22.79877956,0.3556,0.220460629,91.89875611,0.258457785,GRASS,PERENNIAL,GRASS,596.5233333,33
125,brookdale.ca,ELYMUS REPENS,1,1,0,26.17661742,0.605442518,16.42030861,22.79877956,0.3556,0.220460629,91.89875611,0.258457785,GRASS,PERENNIAL,GRASS,474.2,8
112,biddulph.ca,ELYMUS SMITHII,0.5,0.5,0,28.0185,0.6096,17.06975875,31.74700117,0.508,NA,73.5,NA,GRAMINOID,PERENNIAL,GRASS,353.7,7
369,lygraint.no,EMPETRUM NIGRUM,2,2.5,0.5,11.54888567,0.271133333,6.06,9.729822391,0.2532,0.0857764,NA,NA,SHRUB,PERENNIAL,WOODY,2234,40
377,lygraold.no,EMPETRUM NIGRUM,4.5,8,3.5,11.54888567,0.271133333,6.06,9.729822391,0.2532,0.0857764,NA,NA,SHRUB,PERENNIAL,WOODY,2234,41
206,credom.au,ENNEAPOGON POLYPHYLLUS,1,0.5,-0.5,10.55,0.325,3.7,7.035333333,NA,0.44,NA,0.6,GRASS,PERENNIAL,GRASS,259.6,21
94,baddrt.de,EPILOBIUM ANGUSTIFOLIUM,1.05,0.2,-0.85,26.69696541,1.0483,NA,19.77553761,0.627,NA,261.095,NA,FORB,PERENNIAL,FORB,488.6,5
84,baddrt.de,EPILOBIUM TETRAGONUM,0.8,0.1,-0.7,NA,0.720833333,NA,15.9,NA,NA,NA,NA,FORB,PERENNIAL,FORB,488.6,5
230,elvadrt.ee,EQUISETUM ARVENSE,1.333333333,1,-0.333333333,20.06733732,0.344317143,NA,13.18450744,0.2262,NA,NA,NA,FORB,PERENNIAL,FORB,680,23
535,scruzm.us,ESCHSCHOLZIA CALIFORNICA,4.350330267,10,5.649669733,46.6,0.405253333,NA,27.92808564,0.254,0.015053333,527.2,0.24385,FORB,PERENNIAL,FORB,745,57
51,allmendo.ch,EUPHORBIA CYPARISSIAS,1.75,1.25,-0.5,29,0.2375,8.96,23.6,0.89,0.411,6.4,0.699,FORB,PERENNIAL,FORB,957,2
26,allmendb.ch,EUPHORBIA CYPARISSIAS,2,2,0,29,0.2375,8.96,23.6,0.89,0.411,6.4,0.699,FORB,PERENNIAL,FORB,957,1
201,credoj.au,EUPHORBIA DRUMMONDII,0.5,0.5,0,NA,0.1276,NA,12.13032804,NA,NA,NA,NA,FORB,PERENNIAL,FORB,259.6,20
141,cedarsav.us,EUTHAMIA GRAMINIFOLIA,4,3,-1,19.4891582,0.798,NA,12.04198841,NA,NA,NA,NA,FORB,PERENNIAL,FORB,682,11
102,bfl.us,EVOLVULUS SERICEUS,1.333333333,1.5,0.166666667,NA,0.165186473,NA,13.12723643,NA,NA,NA,NA,FORB,PERENNIAL,FORB,860.5334792,6
358,kranz.de,FAGUS SYLVATICA,50,50,0,21.57683121,NA,3.73333,18.54393462,0.91875,0.565265667,28.44544129,0.524726557,TREE,PERENNIAL,WOODY,791.3,39
304,jenadrt.de,FALCARIA VULGARIS,2.25,4.5,2.25,NA,1.2613,NA,13.0375,1.8,0.147,216.667,1.15043,FORB,PERENNIAL,FORB,596.5233333,33
170,chilcasdrt.ar,FESTUCA ARUNDINACEA,66.66666667,74,7.33333333,26.75,0.922297147,9.306666667,16.0977261,1.415,0.208261132,167.503371,0.383552278,GRASS,PERENNIAL,GRASS,950,16
398,marcdrt.ar,FESTUCA ARUNDINACEA,71.25,70,-1.25,26.75,0.922297147,9.306666667,16.0977261,1.415,0.208261132,167.503371,0.383552278,GRASS,PERENNIAL,GRASS,927.9,42
514,sclaudio.ar,FESTUCA ARUNDINACEA,78.75,70,-8.75,26.75,0.922297147,9.306666667,16.0977261,1.415,0.208261132,167.503371,0.383552278,GRASS,PERENNIAL,GRASS,950,54
474,passogavia.it,FESTUCA HALLERI,2,2,0,13,NA,NA,9.9,0.101,NA,NA,0.31,GRASS,PERENNIAL,GRASS,1281,51
450,oreaa.us,FESTUCA IDAHOENSIS,9.1,6.3,-2.8,10.3118547,0.6096,NA,42.75,0.3556,NA,NA,NA,GRASS,PERENNIAL,GRASS,497,48
458,oreac.us,FESTUCA IDAHOENSIS,13.75,7,-6.75,10.3118547,0.6096,NA,42.75,0.3556,NA,NA,NA,GRASS,PERENNIAL,GRASS,497,49
179,cmss.us,FESTUCA IDAHOENSIS,25,18.33333333,-6.666666667,10.3118547,0.6096,NA,42.75,0.3556,NA,NA,NA,GRASS,PERENNIAL,GRASS,690,18
32,allmendb.ch,FESTUCA OVINA,0.833333333,1.166666667,0.333333334,16.78631631,0.414347827,7.790299962,16.83674211,0.254,0.18,180.6632143,0.02,GRASS,PERENNIAL,GRASS,957,1
53,allmendo.ch,FESTUCA OVINA,7.083333333,6.666666667,-0.416666666,16.78631631,0.414347827,7.790299962,16.83674211,0.254,0.18,180.6632143,0.02,GRASS,PERENNIAL,GRASS,957,2
244,elvadrt.ee,FESTUCA PRATENSIS,7.333333333,5.666666667,-1.666666666,22.6929621,0.4,9.037334647,21.47,0.233,0.091553497,289.7039134,0.217565197,GRASS,PERENNIAL,GRASS,680,23
242,elvadrt.ee,FESTUCA RUBRA,3,4.333333333,1.333333333,19.05492673,0.452958333,7.08,20.02617821,0.3048,0.233235525,348.147287,0.12,GRASS,PERENNIAL,GRASS,680,23
497,pineta.es,FESTUCA RUBRA,8,0.5,-7.5,19.05492673,0.452958333,7.08,20.02617821,0.3048,0.233235525,348.147287,0.12,GRASS,PERENNIAL,GRASS,1356.602,52
502,rhijn.nl,FESTUCA RUBRA,25,16.66666667,-8.333333333,19.05492673,0.452958333,7.08,20.02617821,0.3048,0.233235525,348.147287,0.12,GRASS,PERENNIAL,GRASS,796.92,53
499,pineta.es,FRAGARIA VESCA,9.25,4.5,-4.75,16.48863464,0.136111111,NA,24.4032544,0.267,0.351086957,312.2441806,0.1112,FORB,PERENNIAL,FORB,1356.602,52
228,elvadrt.ee,FRAGARIA VESCA,12.33333333,10.33333333,-1.999999997,16.48863464,0.136111111,NA,24.4032544,0.267,0.351086957,312.2441806,0.1112,FORB,PERENNIAL,FORB,680,23
310,jenadrt.de,FRAGARIA VIRIDIS,0.5,0.5,0,28.3614838,NA,NA,17.04997,0.32,0.2599583,215,1.136,FORB,PERENNIAL,FORB,596.5233333,33
76,ayora.es,FUMANA ERICIFOLIA,1.666666667,3,1.333333333,10.02,0.2,NA,4.558011959,0.49,NA,NA,NA,SUBSHRUB,PERENNIAL,WOODY,381.3,4
103,bfl.us,GALACTIA MARGINALIS,7,5,-2,NA,0.177117117,NA,6.500004464,NA,NA,NA,NA,FORB,PERENNIAL,LEGUME,860.5334792,6
327,kernb.ca,GALIUM BOREALE,0.5,2,1.5,18.80683333,0.37,10,22.71017578,0.1524,0.315984509,172.8382766,0.1779,FORB,PERENNIAL,FORB,353.7,35
128,brookdale.ca,GALIUM BOREALE,1.333333333,1.05,-0.283333333,18.80683333,0.37,10,22.71017578,0.1524,0.315984509,172.8382766,0.1779,FORB,PERENNIAL,FORB,474.2,8
329,kernnu.ca,GALIUM BOREALE,8,6,-2,18.80683333,0.37,10,22.71017578,0.1524,0.315984509,172.8382766,0.1779,FORB,PERENNIAL,FORB,353.7,36
78,ayora.es,GALIUM LUCIDUM,2.5,3,0.5,26,0.375,NA,40.8,0.67,NA,NA,NA,VINE,PERENNIAL,FORB,381.3,4
36,allmendo.ch,GALIUM VERUM,0.875,0.875,0,21.6094737,0.516038889,11.75956766,17.72121934,0.7266667,0.140178711,402.3842917,0.122981034,FORB,PERENNIAL,FORB,957,2
253,esw.ca,GEUM CANADENSE,1,1,0,NA,12.3,NA,20.2434208,0.1016,NA,NA,NA,FORB,PERENNIAL,FORB,1011.5,24
15,allmendb.ch,GLOBULARIA VULGARIS,0.375,0.5,0.125,NA,0.2,NA,6.892,0.47,NA,NA,NA,FORB,PERENNIAL,FORB,957,1
49,allmendo.ch,GLOBULARIA VULGARIS,1.333333333,1.75,0.416666667,NA,0.2,NA,6.892,0.47,NA,NA,NA,FORB,PERENNIAL,FORB,957,2
473,passogavia.it,GNAPHALIUM SUPINUM,0.075,0.05,-0.025,22.46381487,NA,28.1,27.00300375,NA,NA,307.39,0.29,FORB,PERENNIAL,FORB,1281,51
158,cerrillos.ar,GOUINIA PARAGUAYENSIS,7.5,13.75,6.25,23.1,0.47,NA,19.71,NA,NA,NA,NA,GRASS,PERENNIAL,GRASS,390,13
273,falls.au,GREVILLEA AUSTRALIS,1,0.5,-0.5,NA,2,NA,4.896896,NA,NA,NA,NA,SHRUB,PERENNIAL,WOODY,2366,27
35,allmendo.ch,GYPSOPHILA REPENS,0.5,0.25,-0.25,12.7,0.14,NA,15.67666667,NA,NA,NA,NA,FORB,PERENNIAL,FORB,957,2
74,ayora.es,HELIANTHEMUM CINEREUM,3,5,2,13.24715,0.053,NA,6.31,NA,NA,NA,NA,SUBSHRUB,PERENNIAL,WOODY,381.3,4
61,allmendo.ch,HELIANTHEMUM NUMMULARIUM var. GRANDIFLORUM,5.416666667,5.833333333,0.416666666,17.1,NA,6.27,14.70769,1.63,0.1910333,180,1.555,SHRUB,PERENNIAL,WOODY,957,2
13,allmendb.ch,HELIANTHEMUM NUMMULARIUM var. GRANDIFLORUM,10.83333333,7.916666667,-2.916666663,17.1,NA,6.27,14.70769,1.63,0.1910333,180,1.555,SHRUB,PERENNIAL,WOODY,957,1
48,allmendo.ch,HELICTOTRICHON PRATENSE,3.75,3.583333333,-0.166666667,16.4,0.816666667,NA,14.06030769,0.79,0.669747899,85.98480816,0.1543,GRASS,PERENNIAL,GRASS,957,2
5,allmendb.ch,HELICTOTRICHON PRATENSE,4.25,4.416666667,0.166666667,16.4,0.816666667,NA,14.06030769,0.79,0.669747899,85.98480816,0.1543,GRASS,PERENNIAL,GRASS,957,1
246,elvadrt.ee,HELICTOTRICHON PUBESCENS,1.5,1,-0.5,24.3,0.680625,7.892636683,18.69463141,0.3,0.090296815,62.86954053,0.161264502,GRASS,PERENNIAL,GRASS,680,23
477,passogavia.it,HELICTOTRICHON VERSICOLOR,2.5,3,0.5,18.88884001,0.14,6.081157261,11.48996431,NA,NA,77.65999999,NA,GRASS,PERENNIAL,GRASS,1281,51
123,brookdale.ca,HELIOPSIS HELIANTHOIDES,2,1,-1,NA,1.2745,NA,19.34129566,NA,0.155412644,61.30678286,0.38123125,FORB,PERENNIAL,FORB,474.2,8
410,mattheis.ca,HESPEROSTIPA COMATA,21,16.6,-4.4,12.21666667,0.224,6.55,5.904809091,1.353302,0.3762,35.19975,0.38,GRASS,PERENNIAL,GRASS,329.11,44
98,bfl.us,HETEROPOGON CONTORTUS,8.5,21,12.5,11.22375,0.21336,4.15,9.881422925,0.254,0.371,16.75282186,0.25,GRASS,PERENNIAL,GRASS,860.5334792,6
65,antelope.us,HILARIA JAMESII,1.975,0.633333333,-1.341666667,21.68723958,0.6096,7.6,13.95707872,0.3048,NA,140.9228,0.056,GRAMINOID,PERENNIAL,GRASS,215,3
34,allmendo.ch,HIPPOCREPIS COMOSA,2.833333333,2.583333333,-0.25,29,0.231666667,NA,15.26545455,1.003333,NA,NA,NA,FORB,PERENNIAL,LEGUME,957,2
12,allmendb.ch,HIPPOCREPIS COMOSA,10.41666667,10,-0.41666667,29,0.231666667,NA,15.26545455,1.003333,NA,NA,NA,FORB,PERENNIAL,LEGUME,957,1
505,rhijn.nl,HOLCUS LANATUS,6.666666667,13.33333333,6.666666666,24.56210683,0.554013615,9.716666667,33.50183772,0.1016,0.210999112,311.996707,0.116666667,GRASS,PERENNIAL,GRASS,796.92,53
516,scruzh.us,HOLCUS LANATUS,14.5281933,2,-12.5281933,24.56210683,0.554013615,9.716666667,33.50183772,0.1016,0.210999112,311.996707,0.116666667,GRASS,PERENNIAL,GRASS,745,55
395,marcdrt.ar,HYDROCOTYLE BONARIENSIS,2.333333333,2.75,0.416666667,NA,NA,NA,27.35005333,NA,NA,NA,NA,FORB,PERENNIAL,FORB,927.9,42
271,falls.au,HYPOCHAERIS RADICATA,0.833333333,0.833333333,3.33E-10,17.75,0.3505,5.956457605,28.74506187,0.5475,0.14089564,151.7703194,0.261638779,FORB,PERENNIAL,FORB,2366,27
89,baddrt.de,HYPOCHAERIS RADICATA,1,1,0,17.75,0.3505,5.956457605,28.74506187,0.5475,0.14089564,151.7703194,0.261638779,FORB,PERENNIAL,FORB,488.6,5
546,spvdrt.ar,HYPOCHAERIS RADICATA,3,2.666666667,-0.333333333,17.75,0.3505,5.956457605,28.74506187,0.5475,0.14089564,151.7703194,0.261638779,FORB,PERENNIAL,FORB,220.6,59
10,allmendb.ch,KNAUTIA ARVENSIS,1.5,1.5,0,24.60384722,0.559111111,10.58839097,18.38055602,0.155,0.2315,150.6768113,0.417,FORB,PERENNIAL,FORB,957,1
105,biddulph.ca,KOELERIA MACRANTHA,1,3,2,14.632,0.117368421,8.54,10.603875,0.508,0.43423927,61.632225,0.231432767,GRAMINOID,PERENNIAL,GRASS,353.7,7
408,matador.ca,KOELERIA MACRANTHA,2.5,1,-1.5,14.632,0.117368421,8.54,10.603875,0.508,0.43423927,61.632225,0.231432767,GRAMINOID,PERENNIAL,GRASS,358.4,43
286,hard.us,KOELERIA MACRANTHA,5.5,14,8.5,14.632,0.117368421,8.54,10.603875,0.508,0.43423927,61.632225,0.231432767,GRAMINOID,PERENNIAL,GRASS,462,30
350,konzadrt.us,KOELERIA MACRANTHA,8.6,4.2,-4.4,14.632,0.117368421,8.54,10.603875,0.508,0.43423927,61.632225,0.231432767,GRAMINOID,PERENNIAL,GRASS,830,38
411,mattheis.ca,KOELERIA MACRANTHA,10,8.4,-1.6,14.632,0.117368421,8.54,10.603875,0.508,0.43423927,61.632225,0.231432767,GRAMINOID,PERENNIAL,GRASS,329.11,44
146,cedartrait.us,KOELERIA MICRATHERA,4,1.5,-2.5,NA,NA,NA,14.02,NA,NA,NA,NA,GRASS,PERENNIAL,GRASS,682,12
406,matador.ca,KRASCHENINNIKOVIA LANATA,21,14.5,-6.5,26.25,0.4572,NA,11.20220464,0.3048,NA,124.72,0.7078,FORB,PERENNIAL,WOODY,358.4,43
317,kernb.ca,LACTUCA TATARICA,1.25,2,0.75,22.6,0.625,NA,18.07666667,2.4,0.213227444,77.19169246,NA,FORB,PERENNIAL,FORB,353.7,35
159,cerrillos.ar,LARREA DIVARICATA,19.50333333,37.19,17.68666667,22.9,1.67,NA,5.881206897,NA,NA,NA,NA,SHRUB,PERENNIAL,WOODY,390,13
224,elvadrt.ee,LATHYRUS PRATENSIS,5,3,-2,39.68831026,0.475733333,25.11541,24.99129113,1.18,0.141833333,63.29727228,0.4965,LEGUME,PERENNIAL,LEGUME,680,23
134,cedarsav.us,LATHYRUS VENOSUS,4.5,2.333333333,-2.166666667,30.13845455,0.3533,NA,18.46365493,NA,0.194444444,46.82957143,0.3725,LEGUME,PERENNIAL,LEGUME,682,11
168,chilcasdrt.ar,LEERSIA HEXANDRA,0.625,0.625,0,17.321052,1.5,NA,26,NA,NA,NA,NA,GRASS,PERENNIAL,GRASS,950,16
241,elvadrt.ee,LEONTODON HISPIDUS,4,2,-2,23.92644618,0.371,11.53789754,27.0408515,0.3,0.134462153,204.9072943,0.273284146,FORB,PERENNIAL,FORB,680,23
152,cedartrait.us,LESPEDEZA CAPITATA,2.75,2.25,-0.5,19.09948702,0.842,31.172408,12.45020289,0.4572,0.228401178,79.00332954,0.333275,FORB,PERENNIAL,LEGUME,682,12
479,passogavia.it,LEUCANTHEMOPSIS ALPINA,0.46,0.47,0.01,26,0.035,NA,15.775,0.126,NA,NA,0.83,FORB,PERENNIAL,FORB,1281,51
503,rhijn.nl,LEUCANTHEMUM VULGARE,1,3,2,30.26796208,0.53192,9.640667198,17.80983272,0.2032,0.178238532,205.5962002,0.23427,FORB,PERENNIAL,FORB,796.92,53
28,allmendb.ch,LEUCANTHEMUM VULGARE,1.5,1.5,0,30.26796208,0.53192,9.640667198,17.80983272,0.2032,0.178238532,205.5962002,0.23427,FORB,PERENNIAL,FORB,957,1
149,cedartrait.us,LIATRIS ASPERA,11.8,6.25,-5.55,12.33641253,0.68,20.498833,17.00092904,NA,0.135313282,193.6403191,0.335858333,FORB,PERENNIAL,FORB,682,12
110,biddulph.ca,LIATRIS PUNCTATA,1,1,0,16.817,0.6096,NA,9.8333502,0.3556,0.16753096,118.8077502,0.3044,FORB,PERENNIAL,FORB,353.7,7
100,bfl.us,LIATRIS PUNCTATA,11.5,11,-0.5,16.817,0.6096,NA,9.8333502,0.3556,0.16753096,118.8077502,0.3044,FORB,PERENNIAL,FORB,860.5334792,6
435,oklah.us,LIATRIS SQUARROSA,1.75,3,1.25,22.06384,0.4548,NA,16.33650548,0.67,NA,NA,NA,FORB,PERENNIAL,FORB,880,47
481,passogavia.it,LIGUSTICUM MUTELLINA,46,45,-1,21.8,0.28,NA,24.9616,0.68,NA,NA,NA,FORB,PERENNIAL,FORB,1281,51
212,ebro.es,LINUM SUFFRUTICOSUM,2.0322225,1.445426889,-0.586795611,19.9,0.4,NA,13.83721065,NA,NA,NA,NA,SUBSHRUB,PERENNIAL,WOODY,385,22
414,mattheis.ca,LITHOSPERMUM INCISUM,10,11,1,26.9,0.2176,NA,12.77,3.03,NA,NA,NA,FORB,PERENNIAL,FORB,329.11,44
58,allmendo.ch,LOTUS CORNICULATUS,0.375,0.25,-0.125,32.37274407,0.357339206,21.21401,21.71513633,0.3556,0.12871093,104.3277979,0.351194598,FORB,PERENNIAL,LEGUME,957,2
6,allmendb.ch,LOTUS CORNICULATUS,1.333333333,1.5,0.166666667,32.37274407,0.357339206,21.21401,21.71513633,0.3556,0.12871093,104.3277979,0.351194598,FORB,PERENNIAL,LEGUME,957,1
167,chilcasdrt.ar,LOTUS GLABER,3,0.25,-2.75,NA,0.75,NA,25.91,NA,NA,NA,0.71,LEGUME,PERENNIAL,LEGUME,950,16
225,elvadrt.ee,LUZULA MULTIFLORA,3,1.333333333,-1.666666667,25.54618746,0.2110425,5.237476541,25.53913437,NA,NA,132.06,NA,GRASS,PERENNIAL,GRAMINOID,680,23
203,credom.au,MAIREANA SEDIFOLIA,1,2,1,39.14135,1.3,NA,4.952222222,NA,NA,NA,NA,SHRUB,PERENNIAL,WOODY,259.6,21
200,credoj.au,MAIREANA SEDIFOLIA,3.4,2.8,-0.6,39.14135,1.3,NA,4.952222222,NA,NA,NA,NA,SHRUB,PERENNIAL,WOODY,259.6,20
266,falls.au,MICROSERIS LANCEOLATA,1,0.5,-0.5,NA,0.4,NA,11.380814,NA,NA,NA,NA,FORB,PERENNIAL,FORB,2366,27
148,cedartrait.us,MONARDA FISTULOSA,8,2,-6,11.29051118,0.662,17.87547,26.21085308,0.1016,0.165191358,93.37285277,0.28925,FORB,PERENNIAL,FORB,682,12
419,naposta.ar,NASSELLA NEESIANA,36.66666667,8.333333333,-28.33333334,14.2304221,0.8,NA,16,NA,NA,NA,NA,GRASS,PERENNIAL,GRASS,553,45
422,naposta.ar,NASSELLA TRICHOTOMA,25,5.333333333,-19.66666667,NA,0.7,NA,11.297312,NA,NA,NA,0.77666667,GRASS,PERENNIAL,GRASS,553,45
409,matador.ca,NASSELLA VIRIDULA,18.66666667,15.33333333,-3.333333337,12.6088734,0.6096,NA,10.77,0.3556,0.517363388,54.89286067,0.23675,GRAMINOID,PERENNIAL,GRASS,358.4,43
543,spvdrt.ar,NOTICASTRUM SERICEUM,4,3.5,-0.5,30.175,NA,NA,36.99,NA,NA,NA,NA,FORB,PERENNIAL,FORB,220.6,59
484,passogavia.it,OREOCHLOA DISTICHA,0.275,0.7,0.425,22,0.115,NA,9.2,NA,NA,NA,NA,GRASS,PERENNIAL,GRASS,1281,51
537,slp.us,OXALIS DILLENII,2.5,2,-0.5,NA,0.188478161,NA,41.82566697,NA,NA,NA,NA,FORB,PERENNIAL,FORB,930.7024634,58
412,mattheis.ca,PASCOPYRUM SMITHII,1,15,14,16.774,0.525,11.28,12.75359048,1.703333,0.206075395,21.32212,0.175766667,GRAMINOID,PERENNIAL,GRASS,329.11,44
402,matador.ca,PASCOPYRUM SMITHII,5.333333333,5.666666667,0.333333334,16.774,0.525,11.28,12.75359048,1.703333,0.206075395,21.32212,0.175766667,GRAMINOID,PERENNIAL,GRASS,358.4,43
342,kinsella.ca,PASCOPYRUM SMITHII,21,21,0,16.774,0.525,11.28,12.75359048,1.703333,0.206075395,21.32212,0.175766667,GRAMINOID,PERENNIAL,GRASS,406.24,37
173,chilcasdrt.ar,PASPALUM DILATATUM,15.625,1.375,-14.25,17.4533552,0.4722,8.133333333,16.30478,0.1524,0.102,18.37,0.62,GRASS,PERENNIAL,GRASS,950,16
171,chilcasdrt.ar,PASPALUM VAGINATUM,0.25,1,0.75,3.6045301,0.03048,15.6,10.41,0.1524,NA,NA,NA,GRASS,PERENNIAL,GRASS,950,16
486,passogavia.it,PERSICARIA VIVIPARA,0.1,0.2,0.1,21.5,0.283,NA,22,NA,NA,NA,NA,FORB,PERENNIAL,FORB,1281,51
274,falls.au,PHEBALIUM SQUAMULOSUM,1,0.5,-0.5,17.6,1.375,NA,4.958314675,NA,NA,NA,NA,SHRUB,PERENNIAL,WOODY,2366,27
475,passogavia.it,PHLEUM ALPINUM,0.2,0.3,0.1,24.71901341,0.19724,9.103855654,20.58967646,0.254,NA,73.35000002,0.25,GRASS,PERENNIAL,GRASS,1281,51
452,oreaa.us,PHLOX HOODII,1.625,1,-0.625,23.27,0.02825,NA,13.95070877,0.54,0.180454545,107.0545926,0.2647,FORB,PERENNIAL,FORB,497,48
476,passogavia.it,PHYTEUMA HEMISPHAERICUM,2.3,2,-0.3,27,0.1,NA,19.5,NA,NA,NA,NA,FORB,PERENNIAL,FORB,1281,51
357,kranz.de,PICEA ABIES,50,50,0,13.01773524,NA,8.231665,5.074959129,0.7112,0.289806897,16.43077549,0.727774529,TREE,PERENNIAL,WOODY,791.3,39
303,jenadrt.de,PICRIS HIERACIOIDES,2.166666667,3,0.833333333,24.11,0.157,12.13,18.58,1.23,0.0725,193.765,0.45557832,FORB,PERENNIAL,FORB,596.5233333,33
81,baddrt.de,PICRIS HIERACIOIDES,48,37,-11,24.11,0.157,12.13,18.58,1.23,0.0725,193.765,0.45557832,FORB,PERENNIAL,FORB,488.6,5
276,falls.au,PIMELEA ALPINA,1.166666667,0.666666667,-0.5,NA,0.3,NA,10.434151,NA,NA,NA,NA,SHRUB,PERENNIAL,WOODY,2366,27
495,pineta.es,PIMPINELLA SAXIFRAGA,0.5,0.5,0,21.22166667,0.445,3.322678571,21.46439541,2.42685,0.315348446,149.6596103,0.228622222,FORB,PERENNIAL,FORB,1356.602,52
39,allmendo.ch,PIMPINELLA SAXIFRAGA,2.166666667,1.916666667,-0.25,21.22166667,0.445,3.322678571,21.46439541,2.42685,0.315348446,149.6596103,0.228622222,FORB,PERENNIAL,FORB,957,2
18,allmendb.ch,PIMPINELLA SAXIFRAGA,2.416666667,2.25,-0.166666667,21.22166667,0.445,3.322678571,21.46439541,2.42685,0.315348446,149.6596103,0.228622222,FORB,PERENNIAL,FORB,957,1
272,falls.au,PLANTAGO EURYPHYLLA,1,0.5,-0.5,45.18531954,0.03,NA,15.9845175,NA,NA,NA,NA,FORB,PERENNIAL,FORB,2366,27
87,baddrt.de,PLANTAGO LANCEOLATA,0.3,1,0.7,25.695,0.320146825,23.59846931,23.55,0.57,0.138912722,225.0999155,0.228368317,FORB,PERENNIAL,FORB,488.6,5
50,allmendo.ch,PLANTAGO LANCEOLATA,0.75,0.75,0,25.695,0.320146825,23.59846931,23.55,0.57,0.138912722,225.0999155,0.228368317,FORB,PERENNIAL,FORB,957,2
16,allmendb.ch,PLANTAGO LANCEOLATA,1,0.25,-0.75,25.695,0.320146825,23.59846931,23.55,0.57,0.138912722,225.0999155,0.228368317,FORB,PERENNIAL,FORB,957,1
192,cowidrt.ca,PLANTAGO LANCEOLATA,2,2,0,25.695,0.320146825,23.59846931,23.55,0.57,0.138912722,225.0999155,0.228368317,FORB,PERENNIAL,FORB,1134,19
508,rhijn.nl,PLANTAGO LANCEOLATA,4,3.5,-0.5,25.695,0.320146825,23.59846931,23.55,0.57,0.138912722,225.0999155,0.228368317,FORB,PERENNIAL,FORB,796.92,53
521,scruzh.us,PLANTAGO LANCEOLATA,22.2222222,8.333333333,-13.88888887,25.695,0.320146825,23.59846931,23.55,0.57,0.138912722,225.0999155,0.228368317,FORB,PERENNIAL,FORB,745,55
478,passogavia.it,POA ALPINA,3.16,3.06,-0.1,13,0.298831111,16.9,21.51150438,0.254,NA,292.2,0.26,GRASS,PERENNIAL,GRASS,1281,51
239,elvadrt.ee,POA ANGUSTIFOLIA,1.5,1,-0.5,12.95,0.48,5.764,20.11666667,NA,0.316453559,NA,0.113446154,GRASS,PERENNIAL,GRASS,680,23
258,esw.ca,POA COMPRESSA,3,5,2,13.678,0.2491,8.04,20.91883636,0.254,NA,54.78896667,0.53,GRASS,PERENNIAL,GRASS,1011.5,24
269,falls.au,POA HIEMATA,41.66666667,41.66666667,-3.33E-09,13.7803809,0.6,NA,3.35531,NA,NA,NA,NA,GRASS,PERENNIAL,GRASS,2366,27
394,marcdrt.ar,POA LANIGERA,2.75,1,-1.75,NA,NA,NA,24,NA,NA,NA,NA,GRASS,PERENNIAL,GRASS,927.9,42
164,chacra.ar,POA LIGULARIS,1,3,2,22.4,1.2,10.4,6.944926731,0.7,NA,NA,NA,GRASS,PERENNIAL,GRASS,400,14
145,cedartrait.us,POA PRATENSIS,2.6,1,-1.6,14.974,0.291,9.46,24.13531364,0.254,0.107208566,49.82696,0.196318683,GRASS,PERENNIAL,GRASS,682,12
185,cowidrt.ca,POA PRATENSIS,2.8,3.666666667,0.866666667,14.974,0.291,9.46,24.13531364,0.254,0.107208566,49.82696,0.196318683,GRASS,PERENNIAL,GRASS,1134,19
333,kernnu.ca,POA PRATENSIS,5,25,20,14.974,0.291,9.46,24.13531364,0.254,0.107208566,49.82696,0.196318683,GRASS,PERENNIAL,GRASS,353.7,36
136,cedarsav.us,POA PRATENSIS,5.6,3.333333333,-2.266666667,14.974,0.291,9.46,24.13531364,0.254,0.107208566,49.82696,0.196318683,GRASS,PERENNIAL,GRASS,682,11
120,brookdale.ca,POA PRATENSIS,6.25,3.8,-2.45,14.974,0.291,9.46,24.13531364,0.254,0.107208566,49.82696,0.196318683,GRASS,PERENNIAL,GRASS,474.2,8
308,jenadrt.de,POA PRATENSIS,9,11.33333333,2.333333333,14.974,0.291,9.46,24.13531364,0.254,0.107208566,49.82696,0.196318683,GRASS,PERENNIAL,GRASS,596.5233333,33
555,validate.fr,POA PRATENSIS,13.8,21.8,8,14.974,0.291,9.46,24.13531364,0.254,0.107208566,49.82696,0.196318683,GRASS,PERENNIAL,GRASS,790,61
322,kernb.ca,POA PRATENSIS,18.33333333,8.666666667,-9.666666663,14.974,0.291,9.46,24.13531364,0.254,0.107208566,49.82696,0.196318683,GRASS,PERENNIAL,GRASS,353.7,35
345,kinsella.ca,POA PRATENSIS,52,52,0,14.974,0.291,9.46,24.13531364,0.254,0.107208566,49.82696,0.196318683,GRASS,PERENNIAL,GRASS,406.24,37
426,nplatte.us,POA SECUNDA,2,3.5,1.5,16.12,0.42672,14.54,11.51,0.254,NA,197.6,NA,GRASS,PERENNIAL,GRASS,305,46
460,oreac.us,POA SECUNDA,3.5,5.833333333,2.333333333,16.12,0.42672,14.54,11.51,0.254,NA,197.6,NA,GRASS,PERENNIAL,GRASS,497,49
82,baddrt.de,POA TRIVIALIS,0.01,0.6,0.59,34.02187304,0.640983219,31.34075583,38.18960088,0.3048,0.080269491,NA,0.173758288,GRASS,PERENNIAL,GRASS,488.6,5
209,ebro.es,POLYGALA RUPESTRIS,0.494511111,0.029088889,-0.465422222,NA,10.58,NA,25.97,0.37,NA,NA,NA,SUBSHRUB,PERENNIAL,WOODY,385,22
71,ayora.es,POLYGALA RUPESTRIS,1,1,0,NA,10.58,NA,25.97,0.37,NA,NA,NA,SUBSHRUB,PERENNIAL,WOODY,381.3,4
1,allmendb.ch,POLYGALA VULGARIS,1.416666667,0.5,-0.916666667,NA,0.172916667,NA,19.02952398,0.5,0.2661556,396.667,0.7826128,FORB,PERENNIAL,FORB,957,1
231,elvadrt.ee,POTENTILLA ANSERINA,1,1,0,26.20897891,0.277222222,NA,17.47534074,0.43,0.63425,148.75,0.6572,FORB,PERENNIAL,FORB,680,23
17,allmendb.ch,POTENTILLA GRANDIFLORA,0.666666667,0.5,-0.166666667,NA,NA,NA,39.1,NA,NA,NA,NA,FORB,PERENNIAL,FORB,957,1
42,allmendo.ch,POTENTILLA GRANDIFLORA,3.25,3.166666667,-0.083333333,NA,NA,NA,39.1,NA,NA,NA,NA,FORB,PERENNIAL,FORB,957,2
506,rhijn.nl,POTENTILLA REPTANS,22.5,12.5,-10,24.6133503,0.274083333,NA,23.567332,NA,NA,NA,NA,FORB,PERENNIAL,FORB,796.92,53
485,passogavia.it,PRIMULA GLUTINOSA,0.75,0.6,-0.15,27,NA,NA,13.58757528,0.2515,NA,NA,NA,FORB,PERENNIAL,FORB,1281,51
46,allmendo.ch,PRUNELLA VULGARIS,4.166666667,1.833333333,-2.333333334,16.811555,0.250255556,5.87871,22.91466839,0.254,0.105496279,223.0600732,0.294300536,FORB,PERENNIAL,FORB,957,2
21,allmendb.ch,PRUNELLA VULGARIS,14.08333333,11.25,-2.83333333,16.811555,0.250255556,5.87871,22.91466839,0.254,0.105496279,223.0600732,0.294300536,FORB,PERENNIAL,FORB,957,1
283,hard.us,PSEUDOROEGNERIA SPICATA,1,2,1,NA,0.267,NA,23.893,NA,0.153771092,103.8213416,0.237714286,GRASS,PERENNIAL,GRASS,462,30
351,konzadrt.us,PSORALIDIUM TENUIFLORUM,14.8,2.8,-12,24.275,0.056,NA,16.82,2.7686,0.43,NA,0.67,FORB,PERENNIAL,LEGUME,830,38
202,credoj.au,PTILOTUS OBOVATUS,0.75,0.7,-0.05,26.894035,0.566666667,NA,7.440821539,NA,NA,NA,NA,SHRUB,PERENNIAL,WOODY,259.6,20
205,credom.au,PTILOTUS OBOVATUS,1.25,1.75,0.5,26.894035,0.566666667,NA,7.440821539,NA,NA,NA,NA,SHRUB,PERENNIAL,WOODY,259.6,21
137,cedarsav.us,QUERCUS ELLIPSOIDALIS,20,22.66666667,2.666666667,24.88184444,NA,14.4,18.07068773,NA,NA,66.5,NA,TREE,PERENNIAL,WOODY,682,11
236,elvadrt.ee,RANUNCULUS ACRIS,2,2,0,24.40250649,0.455420833,11.25,22.35741937,0.44,0.121892828,139.8527763,0.35099,FORB,PERENNIAL,FORB,680,23
504,rhijn.nl,RANUNCULUS ACRIS,3,2,-1,24.40250649,0.455420833,11.25,22.35741937,0.44,0.121892828,139.8527763,0.35099,FORB,PERENNIAL,FORB,796.92,53
429,oklah.us,RATIBIDA COLUMNIFERA,0.5,0.5,0,NA,0.94488,NA,22.85,0.3556,NA,56,0.66,FORB,PERENNIAL,FORB,880,47
121,brookdale.ca,ROSA ACICULARIS,1.566666667,1.15,-0.416666667,10.65,0.762,19.83128735,18.42,0.1524,0.27,55.8341358,0.2912,SHRUB,PERENNIAL,WOODY,474.2,8
107,biddulph.ca,ROSA ARKANSANA,1,3,2,17.3145,0.292,NA,17.98307476,NA,0.421153994,41.52607134,0.30555,SHRUB,PERENNIAL,WOODY,353.7,7
319,kernb.ca,ROSA ARKANSANA,5.666666667,6.333333333,0.666666666,17.3145,0.292,NA,17.98307476,NA,0.421153994,41.52607134,0.30555,SHRUB,PERENNIAL,WOODY,353.7,35
331,kernnu.ca,ROSA ARKANSANA,9.25,7,-2.25,17.3145,0.292,NA,17.98307476,NA,0.421153994,41.52607134,0.30555,SHRUB,PERENNIAL,WOODY,353.7,36
151,cedartrait.us,ROSA ARKANSANA,15,8,-7,17.3145,0.292,NA,17.98307476,NA,0.421153994,41.52607134,0.30555,SHRUB,PERENNIAL,WOODY,682,12
218,ebro.es,ROSMARINUS OFFICINALIS,19.75746422,14.46299555,-5.294468667,9.43,1,NA,3.117747146,0.364,0.534580651,11.79132349,0.424333333,SHRUB,PERENNIAL,WOODY,385,22
69,ayora.es,ROSMARINUS OFFICINALIS,80.33333333,81.33333333,1.000000003,9.43,1,NA,3.117747146,0.364,0.534580651,11.79132349,0.424333333,SHRUB,PERENNIAL,WOODY,381.3,4
354,konzadrt.us,RUELLIA HUMILIS,2,3,1,17,0.502906667,NA,12.07550636,0.1016,0.40803047,18.40109592,0.42,FORB,PERENNIAL,FORB,830,38
204,credom.au,RYTIDOSPERMA CAESPITOSUM,0.5,0.5,0,NA,0.55,NA,9.440331,0.66,NA,168.7,0.271,GRASS,PERENNIAL,GRASS,259.6,21
483,passogavia.it,SALIX HERBACEA,0.55,0.3,-0.25,23.22611667,0.034166667,10.25,16.45337359,NA,0.152,NA,0.92,SHRUB,PERENNIAL,WOODY,1281,51
289,hoide.de,SALIX REPENS,15,30,15,17.00382579,0.812,5.44,12.90991206,0.2303,0.152,NA,NA,SHRUB,PERENNIAL,WOODY,541.15,31
30,allmendb.ch,SALVIA PRATENSIS,3.25,2.25,-1,19.3,0.520833333,NA,24.4875,2.1,0.2015038,272.308,2.015308,FORB,PERENNIAL,FORB,957,1
57,allmendo.ch,SALVIA PRATENSIS,3.875,3.25,-0.625,19.3,0.520833333,NA,24.4875,2.1,0.2015038,272.308,2.015308,FORB,PERENNIAL,FORB,957,2
62,allmendo.ch,SANGUISORBA MINOR,0.5,0.75,0.25,19.82857143,0.340136667,13.0925861,17.81475981,0.3048,0.290931094,118.7237432,0.4611271,FORB,PERENNIAL,FORB,957,2
2,allmendb.ch,SANGUISORBA MINOR,2.5,2,-0.5,19.82857143,0.340136667,13.0925861,17.81475981,0.3048,0.290931094,118.7237432,0.4611271,FORB,PERENNIAL,FORB,957,1
14,allmendb.ch,SCABIOSA COLUMBARIA,1,1.5,0.5,21.2,0.594444444,NA,19.16302632,0.9,0.347953216,120.2294669,0.181166667,FORB,PERENNIAL,FORB,957,1
40,allmendo.ch,SCABIOSA COLUMBARIA,1.625,1,-0.625,21.2,0.594444444,NA,19.16302632,0.9,0.347953216,120.2294669,0.181166667,FORB,PERENNIAL,FORB,957,2
549,ukulingadrt.za,SCABIOSA COLUMBARIA,4,10,6,21.2,0.594444444,NA,19.16302632,0.9,0.347953216,120.2294669,0.181166667,FORB,PERENNIAL,FORB,732.6,60
101,bfl.us,SCHIZACHYRIUM SCOPARIUM,6,7,1,9.196,0.5145,8.51,16.698695,0.3048,0.403212551,75.67983333,0.2,GRASS,PERENNIAL,GRASS,860.5334792,6
150,cedartrait.us,SCHIZACHYRIUM SCOPARIUM,6,2.4,-3.6,9.196,0.5145,8.51,16.698695,0.3048,0.403212551,75.67983333,0.2,GRASS,PERENNIAL,GRASS,682,12
144,cedarsav.us,SCHIZACHYRIUM SCOPARIUM,17,14,-3,9.196,0.5145,8.51,16.698695,0.3048,0.403212551,75.67983333,0.2,GRASS,PERENNIAL,GRASS,682,11
430,oklah.us,SCHIZACHYRIUM SCOPARIUM,54.16666667,30,-24.16666667,9.196,0.5145,8.51,16.698695,0.3048,0.403212551,75.67983333,0.2,GRASS,PERENNIAL,GRASS,880,47
449,oreaa.us,SEDUM STENOPETALUM,2.875,2.125,-0.75,NA,0.1118,NA,9.29,0.1,NA,NA,0.58,FORB,PERENNIAL,FORB,497,48
313,jorndrt.us,SENNA BAUHINIOIDES,1.25,1,-0.25,NA,NA,NA,14.29802652,1.7,NA,7.894687,0.376666667,FORB,PERENNIAL,LEGUME,241.88,34
156,cerrillos.ar,SETARIA PAMPEANA,3.75,3.75,0,24.7,0.38,NA,19.52,NA,NA,NA,NA,GRASS,PERENNIAL,GRASS,390,13
551,ukulingadrt.za,SETARIA SPHACELATA,6,41.5,35.5,10.0375,3,NA,14.16,NA,NA,11.17,0.57,GRASS,PERENNIAL,GRASS,732.6,60
515,scruzh.us,SISYRINCHIUM BELLUM,1.8340046,4.75,2.9159954,22.35,0.2558,NA,23.93793933,NA,0.101107003,118.754489,0.32952,FORB,PERENNIAL,FORB,745,55
340,kinsella.ca,SISYRINCHIUM MONTANUM,2,2,0,NA,0.225,NA,19.78,NA,NA,NA,NA,FORB,PERENNIAL,FORB,406.24,37
472,passogavia.it,SOLDANELLA PUSILLA,13.6,12.6,-1,NA,0.02,NA,16.8,0.11,NA,NA,NA,FORB,PERENNIAL,FORB,1281,51
83,baddrt.de,SOLIDAGO CANADENSIS,0.15,0.2,0.05,15.13338959,1.30146,NA,17.75668436,0.3048,NA,77.59504262,0.486273328,FORB,PERENNIAL,FORB,488.6,5
119,brookdale.ca,SOLIDAGO CANADENSIS,2.9,1.9,-1,15.13338959,1.30146,NA,17.75668436,0.3048,NA,77.59504262,0.486273328,FORB,PERENNIAL,FORB,474.2,8
250,esw.ca,SOLIDAGO CANADENSIS,27,24.66666667,-2.333333333,15.13338959,1.30146,NA,17.75668436,0.3048,NA,77.59504262,0.486273328,FORB,PERENNIAL,FORB,1011.5,24
320,kernb.ca,SOLIDAGO MISSOURIENSIS,1,1,0,13.3335,0.576,10.93,10.60804205,0.2032,0.208174196,100.2127031,0.323716667,FORB,PERENNIAL,FORB,353.7,35
344,kinsella.ca,SOLIDAGO MISSOURIENSIS,5,5,0,13.3335,0.576,10.93,10.60804205,0.2032,0.208174196,100.2127031,0.323716667,FORB,PERENNIAL,FORB,406.24,37
153,cedartrait.us,SOLIDAGO NEMORALIS,7,8.5,1.5,15.47778333,0.57,23.31317375,13.95394921,0.3048,0.129791058,208.2087011,0.369872222,FORB,PERENNIAL,FORB,682,12
436,oklah.us,SOLIDAGO NEMORALIS,7.75,15,7.25,15.47778333,0.57,23.31317375,13.95394921,0.3048,0.129791058,208.2087011,0.369872222,FORB,PERENNIAL,FORB,880,47
124,brookdale.ca,SOLIDAGO RIGIDA,1.5,2,0.5,11.83477126,0.598,8.386758333,10.23214847,0.3048,0.212780118,35.33592984,0.482373411,FORB,PERENNIAL,FORB,474.2,8
431,oklah.us,SOLIDAGO RIGIDA,3,11,8,11.83477126,0.598,8.386758333,10.23214847,0.3048,0.212780118,35.33592984,0.482373411,FORB,PERENNIAL,FORB,880,47
147,cedartrait.us,SOLIDAGO RIGIDA,9,10,1,11.83477126,0.598,8.386758333,10.23214847,0.3048,0.212780118,35.33592984,0.482373411,FORB,PERENNIAL,FORB,682,12
324,kernb.ca,SONCHUS ARVENSIS,1.25,1,-0.25,26.4,1.1875,NA,21,0.56,0.219369,40.215,NA,FORB,PERENNIAL,FORB,353.7,35
122,brookdale.ca,SONCHUS ARVENSIS,1.95,1.5,-0.45,26.4,1.1875,NA,21,0.56,0.219369,40.215,NA,FORB,PERENNIAL,FORB,474.2,8
255,esw.ca,SONCHUS ARVENSIS,2,5,3,26.4,1.1875,NA,21,0.56,0.219369,40.215,NA,FORB,PERENNIAL,FORB,1011.5,24
336,kernnu.ca,SONCHUS ARVENSIS,7.166666667,6,-1.166666667,26.4,1.1875,NA,21,0.56,0.219369,40.215,NA,FORB,PERENNIAL,FORB,353.7,36
513,sclaudio.ar,SORGHUM HALEPENSE,15.25,9,-6.25,22.2,1.3834,NA,17.98889051,0.254,NA,NA,NA,GRAMINOID,PERENNIAL,GRASS,950,54
67,antelope.us,SPHAERALCEA HASTULATA,2,1,-1,NA,NA,NA,14.04606421,2.5,NA,10.52042,0.492,FORB,PERENNIAL,FORB,215,3
428,oklah.us,SPOROBOLUS COMPOSITUS,10.16666667,10.16666667,-3.33E-09,8.2,0.213,NA,28.13,NA,NA,NA,0.49,GRASS,PERENNIAL,GRASS,880,47
315,jorndrt.us,SPOROBOLUS FLEXUOSUS,12,1.666666667,-10.33333333,NA,0.9144,NA,15.81345753,0.254,NA,NA,0.04,GRASS,PERENNIAL,GRASS,241.88,34
540,slp.us,STEINCHISMA HIANS,44,8,-36,NA,NA,NA,25,NA,NA,NA,NA,GRASS,PERENNIAL,GRASS,930.7024634,58
247,elvadrt.ee,STELLARIA GRAMINEA,1,1,0,29.426,0.460386667,NA,29.05086069,0.34,0.337078652,251.0337458,0.135266667,FORB,PERENNIAL,FORB,680,23
95,bfl.us,STENARIA NIGRICANS,1,2.5,1.5,NA,0.2,NA,15.01261282,NA,NA,NA,NA,FORB,PERENNIAL,FORB,860.5334792,6
400,marcdrt.ar,STENOTAPHRUM SECUNDATUM,2,1,-1,NA,0.27432,NA,23,0.3048,NA,NA,0.1855714,GRASS,PERENNIAL,GRASS,927.9,42
166,chilcasdrt.ar,STENOTAPHRUM SECUNDATUM,5,1,-4,NA,0.27432,NA,23,0.3048,NA,NA,0.1855714,GRASS,PERENNIAL,GRASS,950,16
343,kinsella.ca,STIPA COMATA,5.75,5.75,0,20.1,0.9144,15.9,16.95,0.4064,0.49068467,79.18825345,0.2,GRAMINOID,PERENNIAL,GRASS,406.24,37
111,biddulph.ca,STIPA COMATA,14.5,10.5,-4,20.1,0.9144,15.9,16.95,0.4064,0.49068467,79.18825345,0.2,GRAMINOID,PERENNIAL,GRASS,353.7,7
467,paike.ar,STIPA SPECIOSA,27,27,0,12.13,0.169,7.94,15.44,0.352,NA,22.41,0.352,GRASS,PERENNIAL,GRASS,202,50
191,cowidrt.ca,SYMPHORICARPOS ALBUS,7.8,10,2.2,14.05,1.538133333,NA,19.90333333,0.4572,NA,39.363636,NA,SHRUB,PERENNIAL,WOODY,1134,19
405,matador.ca,SYMPHYOTRICHUM ERICOIDES,1,1,0,12.6,0.7802222,11.01821,20.14194711,0.76,0.151923077,73.83666667,0.3263,FORB,PERENNIAL,FORB,358.4,43
126,brookdale.ca,SYMPHYOTRICHUM ERICOIDES,1.25,1,-0.25,12.6,0.7802222,11.01821,20.14194711,0.76,0.151923077,73.83666667,0.3263,FORB,PERENNIAL,FORB,474.2,8
328,kernb.ca,SYMPHYOTRICHUM ERICOIDES,2,2,0,12.6,0.7802222,11.01821,20.14194711,0.76,0.151923077,73.83666667,0.3263,FORB,PERENNIAL,FORB,353.7,35
287,hard.us,SYMPHYOTRICHUM ERICOIDES,9.333333333,9.666666667,0.333333334,12.6,0.7802222,11.01821,20.14194711,0.76,0.151923077,73.83666667,0.3263,FORB,PERENNIAL,FORB,462,30
440,oklah.us,SYMPHYOTRICHUM ERICOIDES,11,11,0,12.6,0.7802222,11.01821,20.14194711,0.76,0.151923077,73.83666667,0.3263,FORB,PERENNIAL,FORB,880,47
353,konzadrt.us,SYMPHYOTRICHUM ERICOIDES,35,6,-29,12.6,0.7802222,11.01821,20.14194711,0.76,0.151923077,73.83666667,0.3263,FORB,PERENNIAL,FORB,830,38
339,kinsella.ca,SYMPHYOTRICHUM FALCATUM,13.33333333,13.33333333,3.33E-09,22.282,0.4175,8.69,14.18715,NA,0.117472,79.08403333,0.31118,FORB,PERENNIAL,FORB,406.24,37
117,brookdale.ca,SYMPHYOTRICHUM LAEVE,2.666666667,2.5,-0.166666667,11.6,0.976666667,9.78,14.28815235,NA,0.253411079,69.91354785,0.323475,FORB,PERENNIAL,FORB,474.2,8
248,esw.ca,SYMPHYOTRICHUM LANCEOLATUM,1,2,1,25.1,1.8288,NA,12.754,0.2032,0.15,68,0.36,FORB,PERENNIAL,FORB,1011.5,24
254,esw.ca,SYMPHYOTRICHUM NOVAE-ANGLIAE,1,8.5,7.5,12.17017,1.022302632,NA,23.88988777,NA,0.12,52,0.46,FORB,PERENNIAL,FORB,1011.5,24
556,validate.fr,TARAXACUM CAMPYLODES,0.925,6,5.075,28.3472693,0.044,10.73618,30.05916441,0.1524,0.2871857,213.1,0.292,FORB,PERENNIAL,FORB,790,61
296,jenadrt.de,TARAXACUM CAMPYLODES,11.33333333,6,-5.33333333,28.3472693,0.044,10.73618,30.05916441,0.1524,0.2871857,213.1,0.292,FORB,PERENNIAL,FORB,596.5233333,33
215,ebro.es,TEUCRIUM CAPITATUM,0.152425778,0.062395667,-0.090030111,20.04659333,0.085,NA,13.33,0.2,NA,NA,NA,SUBSHRUB,PERENNIAL,WOODY,385,22
44,allmendo.ch,TEUCRIUM CHAMAEDRYS,2.583333333,3.666666667,1.083333334,16,0.190683889,19.69,14.12995424,1.62,0.187321285,149.5449877,0.264622222,SHRUB,PERENNIAL,WOODY,957,2
19,allmendb.ch,TEUCRIUM CHAMAEDRYS,5.75,5.125,-0.625,16,0.190683889,19.69,14.12995424,1.62,0.187321285,149.5449877,0.264622222,SHRUB,PERENNIAL,WOODY,957,1
114,brookdale.ca,THALICTRUM VENULOSUM,1.75,1.166666667,-0.583333333,NA,0.1059,NA,19.84,NA,NA,NA,NA,FORB,PERENNIAL,FORB,474.2,8
548,ukulingadrt.za,THEMEDA TRIANDRA,15,17,2,13.22821429,1.5,4.35,9.2635,NA,NA,NA,0.2625,GRASS,PERENNIAL,GRASS,732.6,60
25,allmendb.ch,THYMUS SERPYLLUM,1.666666667,1.75,0.083333333,19.815,0.08775,NA,12.59845839,0.250506667,0.7,11.2,NA,FORB,PERENNIAL,WOODY,957,1
47,allmendo.ch,THYMUS SERPYLLUM,1.833333333,1.666666667,-0.166666666,19.815,0.08775,NA,12.59845839,0.250506667,0.7,11.2,NA,FORB,PERENNIAL,WOODY,957,2
219,ebro.es,THYMUS VULGARIS,2.008951389,1.495168889,-0.5137825,15.125,0.08,NA,10.34931507,0.3318,NA,NA,NA,SUBSHRUB,PERENNIAL,WOODY,385,22
174,ciempoz.es,THYMUS VULGARIS,7.914166667,6.446666667,-1.4675,15.125,0.08,NA,10.34931507,0.3318,NA,NA,NA,SUBSHRUB,PERENNIAL,WOODY,363.6,17
459,oreac.us,TRIFOLIUM MACROCEPHALUM,0.5,3.5,3,NA,0.6096,NA,6.89,0.1524,NA,NA,1.85,FORB,PERENNIAL,LEGUME,497,49
453,oreaa.us,TRIFOLIUM MACROCEPHALUM,3.5,1,-2.5,NA,0.6096,NA,6.89,0.1524,NA,NA,1.85,FORB,PERENNIAL,LEGUME,497,48
23,allmendb.ch,TRIFOLIUM MONTANUM,0.25,0.75,0.5,34.121,0.306666667,NA,18.67023642,0.825,0.113646105,238.0656783,0.246975,FORB,PERENNIAL,LEGUME,957,1
38,allmendo.ch,TRIFOLIUM MONTANUM,0.5,0.25,-0.25,34.121,0.306666667,NA,18.67023642,0.825,0.113646105,238.0656783,0.246975,FORB,PERENNIAL,LEGUME,957,2
249,esw.ca,TRIFOLIUM PRATENSE,12.33333333,30,17.66666667,40.4444317,0.389308642,21.07704,27.55091965,0.3048,0.16269724,184.5175823,0.256183381,FORB,PERENNIAL,LEGUME,1011.5,24
227,elvadrt.ee,TRIFOLIUM REPENS,2,1,-1,43.78354086,0.236251111,21.66035,26.94650771,0.3048,0.123144013,192.8045087,0.263218929,FORB,PERENNIAL,LEGUME,680,23
487,pineta.es,TRIFOLIUM REPENS,3,1.125,-1.875,43.78354086,0.236251111,21.66035,26.94650771,0.3048,0.123144013,192.8045087,0.263218929,FORB,PERENNIAL,LEGUME,1356.602,52
261,ethadb.au,TRIODIA BASEDOWII,31.5,36,4.5,6.4,1.3,NA,2.93,NA,NA,NA,NA,GRASS,PERENNIAL,GRASS,193,25
263,ethadn.au,TRIODIA BASEDOWII,49.33333333,72,22.66666667,6.4,1.3,NA,2.93,NA,NA,NA,NA,GRASS,PERENNIAL,GRASS,193,26
553,validate.fr,TRISETUM FLAVESCENS,8.3,6.75,-1.55,27.09907954,0.532263158,8.795034255,22.11711414,0.44,0.166445278,447.4973772,0.175392308,GRASS,PERENNIAL,GRASS,790,61
264,falls.au,TRISETUM SPICATUM,1,0.5,-0.5,NA,0.32706,NA,21.1,0.3048,NA,NA,0.24,GRASS,PERENNIAL,GRASS,2366,27
75,ayora.es,ULEX PARVIFLORUS,26.66666667,29.66666667,2.999999997,14.1,1.315,NA,4.82,1.5,0.71673186,9.189147922,0.373179167,SHRUB,PERENNIAL,LEGUME,381.3,4
232,elvadrt.ee,VERONICA CHAMAEDRYS,1.5,1.333333333,-0.166666667,25.804,0.234,10.00287923,28.10742313,0.34,0.114461321,349.9700698,0.149373333,FORB,PERENNIAL,FORB,680,23
404,matador.ca,VICIA AMERICANA,0.5,0.5,0,42.658,0.2765,21.77,21.29655909,0.254,0.096375062,29.37063333,0.363178334,VINE,PERENNIAL,LEGUME,358.4,43
113,brookdale.ca,VICIA AMERICANA,1,1,0,42.658,0.2765,21.77,21.29655909,0.254,0.096375062,29.37063333,0.363178334,VINE,PERENNIAL,LEGUME,474.2,8
316,kernb.ca,VICIA AMERICANA,1,0.5,-0.5,42.658,0.2765,21.77,21.29655909,0.254,0.096375062,29.37063333,0.363178334,VINE,PERENNIAL,LEGUME,353.7,35
332,kernnu.ca,VICIA AMERICANA,1,0.833333333,-0.166666667,42.658,0.2765,21.77,21.29655909,0.254,0.096375062,29.37063333,0.363178334,VINE,PERENNIAL,LEGUME,353.7,36
338,kinsella.ca,VICIA AMERICANA,5.6,5.6,0,42.658,0.2765,21.77,21.29655909,0.254,0.096375062,29.37063333,0.363178334,VINE,PERENNIAL,LEGUME,406.24,37
223,elvadrt.ee,VICIA CRACCA,1.333333333,1.5,0.166666667,41.79727454,0.879038889,24.42381,26.81365133,0.3048,0.195683333,41.43187551,0.463024976,LEGUME,PERENNIAL,LEGUME,680,23
235,elvadrt.ee,VICIA SEPIUM,1.666666667,1.333333333,-0.333333334,46.0056,0.683333333,27.307,38.73428571,0.52,0.077475,406.25,0.83175,FORB,PERENNIAL,LEGUME,680,23
268,falls.au,VIOLA BETONICIFOLIA,0.5,0.5,0,NA,0.2,NA,17.081108,NA,NA,NA,NA,FORB,PERENNIAL,FORB,2366,27
256,esw.ca,VITIS VULPINA,7,6,-1,NA,NA,NA,8.20827,0.4064,NA,NA,NA,VINE,PERENNIAL,WOODY,1011.5,24
116,brookdale.ca,ZIZIA APTERA,1,1.166666667,0.166666667,16.074,NA,NA,40.37573969,NA,NA,NA,NA,FORB,PERENNIAL,FORB,474.2,8
63,allmendo.ch,BRIZA MEDIA,2.416666667,2.416666667,-3.33E-10,19.10016667,0.41946,2.042559524,20.92775774,0.52,0.179667951,288.6987236,0.171363333,GRASS,PERENNIAL,GRASS,957,2
29,allmendb.ch,BRIZA MEDIA,2.5,2.5,0,19.10016667,0.41946,2.042559524,20.92775774,0.52,0.179667951,288.6987236,0.171363333,GRASS,PERENNIAL,GRASS,957,1
222,elvadrt.ee,BRIZA MEDIA,25,30,5,19.10016667,0.41946,2.042559524,20.92775774,0.52,0.179667951,288.6987236,0.171363333,GRASS,PERENNIAL,GRASS,680,23
80,baddrt.de,LOLIUM PERENNE,0.05,0.4,0.35,19.23,0.429,9.7,18.31,0.254,0.104845371,220.8471095,0.1,GRASS,PERENNIAL,GRASS,488.6,5
554,validate.fr,LOLIUM PERENNE,7.02,10,2.98,19.23,0.429,9.7,18.31,0.254,0.104845371,220.8471095,0.1,GRASS,PERENNIAL,GRASS,790,61
302,jenadrt.de,LOLIUM PERENNE,47.33333333,39.66666667,-7.666666663,19.23,0.429,9.7,18.31,0.254,0.104845371,220.8471095,0.1,GRASS,PERENNIAL,GRASS,596.5233333,33
421,naposta.ar,OXALIS CONORRHIZA,1,1,0,NA,0.1176,NA,42.67,NA,NA,NA,NA,FORB,PERENNIAL,FORB,553,45