AccSpeciesName,Leaf area,Leaf carbon (C) content per leaf dry mass,Leaf nitrogen (N) content per leaf dry mass,Plant height vegetative.cm,Root carbon (C) content per root dry mass,Root nitrogen (N) content per root dry mass,Seed dry mass,Specific leaf area,Leaf thickness,Root rooting depth,"Leaf dry mass per leaf fresh mass (leaf dry matter content, LDMC)",Root diameter,"Fine root length per fine root dry mass (specific fine root length, SRL)",Coarse root nitrogen (N) content per coarse root dry mass,Fine root carbon (C) content per fine root dry mass,Fine root nitrogen (N) content per fine root dry mass
Acacia tetragonophylla,17.71693333,443.2248201,39.75775398,3.333333333,366.82,34.39,14.05177778,6.689844518,NA,NA,NA,NA,NA,NA,NA,NA
Acaena echinata,NA,NA,NA,NA,NA,NA,8.2905,NA,NA,NA,NA,NA,NA,NA,NA,NA
Acaena pinnatifida,NA,NA,NA,NA,NA,NA,8.9,NA,NA,NA,NA,NA,NA,NA,NA,NA
Acamptopappus shockleyi,NA,NA,24.8,NA,NA,NA,1.4,NA,NA,NA,NA,NA,NA,NA,NA,NA
Acer macrophyllum,14953,NA,26.4,20.17066667,NA,NA,118.554238,29.548,0.1319,0.6096,NA,NA,NA,NA,NA,NA
Acer platanoides,7530.930667,NA,20.09269841,24.86933333,NA,NA,120.6161196,23.73468194,0.127023238,1.016,0.325994623,NA,NA,NA,NA,NA
Acer saccharum,NA,NA,18.14984431,25.751,NA,5.2,58.9183477,29.94474253,0.126605,0.8128,0.375488337,NA,NA,NA,NA,NA
Achillea millefolium,1006.5,428.1501336,23.95541537,0.423259428,382.6042417,21.37548076,0.165170971,17.65160206,0.2751,0.2032,0.241440695,NA,NA,NA,NA,NA
Acmispon americanus,NA,NA,NA,NA,NA,NA,4.864547619,NA,NA,NA,NA,NA,NA,NA,NA,NA
Acmispon maritimus,NA,NA,NA,NA,NA,NA,1.805375,NA,NA,NA,NA,NA,NA,NA,NA,NA
Acmispon parviflorus,NA,NA,NA,NA,NA,NA,2.29,NA,NA,NA,NA,NA,NA,NA,NA,NA
Acmispon strigosus,NA,NA,NA,NA,NA,NA,1.452333333,NA,NA,NA,NA,NA,NA,NA,NA,NA
Acourtia nana,NA,NA,18.76667,NA,NA,NA,NA,NA,NA,NA,NA,NA,NA,NA,NA,NA
Agastache foeniculum,NA,NA,14.7,NA,NA,NA,0.265,NA,NA,NA,NA,NA,NA,NA,NA,NA
Agoseris glauca,NA,NA,NA,0.3048,NA,NA,1.135582471,NA,NA,0.1524,NA,NA,NA,NA,NA,NA
Agrimonia eupatoria,8461,425,14.6,0.771111111,NA,NA,18.92263571,15.529,NA,NA,0.31825,NA,NA,NA,NA,NA
Agrostis canina,46.735,425.65,20.86288625,0.4223,435.75,9.3,0.05732,33.1583154,0.101333333,0.254,0.284018,0.15,NA,NA,NA,NA
Agrostis capillaris,192.947,434.0801587,27.65006595,0.393022873,416.2357143,8.907142857,0.070611111,29.44748071,0.120492064,0.3048,0.260963078,0.128571429,NA,NA,NA,NA
Agrostis montevidensis,NA,NA,NA,0.229358974,NA,NA,NA,NA,0.156896552,NA,NA,NA,NA,NA,NA,NA
Agrostis rupestris,NA,NA,NA,0.035,NA,NA,NA,15.5,NA,NA,NA,NA,NA,NA,NA,NA
Agrostis scabra,NA,NA,8.00326776,6.263666667,NA,NA,0.0647,9.409573332,NA,0.3048,0.4954,NA,NA,NA,NA,NA
Agrostis stolonifera,253.3799833,408.7144974,31.5111841,0.414942857,415.1,6.2,0.051948333,31.65060428,0.138666667,0.3048,0.299178871,0.1,13295.27111,NA,NA,NA
Aira caryophyllea,14.2,NA,NA,0.155,NA,NA,0.133642857,21.08,NA,NA,0.279666667,NA,NA,NA,NA,NA
Aira elegantissima,NA,NA,NA,NA,NA,NA,0.05,NA,NA,NA,NA,NA,NA,NA,NA,NA
Allionia incarnata,NA,NA,NA,NA,NA,NA,2.797,21.88917424,0.648955,NA,NA,NA,NA,NA,NA,NA
Allium acuminatum,NA,NA,NA,0.3048,NA,NA,2.042618482,NA,NA,0.1524,NA,NA,NA,NA,NA,NA
Allium cernuum,NA,NA,NA,NA,NA,NA,3.85,NA,NA,NA,NA,NA,NA,NA,NA,NA
Allium neapolitanum,NA,NA,NA,NA,NA,NA,4.7,NA,NA,NA,NA,NA,NA,NA,NA,NA
Alopecurus pratensis,879.4416667,441.680697,23.8325776,0.806266667,NA,NA,0.84590026,27.30021588,NA,0.3048,0.324488889,NA,6768.443055,NA,NA,NA
Alyssum desertorum,NA,NA,NA,0.1,NA,NA,0.465,27.17578947,0.1,NA,NA,NA,NA,NA,NA,NA
Ambrosia artemisiifolia,3781.883333,NA,23.1,0.909666667,NA,NA,3.99,21.45333609,NA,NA,0.151706667,NA,NA,NA,NA,NA
Ambrosia dumosa,NA,NA,29.546,0.6096,NA,NA,103.0750113,NA,NA,0.3048,NA,NA,NA,NA,NA,NA
Ambrosia psilostachya,469.5356279,405.0709762,18.97013095,0.573,NA,NA,6.6635,15.44603169,NA,NA,0.312764362,NA,NA,NA,NA,NA
Ambrosia tenuifolia,NA,NA,28.1,NA,NA,NA,NA,11.245,0.344166667,NA,NA,NA,NA,NA,NA,NA
Amorpha canescens,1117.697486,483.6941304,22.25861206,0.9096,NA,NA,2.06066574,22.32649922,NA,0.508,0.407094503,NA,NA,NA,NA,NA
Amphicarpaea bracteata,NA,NA,23.5625,NA,NA,NA,31.045,NA,NA,NA,NA,NA,NA,NA,NA,NA
Amsinckia tessellata,NA,NA,NA,NA,NA,NA,4.459166667,NA,NA,NA,NA,NA,NA,NA,NA,NA
Anagallis arvensis,104,NA,NA,0.187,NA,NA,0.46794,28.34396552,0.25,NA,0.142,NA,NA,NA,NA,NA
Andropogon gerardii,1622.15395,459.365622,11.43191184,1.148072222,413.4,14.4,2.286543361,19.32942295,0.12,0.508,0.352528624,0.1,NA,NA,NA,NA
Andropogon glomeratus,NA,NA,15.3,1.92024,NA,NA,1.289630612,NA,NA,0.3048,NA,NA,NA,NA,NA,NA
Andropogon virginicus,NA,NA,13.3,0.763593333,NA,NA,0.411924396,11.86738259,NA,0.3556,0.516386487,NA,NA,NA,NA,NA
Androsace septentrionalis,26.29,NA,NA,0.187222222,NA,NA,0.193,21.53583333,NA,NA,0.176933333,NA,NA,NA,NA,NA
Antennaria neglecta,280.392619,424.2126667,14.85633333,0.3048,NA,NA,0.078206998,17.70998319,NA,0.2286,NA,NA,NA,NA,NA,NA
Anthoxanthum odoratum,225.4777443,445.5531639,23.59023243,0.383753535,418.7333333,8.005555556,0.6351875,24.91123988,0.129638889,NA,0.317219517,0.111111111,NA,NA,NA,NA
Anthyllis vulneraria,1007,436.8483348,32.33118574,0.2845,NA,19.6042,2.927449091,18.21819656,0.37,NA,0.167130925,NA,NA,NA,NA,NA
Aphanes arvensis,38,NA,NA,0.128333333,NA,NA,0.1912375,16.71818182,0.21,NA,0.264,NA,NA,NA,NA,NA
Apocynum cannabinum,NA,NA,NA,0.95292,NA,NA,0.967932367,10.21642474,NA,0.3048,NA,NA,NA,NA,NA,NA
Arenaria serpyllifolia,9.362,NA,NA,0.2178,NA,NA,0.076380229,21.35760291,0.222,NA,0.225212222,NA,NA,NA,NA,NA
Argyrolobium zanonii,NA,NA,NA,NA,NA,NA,6.5,NA,NA,NA,NA,NA,NA,NA,NA,NA
Aristida contorta,30,NA,NA,0.3,NA,NA,2.238333333,9.37,NA,NA,NA,NA,NA,NA,NA,NA
Aristida holathera,100,520,8.4875,0.7,535,2.975,NA,5.62,0.195,NA,NA,0.375,NA,NA,NA,NA
Aristida purpurea,NA,NA,NA,NA,NA,NA,1.16,NA,NA,NA,NA,NA,NA,NA,NA,NA
Aristida setifolia,NA,NA,NA,NA,NA,NA,1.1,NA,NA,NA,NA,NA,NA,NA,NA,NA
Aristida stricta,NA,NA,NA,1.18872,NA,NA,0.712898551,NA,NA,0.1524,NA,NA,NA,NA,NA,NA
Armeria maritima,NA,NA,17,0.308106667,NA,NA,0.62,NA,NA,0.254,0.17294,NA,NA,NA,NA,NA
Arrhenatherum elatius,1223,429.0133333,29.13532598,0.989798495,NA,NA,2.702454099,29.00111419,0.14,0.3556,0.26491161,NA,NA,NA,NA,NA
Artemisia absinthium,2475.5,NA,NA,0.802333333,NA,NA,0.107732857,24.66323678,0.16167,NA,0.2205,NA,NA,NA,NA,NA
Artemisia arbuscula,NA,NA,NA,0.6096,NA,NA,0.607972506,NA,NA,0.254,NA,NA,NA,NA,NA,NA
Artemisia campestris,180.8916667,NA,28.42,0.637875,NA,NA,0.165679167,12.76973075,NA,NA,0.21680713,NA,NA,NA,NA,NA
Artemisia cana,NA,NA,NA,1.524,NA,NA,0.400022744,NA,NA,0.508,NA,NA,NA,NA,NA,NA
Artemisia filifolia,NA,NA,NA,NA,NA,NA,0.25,NA,NA,NA,NA,NA,NA,NA,NA,NA
Artemisia frigida,236.5555556,441.0966667,27.14787037,0.6096,NA,NA,0.0766,15.13958917,NA,0.2032,NA,NA,NA,NA,NA,NA
Artemisia ludoviciana,361.0964742,444.6546364,19.24454545,0.59195,NA,NA,0.158941027,16.4954108,NA,0.2032,0.319409336,NA,NA,NA,NA,NA
Artemisia nova,NA,NA,NA,0.6096,NA,NA,1.037692113,NA,NA,0.254,NA,NA,NA,NA,NA,NA
Artemisia tridentata,43.97777778,NA,15.26666667,2.0334,NA,NA,0.330202386,7.24415531,NA,0.508,NA,NA,NA,NA,NA,NA
Artemisia vulgaris,3914.426333,424.1666667,44.63333333,1.439387862,NA,NA,0.152111429,21.44697757,0.154,NA,0.232392647,NA,NA,NA,NA,NA
Asclepias viridis,NA,NA,NA,0.456,NA,NA,5.2525,10.46681531,NA,NA,0.228371869,NA,NA,NA,NA,NA
Asperula aristata,NA,NA,NA,NA,NA,NA,0.74,NA,NA,NA,NA,NA,NA,NA,NA,NA
Asperula cynanchica,18.4,NA,NA,0.284375,NA,NA,0.848,27.91666667,NA,NA,0.323386667,NA,NA,NA,NA,NA
Aster squamatus,NA,NA,NA,0.3,NA,NA,0.114166667,24.49096986,0.304,NA,NA,NA,NA,NA,NA,NA
Astragalus agrestis,NA,NA,NA,0.3048,NA,NA,3.774154589,NA,NA,0.254,NA,NA,NA,NA,NA,NA
Astragalus flexuosus,NA,NA,NA,NA,NA,NA,1.575,NA,NA,NA,NA,NA,NA,NA,NA,NA
Astragalus laxmannii,NA,NA,NA,NA,NA,NA,1.506666667,13.514,NA,NA,NA,NA,NA,NA,NA,NA
Astragalus missouriensis,NA,NA,NA,NA,NA,NA,3.46,NA,NA,NA,NA,NA,NA,NA,NA,NA
Astragalus nuttallianus,NA,NA,NA,NA,NA,NA,1.3,NA,NA,NA,NA,NA,NA,NA,NA,NA
Astrantia major,10612.64833,444.67,28.539,0.4215,NA,NA,3.11,22.75909384,NA,NA,0.173901667,NA,NA,NA,NA,NA
Astrebla lappacea,155.1498,NA,NA,0.65,NA,NA,2.88,11.43619445,NA,NA,NA,NA,NA,NA,NA,NA
Astrebla pectinata,NA,NA,NA,NA,NA,NA,2.847666667,NA,NA,NA,NA,NA,NA,NA,NA,NA
Astroloma humifusum,7.322,NA,NA,0.1,NA,NA,61.56,7.958695652,NA,NA,NA,NA,NA,NA,NA,NA
Avena barbata,119,389,17,0.389,NA,NA,8.237367738,25.674375,NA,NA,0.255333333,NA,NA,NA,NA,NA
Axonopus fissifolius,NA,NA,NA,0.07836831,NA,NA,0.3705,NA,0.167985612,NA,NA,NA,NA,NA,NA,NA
Axyris amaranthoides,NA,NA,NA,1.2,NA,NA,1.32,NA,NA,NA,NA,NA,NA,NA,NA,NA
Baccharis ulicina,NA,NA,NA,NA,NA,NA,NA,NA,0.22,NA,NA,NA,NA,NA,NA,NA
Baptisia alba,NA,NA,22.3,0.972,NA,NA,16.1,22.05414615,NA,NA,0.248328025,NA,NA,NA,NA,NA
Bassia laniflora,NA,NA,NA,0.25,NA,NA,NA,NA,NA,NA,NA,NA,NA,NA,NA,NA
Bassia scoparia,99.0625,NA,32.45,1.184444444,NA,NA,1.09664,19.65690846,0.264,NA,0.194348,NA,NA,NA,NA,NA
Bellis perennis,359,NA,NA,0.1025,NA,NA,0.136985185,31.2875,NA,NA,0.1135,NA,NA,NA,NA,NA
Berberis nervosa,NA,NA,NA,0.6096,NA,NA,17.90885822,NA,NA,0.4064,NA,NA,NA,NA,NA,NA
Betula pendula,1181.105556,499.75,24.7363717,20.42708333,NA,9.9,0.291500861,18.17513615,0.1841338,0.6096,0.349800671,NA,NA,0.75,NA,NA
Blepharipappus scaber,NA,NA,NA,NA,NA,NA,1.03,NA,NA,NA,NA,NA,NA,NA,NA,NA
Boerhavia diffusa,NA,NA,NA,NA,NA,NA,2.327,NA,NA,NA,NA,NA,NA,NA,NA,NA
Boerhavia spicata,NA,NA,NA,NA,NA,NA,1.37,NA,NA,NA,NA,NA,NA,NA,NA,NA
Bothriochloa laguroides,NA,NA,NA,NA,NA,NA,0.56,NA,NA,NA,NA,NA,NA,NA,NA,NA
Bouteloua aristidoides,NA,NA,15.9,NA,NA,NA,0.895,12.89,NA,NA,NA,NA,NA,NA,NA,NA
Bouteloua curtipendula,NA,NA,15,0.682104762,NA,NA,1.754335036,18.17607803,NA,0.3048,0.525176059,NA,NA,NA,NA,NA
Bouteloua gracilis,NA,NA,13.23705157,0.3048,NA,NA,0.483068356,19.7,0.053,0.4064,NA,NA,NA,NA,NA,NA
Brachypodium distachyon,NA,NA,NA,0.1005,NA,NA,3.264391892,30.85889908,0.21368,NA,NA,NA,NA,NA,NA,NA
Brachypodium pinnatum,1898,458.9566667,18.10766667,0.540866667,NA,NA,2.925156667,23.9927357,0.131,NA,0.362333333,NA,NA,NA,NA,NA
Brachypodium retusum,NA,NA,7.1,0.4,NA,NA,3.1587,12.40924826,0.4,NA,NA,NA,NA,NA,NA,NA
Briza maxima,NA,NA,10.2,0.6096,NA,NA,3.341682971,68.9,NA,0.254,NA,NA,NA,NA,NA,NA
Briza media,644,471.8566667,19.10016667,0.41946,NA,NA,0.363485185,20.92775774,0.14667,NA,0.294116667,NA,NA,NA,NA,NA
Briza minor,NA,NA,NA,NA,NA,NA,0.3085,NA,NA,NA,NA,NA,NA,NA,NA,NA
Bromus catharticus,NA,NA,NA,0.9572,NA,NA,9.006024135,35,NA,0.3048,NA,NA,NA,NA,NA,NA
Bromus diandrus,NA,NA,NA,NA,NA,NA,11.21666667,39,NA,NA,0.289,NA,NA,NA,NA,NA
Bromus erectus,595.375,421,18.81892435,0.717333333,NA,NA,3.820615152,21.09580137,NA,NA,0.312719258,NA,NA,NA,NA,NA
Bromus hordeaceus,250.75,421.1,25.57289667,0.6899,398.7,10.2,2.302186894,27.25455017,0.166,0.254,0.289967778,0.2,NA,NA,NA,NA
Bromus inermis,1924.291667,450.6212311,21.49936399,0.76518,NA,NA,2.963723205,17.7899321,NA,0.3048,0.380989092,NA,NA,NA,NA,NA
Bromus japonicus,396.8,NA,NA,0.424044444,NA,NA,2.18925,19.31803729,0.2375,NA,0.287296667,NA,NA,NA,NA,NA
Bromus rubens,NA,NA,NA,0.39624,NA,NA,2.347431522,NA,NA,0.2032,NA,NA,NA,NA,NA,NA
Bromus setifolius,NA,NA,NA,NA,NA,NA,6.955833333,NA,0.271666667,NA,NA,NA,NA,NA,NA,NA
Bromus sterilis,467.3333333,NA,27.9,0.658333333,NA,NA,7.269666667,30.5349098,0.148666667,NA,0.23075,NA,NA,NA,NA,NA
Bromus tectorum,492.4930367,NA,NA,0.53975,NA,NA,2.667925682,25.60655894,0.162,NA,0.152666667,NA,NA,NA,NA,NA
Buglossoides arvensis,NA,NA,NA,0.2183,NA,NA,5.867777778,17.93814433,0.1786,NA,NA,NA,NA,NA,NA,NA
Caladenia carnea,158.80898,NA,NA,0.135,NA,NA,NA,20.36104461,NA,NA,NA,NA,NA,NA,NA,NA
Calamovilfa longifolia,933.7365625,462.51125,13.59,1.3716,NA,NA,1.36645721,10.96892152,NA,0.508,NA,NA,NA,NA,NA,NA
Calluna vulgaris,0.9735,527.1727778,13.57486595,0.555785714,NA,4.11401,0.031883333,14.28693018,0.326296296,NA,0.34648674,NA,NA,NA,NA,NA
Calotis hispidula,61.00506333,NA,NA,0.103333333,NA,NA,2.290166667,11.56636819,NA,NA,NA,NA,NA,NA,NA,NA
Calotis lappulacea,67,NA,NA,0.5,NA,NA,NA,15.76,NA,NA,NA,NA,NA,NA,NA,NA
Calytrix tetragona,NA,NA,9.5,NA,NA,NA,1.65,NA,NA,NA,NA,NA,NA,NA,NA,NA
Camassia quamash,NA,NA,NA,0.70104,NA,NA,4.15782155,NA,NA,0.254,NA,NA,NA,NA,NA,NA
Camissonia palmeri,NA,NA,NA,NA,NA,NA,0.15675,NA,NA,NA,NA,NA,NA,NA,NA,NA
Campanula patula,NA,NA,NA,0.4375,NA,NA,0.023595,33.98333333,NA,NA,NA,NA,NA,NA,NA,NA
Campanula rotundifolia,73.39830818,NA,21.08333333,0.34,NA,NA,0.062491111,22.94812699,0.176,NA,0.274815946,NA,NA,NA,NA,NA
Cardionema ramosissimum,NA,NA,NA,NA,NA,NA,0.79425,9.801,0.35,NA,NA,NA,NA,NA,NA,NA
Carduus pycnocephalus,NA,NA,8.2,NA,NA,NA,4.4605,38,NA,NA,NA,NA,NA,NA,NA,NA
Carex andina,NA,NA,NA,NA,NA,NA,NA,NA,0.515,NA,NA,NA,NA,NA,NA,NA
Carex arenaria,782.81,NA,19.12604168,0.384259259,NA,NA,0.942133333,14.42164292,NA,NA,0.346,NA,NA,NA,NA,NA
Carex binervis,NA,NA,NA,1,NA,NA,1.509085714,10.6,NA,NA,NA,NA,NA,NA,NA,NA
Carex breviculmis,48.29506,NA,NA,0.05,NA,NA,NA,14.60009466,NA,NA,NA,NA,NA,NA,NA,NA
Carex brevior,NA,NA,NA,0.254,NA,NA,0.89,21.15675902,NA,NA,0.336249527,NA,NA,NA,NA,NA
Carex caryophyllea,387.5,NA,18,0.223333333,NA,NA,1.16024,18.76023077,NA,NA,0.31,NA,NA,NA,NA,NA
Carex curvula,NA,NA,NA,NA,NA,NA,2.08,9.999104145,NA,NA,NA,NA,NA,NA,NA,NA
Carex echinata,218,NA,NA,0.33305,NA,NA,1.128695833,15.53,NA,0.2032,0.369441578,NA,NA,NA,NA,NA
Carex filifolia,NA,NA,NA,0.33528,NA,NA,2.9,NA,0.2,0.254,NA,NA,NA,NA,NA,NA
Carex flacca,604.82,NA,17.07498081,0.37125,NA,NA,0.907915278,14.4018786,NA,NA,0.33475,NA,NA,NA,NA,NA
Carex liparocarpos,NA,432.6633333,20.95166667,NA,NA,NA,3.257,25.83979328,NA,NA,NA,NA,NA,NA,NA,NA
Carex meadii,NA,NA,NA,0.2292,NA,NA,3.0375,12.74334258,NA,NA,0.443826127,NA,NA,NA,NA,NA
Carex nigra,159.1766667,461.6261691,24.40009307,0.388666667,NA,NA,0.746409524,20.83559904,0.1935,NA,0.338250914,NA,NA,NA,NA,NA
Carex panicea,611,NA,16.1715862,0.31,NA,NA,2.369626667,17.69830765,NA,NA,0.389868,NA,NA,NA,NA,NA
Carex phalaroides,NA,NA,NA,0.21,NA,NA,NA,NA,NA,NA,NA,NA,NA,NA,NA,NA
Carex pilulifera,510.825,NA,27.98325592,0.225625,NA,NA,1.042183297,19.13235729,NA,NA,0.318184,NA,NA,NA,NA,NA
Carlina vulgaris,665.2333333,NA,15.78260486,0.385,NA,NA,1.423285714,22.08870347,NA,NA,0.097973333,NA,NA,NA,NA,NA
Celmisia costiniana,NA,NA,NA,NA,NA,NA,2.977,NA,NA,NA,NA,NA,NA,NA,NA,NA
Cenchrus ciliaris,NA,NA,18.5,0.9144,NA,NA,1.262496311,NA,NA,0.508,NA,NA,NA,NA,NA,NA
Centaurea jacea,NA,435.6,25.06160617,0.8275,NA,11.34202,1.478422222,21.9478316,NA,NA,0.219053333,NA,NA,NA,NA,NA
Centaurea melitensis,167,NA,NA,1,NA,NA,1.407,9.4,NA,NA,NA,NA,NA,NA,NA,NA
Centaurea scabiosa,4352,NA,22.3,0.9625,NA,NA,6.543224242,16.2315625,NA,NA,0.197,NA,NA,NA,NA,NA
Centipeda cunninghamii,13,NA,NA,0.2,NA,NA,0.0416,18.1,NA,NA,NA,NA,NA,NA,NA,NA
Centrolepis aristata,NA,NA,NA,NA,NA,NA,0.04,NA,NA,NA,NA,NA,NA,NA,NA,NA
Centrolepis polygyna,NA,NA,NA,NA,NA,NA,0.08,NA,NA,NA,NA,NA,NA,NA,NA,NA
Centrolepis strigosa,NA,NA,NA,NA,NA,NA,0.03,NA,NA,NA,NA,NA,NA,NA,NA,NA
Cephalipterum drummondii,NA,NA,NA,NA,NA,NA,7.22,NA,NA,NA,NA,NA,NA,NA,NA,NA
Cerastium arvense,NA,NA,NA,0.188888889,NA,NA,0.206783333,21.10181624,NA,NA,0.24209686,NA,NA,NA,NA,NA
Cerastium fontanum,182.59075,437.38,24.9755,0.218333333,NA,NA,0.138767778,25.83139407,0.225,NA,0.13025,NA,NA,NA,NA,NA
Cerastium glomeratum,176.6666667,NA,NA,0.249,NA,NA,0.049536,23.38503171,0.226,NA,0.159498889,NA,NA,NA,NA,NA
Chaenactis fremontii,NA,NA,11,NA,NA,3.35,1.0225,NA,NA,NA,NA,NA,NA,NA,NA,NA
Chaenactis stevioides,NA,NA,NA,NA,NA,NA,0.432,NA,NA,NA,NA,NA,NA,NA,NA,NA
Chaerophyllum eriopodum,NA,NA,NA,NA,NA,NA,2.275,NA,NA,NA,NA,NA,NA,NA,NA,NA
Chamaecrista fasciculata,NA,NA,NA,0.73152,NA,NA,7.835149263,NA,NA,0.3556,NA,NA,NA,NA,NA,NA
Chamaecrista nictitans,NA,NA,NA,NA,NA,NA,3.15,NA,NA,NA,NA,NA,NA,NA,NA,NA
Chamaecrista ramosa,NA,NA,NA,NA,NA,NA,14.1,NA,NA,NA,NA,NA,NA,NA,NA,NA
Chamaescilla corymbosa,NA,NA,NA,NA,NA,NA,0.81,NA,NA,NA,NA,NA,NA,NA,NA,NA
Chenopodium album,2390,NA,27.125,1.174877193,NA,NA,0.690957143,22.66936863,0.29575,NA,0.177290291,NA,NA,NA,NA,NA
Chenopodium quinoa,NA,NA,NA,NA,NA,NA,1.966666667,NA,NA,NA,NA,NA,NA,NA,NA,NA
Chlorogalum pomeridianum,NA,NA,NA,NA,NA,NA,9.28325,NA,NA,NA,NA,NA,NA,NA,NA,NA
Chrysocephalum apiculatum,82.54415,NA,27.1,0.4,NA,NA,0.059416667,16.64122201,NA,NA,NA,NA,NA,NA,NA,NA
Chrysopsis mariana,NA,NA,NA,NA,NA,NA,0.74,NA,NA,NA,NA,NA,NA,NA,NA,NA
Chrysothamnus viscidiflorus,NA,NA,NA,0.9144,NA,NA,0.802723619,NA,NA,0.3556,NA,NA,NA,NA,NA,NA
Chylismia claviformis,NA,NA,NA,NA,NA,NA,0.132,NA,NA,NA,NA,NA,NA,NA,NA,NA
Cirsium arvense,3857.5,409.9085686,29.75611991,0.84284049,NA,NA,1.417251496,16.60803212,0.460375,NA,0.151845444,NA,NA,NA,NA,NA
Cirsium vulgare,7619.4625,NA,NA,1.175,NA,NA,2.684122222,14.23064781,0.492222222,NA,0.146659167,NA,NA,NA,NA,NA
Cistus albidus,NA,NA,13.70833333,1,NA,NA,1.055,15.54983587,NA,NA,0.37032,NA,NA,NA,NA,NA
Cistus clusii,NA,NA,17.575,1,NA,NA,21.41,15.66073822,NA,NA,NA,NA,NA,NA,NA,NA
Claytonia perfoliata,385.5055333,NA,NA,0.222866667,NA,NA,0.6726489,52.4560081,NA,0.1524,0.060336111,NA,NA,NA,NA,NA
Clinopodium vulgare,1055,NA,18.3077,0.399433333,NA,9.27871,0.364353333,26.99161677,0.1207,NA,0.258,NA,NA,NA,NA,NA
Collinsia parviflora,NA,NA,NA,0.3048,NA,NA,1.555665286,NA,NA,0.1524,NA,NA,NA,NA,NA,NA
Collomia grandiflora,NA,NA,NA,0.4,NA,NA,3.320333333,NA,NA,NA,NA,NA,NA,NA,NA,NA
Comandra umbellata,111.4893294,424.0089333,21.0594,NA,NA,NA,89.122,18.08533756,NA,NA,NA,NA,NA,NA,NA,NA
Convolvulus arvensis,1032.9,NA,NA,0.667433333,NA,NA,13.36784667,22.15968458,0.218,NA,0.1725,NA,NA,NA,NA,NA
Conyza canadensis,660,NA,27.9,0.836805556,NA,NA,0.169654586,21.34368455,NA,0.1524,0.209242853,NA,NA,NA,NA,NA
Cordobia argentea,NA,NA,NA,NA,NA,NA,NA,5.52599535,0.307293333,NA,NA,NA,NA,NA,NA,NA
Coreopsis palmata,315.5671376,457.0478333,12.06502778,0.4485,NA,NA,1.989,18.06209157,NA,NA,0.317151372,NA,NA,NA,NA,NA
Cornus suecica,293.1291667,460.8104651,19.69489943,0.171111111,NA,NA,3.42,32.24866466,0.1685,NA,0.21195511,NA,NA,NA,465.550429,7.812801366
Crassula connata,NA,NA,NA,NA,NA,NA,0.014,NA,NA,NA,NA,NA,NA,NA,NA,NA
Crepis biennis,6087.5,NA,NA,0.8875,NA,NA,1.3464,31.23333333,NA,NA,0.1325,NA,NA,NA,NA,NA
Crepis capillaris,1585.666667,NA,NA,0.458333333,NA,NA,0.221595083,35.00023666,0.196,NA,0.125666667,NA,NA,NA,NA,NA
Crepis foetida,NA,439,17.2,0.27525,NA,NA,0.788652,20.14985816,0.19666,NA,0.162,NA,NA,NA,NA,NA
Crepis tectorum,NA,NA,14.21254536,0.375675,NA,NA,NA,22.33002853,NA,NA,0.15499587,NA,NA,NA,NA,NA
Crotalaria microcarpa,NA,NA,NA,NA,NA,NA,0.39,NA,NA,NA,NA,NA,NA,NA,NA,NA
Croton glandulosus,NA,NA,NA,NA,NA,NA,8.1,NA,NA,NA,NA,NA,NA,NA,NA,NA
Croton monanthogynus,NA,NA,NA,NA,NA,NA,5.71,NA,NA,NA,NA,NA,NA,NA,NA,NA
Cruciata glabra,NA,467.78,17.002,0.194,NA,NA,1.43,21.52069774,NA,NA,NA,NA,NA,NA,NA,NA
Cryptantha intermedia,NA,NA,NA,NA,NA,NA,0.34025,NA,NA,NA,NA,NA,NA,NA,NA,NA
Cryptantha pterocarya,NA,NA,NA,NA,NA,0.9,NA,NA,NA,NA,NA,NA,NA,NA,NA,NA
Cucumis myriocarpus,NA,NA,NA,NA,NA,NA,6.92,NA,NA,NA,NA,NA,NA,NA,NA,NA
Cuscuta planiflora,NA,NA,NA,NA,NA,NA,0.09,NA,NA,NA,NA,NA,NA,NA,NA,NA
Cymbopogon caesius,NA,NA,NA,NA,NA,NA,1.74,NA,NA,NA,NA,NA,NA,NA,NA,NA
Cymopterus glomeratus,NA,NA,NA,NA,NA,NA,3.02,NA,NA,NA,NA,NA,NA,NA,NA,NA
Cynodon dactylon,119.9833333,NA,28.57367,0.235788519,NA,NA,0.205003118,25.22232,0.193083334,0.3556,0.224598333,NA,NA,NA,NA,NA
Cynosurus cristatus,353.156,NA,NA,0.588,NA,NA,0.527373148,25.76472222,NA,NA,0.250105714,NA,NA,NA,NA,NA
Cynosurus echinatus,NA,NA,NA,0.475,NA,NA,1.490333333,75.9,NA,NA,NA,NA,NA,NA,NA,NA
Cyperus eragrostis,NA,NA,NA,NA,NA,NA,0.115666667,NA,NA,NA,NA,NA,NA,NA,NA,NA
Cyperus reflexus,NA,NA,NA,NA,NA,NA,0.02,11.65762839,0.396666667,NA,NA,NA,NA,NA,NA,NA
Cytisus scoparius,28.1413037,NA,31.01944444,1.7959,NA,NA,8.447442546,22.29605641,0.140737037,0.4064,0.225212487,NA,NA,NA,NA,NA
Dactylis glomerata,951.1257079,433.6988474,25.72069341,0.671309259,412.6571429,10.15714286,0.920318657,26.04843708,0.120579048,0.3048,0.240117842,0.142857143,NA,NA,NA,NA
Dactylorhiza maculata,1420.8,NA,NA,0.6,NA,NA,NA,24.23285714,NA,NA,0.120096667,NA,NA,NA,NA,NA
Dalea candida,NA,NA,NA,0.46064,NA,NA,1.537888889,10.76043991,NA,NA,0.292063905,NA,NA,NA,NA,NA
Dalea purpurea,NA,NA,NA,0.5272,NA,NA,2.700333333,13.02080619,NA,NA,0.284704385,NA,NA,NA,NA,NA
Dalea searlsiae,NA,NA,NA,NA,NA,NA,2.92,NA,NA,NA,NA,NA,NA,NA,NA,NA
Dalea villosa,NA,NA,NA,NA,NA,NA,1.89,NA,NA,NA,NA,NA,NA,NA,NA,NA
Danthonia californica,NA,NA,NA,0.6096,NA,NA,5.515737923,NA,NA,0.4064,NA,NA,NA,NA,NA,NA
Danthonia decumbens,378,NA,16.5,0.35,NA,NA,1.435575,16.236,NA,NA,0.343988,NA,NA,NA,NA,NA
Danthonia montevidensis,NA,NA,NA,0.223648649,NA,NA,NA,NA,NA,NA,NA,NA,NA,NA,NA,NA
Daphne laureola,1522.736667,NA,NA,0.9625,NA,NA,NA,9.236666667,NA,NA,0.27733,NA,NA,NA,NA,NA
Daucus carota,NA,430.2124732,23.75644602,0.487097662,NA,NA,1.061872467,17.37707021,NA,NA,0.293200904,NA,NA,NA,NA,NA
Daucus glochidiatus,122.418125,NA,NA,0.19,NA,NA,1.67,24.46724868,NA,NA,NA,NA,NA,NA,NA,NA
Delphinium menziesii,NA,NA,NA,NA,NA,NA,1.317,NA,NA,NA,NA,NA,NA,NA,NA,NA
Deschampsia cespitosa,314.9073162,465.8274569,19.38145224,0.623466667,NA,NA,0.272182639,15.38069921,0.3725,NA,0.337972358,NA,NA,NA,440.726102,11.07335711
Deschampsia flexuosa,39.17993973,428.9047152,21.14852266,0.40801415,NA,6.90123,0.529956048,17.19285365,0.335305556,0.2032,0.338814668,NA,NA,NA,458.642943,14.24622238
Descurainia pinnata,NA,NA,NA,NA,NA,NA,0.106357143,NA,NA,NA,NA,NA,NA,NA,NA,NA
Desmanthus acuminatus,NA,NA,NA,NA,NA,NA,4.5,NA,NA,NA,NA,NA,NA,NA,NA,NA
Desmanthus illinoensis,NA,NA,NA,0.9144,NA,NA,5.25080153,NA,NA,0.3048,NA,NA,NA,NA,NA,NA
Desmodium illinoense,NA,NA,NA,0.32,NA,NA,6.6,17.35283469,NA,NA,0.270638294,NA,NA,NA,NA,NA
Dichelachne crinita,NA,NA,NA,NA,NA,NA,0.39,NA,NA,NA,NA,NA,NA,NA,NA,NA
Dichopogon strictus,NA,NA,NA,NA,NA,NA,1.88,NA,NA,NA,NA,NA,NA,NA,NA,NA
Digitaria californica,NA,NA,NA,1.2192,NA,NA,0.403998187,NA,NA,0.254,NA,NA,NA,NA,NA,NA
Digitaria cognata,354.1725,453.66,18.09515288,0.2115,NA,NA,0.55,30.42998108,NA,NA,NA,NA,NA,NA,NA,NA
Diospyros virginiana,NA,NA,28.2,9.457333333,NA,NA,243.7733015,11.37839081,NA,0.9144,0.373820786,NA,NA,NA,NA,NA
Dipcadi viride,NA,NA,NA,NA,NA,NA,1.48,NA,NA,NA,NA,NA,NA,NA,NA,NA
Diplotaxis tenuifolia,2296,NA,NA,0.575,NA,NA,0.301583333,22.45,NA,NA,0.113,NA,NA,NA,NA,NA
Draba verna,118.5,NA,NA,0.095,NA,NA,0.134679261,32.29400837,NA,NA,0.131391429,NA,NA,NA,NA,NA
Echinops sphaerocephalus,NA,NA,NA,1.4375,NA,NA,14.24716667,NA,NA,NA,NA,NA,NA,NA,NA,NA
Echium vulgare,4523,NA,23.6,0.716666667,NA,NA,2.910548718,14.45,NA,NA,0.142,NA,NA,NA,NA,NA
Ehrharta stipoides,NA,NA,NA,NA,NA,NA,5.6375,34.42882407,0.0875,NA,NA,NA,NA,NA,NA,NA
Elymus elymoides,NA,NA,16.6,0.4572,NA,6.333333333,2.358846618,NA,0.12,0.3048,NA,NA,NA,NA,NA,NA
Elymus glaucus,NA,NA,NA,1.00584,NA,NA,3.613980712,NA,NA,0.3048,NA,NA,NA,NA,NA,NA
Elymus lanceolatus,NA,NA,NA,NA,NA,NA,4.163333333,NA,NA,NA,NA,NA,NA,NA,NA,NA
Elymus repens,1709.497333,448.1403943,26.17661742,0.605442518,NA,NA,2.632604182,22.79877956,0.17675,0.3556,0.289986123,NA,2417.441564,NA,NA,NA
Elymus smithii,615.48375,444.0285,28.0185,0.6096,NA,NA,3.193625998,31.74700117,0.277777778,0.508,NA,NA,NA,NA,NA,NA
Elymus spicatus,NA,NA,NA,0.8382,NA,NA,3.867837198,NA,0.0975,0.254,NA,NA,NA,NA,NA,NA
Empetrum nigrum,5.375333333,562.7960407,11.54888567,0.271133333,NA,6.06,1.055775,9.729822391,0.178001852,0.2532,0.378649643,NA,NA,NA,525.4766021,9.349487849
Encelia farinosa,NA,NA,NA,0.9144,NA,NA,5.16631953,NA,0.254625,0.3048,NA,NA,NA,NA,NA,NA
Enneapogon polyphyllus,131.4923,430,10.55,0.325,550,3.7,1.476333333,7.035333333,0.14,NA,NA,0.6,NA,NA,NA,NA
Enteropogon ramosus,NA,NA,NA,NA,NA,NA,0.735,NA,NA,NA,NA,NA,NA,NA,NA,NA
Ephedra nevadensis,NA,NA,NA,0.9144,NA,NA,25.11938292,NA,NA,0.1524,NA,NA,NA,NA,NA,NA
Epilobium angustifolium,2874.814815,478.7734326,26.69696541,1.0483,NA,NA,0.155669643,19.77553761,0.215233333,0.627,0.264170862,NA,NA,NA,452.7743442,11.29821394
Epilobium brachycarpum,NA,NA,NA,NA,NA,NA,0.314666667,NA,NA,NA,NA,NA,NA,NA,NA,NA
Epilobium tetragonum,NA,NA,NA,0.720833333,NA,NA,0.103958889,15.9,NA,NA,NA,NA,NA,NA,NA,NA
Epipactis palustris,976.9,NA,NA,0.4375,NA,NA,0.005,22.45,NA,NA,0.188214,NA,NA,NA,NA,NA
Equisetum arvense,104.4227778,NA,20.06733732,0.344317143,NA,NA,NA,13.18450744,NA,0.2262,0.30163971,NA,NA,NA,NA,NA
Eragrostis curvula,NA,416.5,11.225,0.9144,392.0333333,5.6,0.244511197,NA,0.14,0.3556,NA,0.3,NA,NA,NA,NA
Eragrostis dielsii,90,NA,NA,0.3,NA,NA,0.062,5.7,NA,NA,NA,NA,NA,NA,NA,NA
Eragrostis setifolia,96.342,NA,NA,0.38,NA,NA,0.040933333,7.946703097,NA,NA,NA,NA,NA,NA,NA,NA
Eragrostis spectabilis,578.1581667,450.095,10.935,0.277,NA,NA,0.155112716,15.9372921,NA,0.1016,0.422245229,NA,NA,NA,NA,NA
Eremogone congesta,NA,NA,NA,NA,NA,NA,1.195,NA,NA,NA,NA,NA,NA,NA,NA,NA
Eremophila duttonii,102.422,NA,NA,2.4,NA,NA,28.06366667,5.646986263,NA,NA,NA,NA,NA,NA,NA,NA
Eremophila gilesii,NA,NA,NA,NA,NA,NA,93.3255,NA,NA,NA,NA,NA,NA,NA,NA,NA
Eriachne aristidea,NA,550,8.1,NA,540,4.5,1.4,NA,0.19,NA,NA,0.9,NA,NA,NA,NA
Erica tetralix,4.136666667,NA,11.50813841,0.465833333,NA,NA,0.015831944,10.60442241,NA,NA,0.471098333,NA,NA,NA,NA,NA
Erigeron annuus,907.6666667,458.2143783,13.87251282,0.790891667,NA,NA,0.037333333,23.37334387,NA,NA,0.253843451,NA,NA,NA,NA,NA
Erigeron bellidioides,NA,NA,NA,NA,NA,NA,0.77,NA,NA,NA,NA,NA,NA,NA,NA,NA
Erigeron bloomeri,NA,NA,NA,NA,NA,NA,0.71,NA,NA,NA,NA,NA,NA,NA,NA,NA
Erigeron bonariensis,NA,NA,20.2,0.46625,NA,NA,0.119066667,17.6205,0.2931,NA,NA,NA,NA,NA,NA,NA
Erigeron canadensis,NA,NA,NA,0.2418,NA,NA,0.05,18.324,NA,NA,0.28489284,NA,NA,NA,NA,NA
Erigeron strigosus,NA,NA,NA,0.633522222,NA,NA,0.640531401,24.97386549,0.14,0.254,0.149997805,NA,NA,NA,NA,NA
Eriochloa pseudoacrotricha,NA,NA,NA,NA,NA,NA,1.42,NA,NA,NA,NA,NA,NA,NA,NA,NA
Eriogonum annuum,NA,NA,NA,NA,NA,NA,0.2,NA,NA,NA,NA,NA,NA,NA,NA,NA
Eriogonum effusum,NA,NA,NA,NA,NA,NA,0.64,NA,NA,NA,NA,NA,NA,NA,NA,NA
Eriogonum pusillum,NA,NA,NA,NA,NA,NA,0.09175,NA,NA,NA,NA,NA,NA,NA,NA,NA
Eriogonum sphaerocephalum,NA,NA,NA,0.3048,NA,NA,1.659830918,NA,NA,0.3556,NA,NA,NA,NA,NA,NA
Eriophorum angustifolium,1422.787143,539.1661895,20.00955403,0.392104,NA,5.5,1.074778986,13.32708698,0.498,0.2895,0.342,NA,NA,NA,NA,NA
Eriophorum vaginatum,215,462.7079143,18.34176544,0.441666667,NA,7.2,0.86684,10.24422818,1.435,0.4,0.339430593,NA,NA,NA,NA,NA
Eriophyllum pringlei,NA,NA,NA,NA,NA,NA,2.5815,NA,NA,NA,NA,NA,NA,NA,NA,NA
Eriophyllum wallacei,NA,NA,NA,NA,NA,NA,0.276,NA,NA,NA,NA,NA,NA,NA,NA,NA
Eriosema cordatum,NA,NA,27.2,NA,NA,NA,NA,NA,NA,NA,NA,NA,NA,NA,NA,NA
Erodium cicutarium,513.1543111,NA,NA,0.3255,NA,NA,1.59335381,32.53910618,0.2286,NA,0.202648889,NA,NA,NA,NA,NA
Erodium texanum,NA,NA,NA,NA,NA,NA,2.0125,NA,NA,NA,NA,NA,NA,NA,NA,NA
Eschscholzia californica,NA,NA,NA,0.405253333,NA,NA,1.535962035,NA,NA,0.254,NA,NA,NA,NA,NA,NA
Escobaria vivipara,NA,NA,NA,NA,NA,NA,1.29,NA,NA,NA,NA,NA,NA,NA,NA,NA
Euphorbia cyparissias,NA,NA,NA,0.2375,NA,NA,1.9815,23.6,NA,NA,NA,NA,NA,NA,NA,NA
Euphorbia dentata,NA,NA,NA,NA,NA,NA,5.379583333,NA,NA,NA,NA,NA,NA,NA,NA,NA
Euphorbia drummondii,11.82776,NA,NA,0.1276,NA,NA,1.734833333,12.13032804,NA,NA,NA,NA,NA,NA,NA,NA
Euphorbia glyptosperma,NA,NA,NA,NA,NA,NA,0.2,NA,NA,NA,NA,NA,NA,NA,NA,NA
Euphorbia polycarpa,NA,NA,NA,NA,NA,NA,0.13,NA,NA,NA,NA,NA,NA,NA,NA,NA
Euphorbia seguieriana,70.57333333,NA,NA,0.425,NA,NA,0.88,18.4,NA,NA,0.282776667,NA,NA,NA,NA,NA
Euphrasia minima,NA,438.24,26.868,0.108,NA,NA,NA,17.10079827,NA,NA,NA,NA,NA,NA,NA,NA
Euthamia graminifolia,120.9943485,478.5639482,19.48915818,0.7207,NA,NA,0.091666667,12.04198841,NA,NA,0.388152164,NA,NA,NA,NA,NA
Evolvulus sericeus,NA,NA,NA,0.165186473,NA,NA,NA,13.12723643,0.144270834,NA,NA,NA,NA,NA,NA,NA
Facelis retusa,NA,NA,NA,0.0311,NA,NA,0.35,NA,NA,NA,NA,NA,NA,NA,NA,NA
Fagus sylvatica,2027.6875,473.7944691,21.57683121,27.10185714,NA,3.73333,192.849,18.54393462,0.109241459,NA,0.394795752,NA,NA,NA,NA,NA
Falcaria vulgaris,6458.61,NA,NA,0.6625,NA,NA,0.8,12.88666667,NA,NA,0.187104167,NA,NA,NA,NA,NA
Festuca altaica,NA,NA,NA,NA,NA,12.5,1.73,NA,NA,NA,NA,NA,NA,NA,NA,NA
Festuca arundinacea,4002.5,395.5833334,26.75,0.922297147,NA,NA,2.430847857,16.0977261,0.434,NA,0.237319638,NA,NA,NA,NA,NA
Festuca halleri,NA,NA,NA,NA,NA,NA,1.24,NA,NA,NA,NA,NA,NA,NA,NA,NA
Festuca idahoensis,NA,NA,NA,0.6096,NA,NA,1.037480408,NA,0.165,0.3556,NA,NA,NA,NA,NA,NA
Festuca ovina,92.44006667,454.8216075,16.78631631,0.414347827,NA,NA,0.986487336,16.83674211,0.245561111,0.254,0.37962724,NA,NA,NA,NA,NA
Festuca pratensis,NA,NA,NA,0.4,NA,NA,NA,NA,NA,NA,NA,NA,NA,NA,NA,NA
Festuca rubra,382,424.7358716,19.05492673,0.452958333,423.4,7.08,0.985066826,20.02617821,0.166666667,0.3048,0.407849817,0.12,NA,NA,NA,NA
Festuca rupicola,NA,437.3333333,17.52444444,0.24175,NA,NA,0.5815,14.17171717,0.306,NA,NA,NA,NA,NA,NA,NA
Festuca vaginata,NA,NA,NA,1,NA,NA,1.77,17.18213058,NA,NA,NA,NA,NA,NA,NA,NA
Festuca vivipara,41.51384,NA,NA,0.065,NA,NA,NA,11.02,NA,NA,0.369213333,NA,NA,NA,NA,NA
Fimbristylis puberula,NA,NA,NA,0.234,NA,NA,NA,18.9983695,NA,NA,0.415282019,NA,NA,NA,NA,NA
Fragaria vesca,2393.5,NA,16.48863464,0.136111111,NA,NA,7.449220682,24.4032544,NA,NA,0.348106351,NA,NA,NA,NA,NA
Fragaria viridis,963.5275,NA,14.8,0.104166667,NA,NA,0.27625,15.16848893,NA,NA,0.326048889,NA,NA,NA,NA,NA
Fumana laevipes,NA,NA,NA,NA,NA,NA,1.18,NA,NA,NA,NA,NA,NA,NA,NA,NA
Fumana procumbens,10.80666667,NA,NA,0.15,NA,NA,2.4649,8.22,NA,NA,0.309793333,NA,NA,NA,NA,NA
Fumaria capreolata,NA,NA,NA,0.9125,NA,NA,4.012466667,NA,NA,NA,NA,NA,NA,NA,NA,NA
Gaillardia aristata,NA,NA,NA,0.6096,NA,NA,18.04308136,NA,NA,0.4064,NA,NA,NA,NA,NA,NA
Galactia marginalis,NA,NA,NA,0.177117117,NA,NA,NA,6.500004464,0.285416667,NA,NA,NA,NA,NA,NA,NA
Galactia regularis,NA,NA,NA,0.388,NA,NA,8.733333333,12.733856,NA,NA,0.447654488,NA,NA,NA,NA,NA
Galium aparine,107.5948467,NA,30.3875,0.765787211,NA,NA,7.23552542,34.58771111,0.1905,0.1016,0.141424362,NA,NA,NA,NA,NA
Galium boreale,79.79844813,416.25275,18.80683333,0.557766667,NA,NA,0.660091708,22.71017578,NA,0.1524,0.210856667,NA,NA,NA,NA,NA
Galium lucidum,NA,NA,NA,0.375,NA,NA,0.84,NA,NA,NA,NA,NA,NA,NA,NA,NA
Galium mollugo,80.5,442.98,29.6653889,0.57825,NA,NA,0.732414815,21.5515698,NA,NA,0.173241429,NA,NA,NA,NA,NA
Galium richardianum,NA,NA,NA,NA,NA,NA,0.714,NA,NA,NA,NA,NA,NA,NA,NA,NA
Galium saxatile,5,NA,25.1,0.175,NA,NA,0.591280952,25.08983957,0.138,NA,0.1885,NA,NA,NA,NA,NA
Galium verum,15.66666667,446.0872868,21.6094737,0.516038889,NA,NA,0.47402674,17.72121934,0.242766667,NA,0.241920278,NA,1744.346744,NA,NA,NA
Galium virgatum,NA,NA,NA,NA,NA,NA,1.48,NA,NA,NA,NA,NA,NA,NA,NA,NA
Genista scorpius,NA,NA,NA,1.5,NA,NA,6.271194704,9.527159544,0.2785,NA,NA,NA,NA,NA,NA,NA
Geranium dissectum,1074.666667,NA,NA,0.383333333,NA,NA,2.421125,23.2,NA,NA,0.238,NA,NA,NA,NA,NA
Geranium molle,457.9774833,NA,NA,0.296666667,NA,NA,1.107041667,23.20870159,NA,NA,0.186666667,NA,NA,NA,NA,NA
Geranium pusillum,1898.666667,NA,NA,0.291666667,NA,NA,0.727708333,25.5,NA,NA,0.201666667,NA,NA,NA,NA,NA
Geranium thunbergii,NA,NA,NA,NA,NA,NA,2.87,NA,NA,NA,NA,NA,NA,NA,NA,NA
Geum canadense,NA,NA,12.3,0.77936,NA,NA,3.909748792,20.2434208,NA,0.1016,0.226739031,NA,NA,NA,NA,NA
Geum triflorum,903.9888889,NA,14.44444444,0.4572,NA,7.011111111,1.104702125,11.65346353,NA,0.1524,NA,NA,NA,NA,NA,NA
Gladiolus illyricus,NA,NA,NA,NA,NA,NA,4.106,NA,NA,NA,NA,NA,NA,NA,NA,NA
Glechoma hederacea,882,428.0708219,31.72477624,0.245,NA,15.17413,0.679111111,37.52334754,NA,NA,0.155435203,NA,5999.121212,NA,NA,NA
Globularia vulgaris,NA,NA,NA,0.2,NA,NA,0.65,6.892,NA,NA,NA,NA,NA,NA,NA,NA
Glycyrrhiza lepidota,NA,NA,NA,1.2192,NA,NA,7.358619235,NA,NA,0.3048,NA,NA,NA,NA,NA,NA
Gnaphalium supinum,NA,448.9584933,22.46381487,NA,NA,NA,0.085,27.00300375,0.2125,NA,0.187081086,NA,NA,NA,NA,NA
Gnephosis drummondii,NA,NA,NA,NA,NA,NA,0.01,NA,NA,NA,NA,NA,NA,NA,NA,NA
Goodenia cycloptera,312.9251,NA,NA,0.14,NA,NA,5.09,8.635442029,NA,NA,NA,NA,NA,NA,NA,NA
Graderia scabra,NA,NA,NA,NA,NA,NA,0.27,NA,NA,NA,NA,NA,NA,NA,NA,NA
Grayia spinosa,NA,NA,NA,0.9144,NA,NA,1.167905665,NA,NA,0.508,NA,NA,NA,NA,NA,NA
Grevillea australis,NA,NA,NA,NA,NA,NA,14.115,NA,NA,NA,NA,NA,NA,NA,NA,NA
Gutierrezia sarothrae,NA,NA,25.525,0.4572,NA,NA,0.940960816,NA,NA,0.4064,NA,NA,NA,NA,NA,NA
Gymnadenia conopsea,1945.166667,451.8765272,28.85621237,0.45,NA,NA,0.007333333,19.92759166,0.3875,NA,0.135470831,NA,NA,NA,NA,NA
Gypsophila paniculata,NA,NA,NA,0.85,NA,NA,0.715666667,NA,NA,NA,NA,NA,NA,NA,NA,NA
Gypsophila repens,56.16666667,NA,NA,0.14,NA,NA,0.790333333,15.67666667,NA,NA,0.14715,NA,NA,NA,NA,NA
Gypsophila struthium,NA,NA,NA,0.6,NA,NA,0.6682,7.680246718,1.192,NA,NA,NA,NA,NA,NA,NA
Hedeoma acinoides,NA,NA,NA,NA,NA,NA,0.07,NA,NA,NA,NA,NA,NA,NA,NA,NA
Hedeoma hispida,NA,NA,NA,0.14225,NA,NA,0.195,21.38832049,NA,NA,0.239350558,NA,NA,NA,NA,NA
Helenium amarum,NA,NA,NA,NA,NA,NA,0.23,NA,NA,NA,NA,NA,NA,NA,NA,NA
Helianthemum marifolium,NA,NA,NA,0.3,NA,NA,0.672896341,7.659559676,0.532,NA,NA,NA,NA,NA,NA,NA
Helianthemum squamatum,NA,NA,21.4,0.4,NA,NA,0.352227273,12.83542743,0.677,NA,NA,NA,NA,NA,NA,NA
Helianthus annuus,11293.96333,NA,18,2.847733333,NA,NA,32.60301121,18.91505647,NA,0.2032,0.132666667,NA,NA,NA,NA,NA
Helianthus pauciflorus,NA,NA,NA,0.39,NA,NA,NA,9.153001144,NA,NA,NA,NA,NA,NA,NA,NA
Helichrysum nudifolium,NA,NA,NA,NA,NA,NA,0.12,NA,NA,NA,NA,NA,NA,NA,NA,NA
Helichrysum stoechas,NA,NA,15.1,0.4,NA,NA,0.0619,14.05029913,0.495,NA,NA,NA,NA,NA,NA,NA
Helictotrichon hookeri,NA,NA,NA,NA,NA,NA,1.79,NA,NA,NA,NA,NA,NA,NA,NA,NA
Helictotrichon pratense,932,NA,16.4,0.816666667,NA,NA,2.37305,14.06030769,NA,NA,0.322666667,NA,NA,NA,NA,NA
Helictotrichon pubescens,967.09,NA,NA,0.680625,NA,NA,1.848441667,18.69463141,0.1937,NA,0.264,NA,NA,NA,NA,NA
Helictotrichon versicolor,NA,447.1846202,18.88884001,0.14,NA,NA,NA,11.48996431,0.257,NA,0.376691909,NA,NA,NA,NA,NA
Heliopsis helianthoides,NA,NA,NA,1.2745,NA,NA,4.661,19.34129566,NA,NA,0.197167141,NA,NA,NA,NA,NA
Heteropogon contortus,NA,444.9,11.22375,0.21336,426,4.15,1.878295529,9.881422925,0.1025,0.254,NA,0.25,NA,NA,NA,NA
Heterotheca subaxillaris,NA,NA,NA,1.8,NA,NA,0.65525,NA,NA,NA,NA,NA,NA,NA,NA,NA
Heuchera richardsonii,NA,NA,NA,0.28,NA,NA,0.05825,9.880022444,NA,NA,0.317279498,NA,NA,NA,NA,NA
Hieracium piliferum,NA,NA,NA,0.035,NA,NA,NA,NA,NA,NA,NA,NA,NA,NA,NA,NA
Hilaria jamesii,NA,NA,21.68723958,0.6096,NA,NA,2.982539024,NA,NA,0.3048,NA,NA,NA,NA,NA,NA
Hippocrepis comosa,276.6714286,NA,NA,0.231666667,NA,NA,3.554352381,15.26545455,NA,NA,0.23559875,NA,NA,NA,NA,NA
Holcus lanatus,510.98174,419.9340741,24.56210683,0.554013615,413.5083333,9.716666667,0.373637147,33.50183772,0.1525,0.1016,0.211867351,0.116666667,NA,NA,NA,NA
Holosteum umbellatum,37.02,NA,NA,0.161666667,NA,NA,0.08,35.26333333,NA,NA,0.154346667,NA,NA,NA,NA,NA
Hordeum murinum,352.4201333,NA,NA,0.405416667,NA,NA,5.629168831,28.1259188,NA,NA,0.202447143,NA,NA,NA,NA,NA
Hordeum pusillum,NA,NA,NA,0.36576,NA,NA,7.225039453,32.4,NA,0.2032,NA,NA,NA,NA,NA,NA
Hydrocotyle bonariensis,NA,NA,NA,NA,NA,NA,1.3,27.35005333,NA,NA,NA,NA,NA,NA,NA,NA
Hydrocotyle foveolata,NA,NA,NA,NA,NA,NA,0.08,NA,NA,NA,NA,NA,NA,NA,NA,NA
Hylocomium splendens,NA,NA,8,0.05,NA,NA,NA,NA,NA,0.05,NA,NA,NA,NA,NA,NA
Hypericum perforatum,147.3333333,NA,NA,0.544316667,NA,NA,0.161588095,26.51128282,0.132375,NA,0.280170635,NA,NA,NA,NA,NA
Hypochaeris glabra,1154.642857,NA,NA,0.301666667,NA,NA,0.686995,40.145,NA,NA,0.09884125,NA,NA,NA,NA,NA
Hypochaeris radicata,1797.333194,NA,17.75,0.3505,NA,NA,0.765818694,28.74506187,0.35455,NA,0.116,NA,NA,NA,NA,NA
Hypolaena fastigiata,NA,NA,5.5,NA,NA,NA,5.46,NA,NA,NA,NA,NA,NA,NA,NA,NA
Hypoxis filiformis,NA,NA,NA,NA,NA,NA,0.34,NA,NA,NA,NA,NA,NA,NA,NA,NA
Indigofera hilaris,NA,NA,NA,NA,NA,NA,1.56,NA,NA,NA,NA,NA,NA,NA,NA,NA
Isoetopsis graminifolia,29.4503,NA,NA,0.045,NA,NA,0.9,14.44850259,NA,NA,NA,NA,NA,NA,NA,NA
Jacobaea vulgaris,7365,NA,18.1084,1,NA,5.92241,0.281000104,26.66024961,0.300166667,NA,0.128461111,NA,NA,NA,NA,NA
Juncus bufonius,80.5,NA,30.38,0.3274,NA,NA,0.01913475,16.59282222,NA,0.1524,0.1365,NA,NA,NA,NA,NA
Juncus effusus,1989.785627,448.9884892,12.64837681,1.1116225,NA,NA,0.018735185,8.991914828,3,0.6096,0.270228,NA,1714.746667,NA,NA,NA
Juncus marginatus,NA,NA,NA,0.8382,NA,NA,0.00375,NA,NA,0.2794,NA,NA,NA,NA,NA,NA
Juncus squarrosus,67.58333333,467.3775,12.367,0.224166667,NA,NA,0.07830625,5.87,NA,NA,0.396576667,NA,NA,NA,NA,NA
Juniperus communis,NA,526.7493127,11.83275055,4.953888889,NA,NA,21.05025929,10.53507223,0.483744444,0.3556,0.48005204,NA,NA,NA,494.9526948,8.651667113
Juniperus phoenicea,NA,518.9,8.407,NA,NA,NA,370.37,5.437737901,NA,NA,NA,NA,NA,NA,NA,NA
Knautia arvensis,2871.333333,457.0063889,24.60384722,0.559111111,NA,NA,3.964347531,18.38055602,NA,NA,0.183666667,NA,NA,NA,NA,NA
Koeleria macrantha,454,NA,18.65678663,0.27044897,NA,NA,0.342253971,13.57425332,0.258,0.508,0.356827816,NA,NA,NA,NA,NA
Kohautia amatymbica,NA,NA,NA,NA,NA,NA,0.08,NA,NA,NA,NA,NA,NA,NA,NA,NA
Krascheninnikovia lanata,NA,NA,24.4,0.4572,NA,NA,3.51127322,NA,NA,0.3048,NA,NA,NA,NA,NA,NA
Lactuca serriola,5993,NA,NA,0.9375,NA,NA,0.475959259,15.61873652,NA,NA,0.186968332,NA,NA,NA,NA,NA
Lactuca tatarica,1329.333333,NA,22.6,0.625,NA,NA,0.91,18.07666667,NA,NA,0.160723333,NA,NA,NA,NA,NA
Lagenophora stipitata,NA,NA,NA,NA,NA,NA,0.39,NA,NA,NA,NA,NA,NA,NA,NA,NA
Larrea divaricata,NA,NA,22.9,NA,NA,NA,2.4,5.881206897,0.254484167,NA,NA,NA,NA,NA,NA,NA
Larrea tridentata,NA,NA,20.22556818,NA,NA,NA,6.9196,NA,NA,NA,NA,NA,NA,NA,NA,NA
Lathyrus ochroleucus,NA,NA,32.9,NA,NA,NA,16.644,NA,NA,NA,NA,NA,NA,NA,NA,NA
Lathyrus pratensis,158.3333333,498.0770836,39.68831026,0.475733333,NA,25.11541,12.83755633,24.99129113,0.204,NA,0.273666667,NA,NA,NA,NA,NA
Lathyrus sphaericus,NA,NA,NA,NA,NA,NA,16.661,NA,NA,NA,NA,NA,NA,NA,NA,NA
Lathyrus venosus,1858.460121,462.118,30.13845455,0.333666667,NA,NA,35.13,18.46365493,NA,NA,NA,NA,NA,NA,NA,NA
Lechea mucronata,NA,NA,NA,NA,NA,NA,0.1,NA,NA,NA,NA,NA,NA,NA,NA,NA
Lechea san-sabeana,NA,NA,NA,NA,NA,NA,0.16,NA,NA,NA,NA,NA,NA,NA,NA,NA
Leersia hexandra,NA,NA,NA,NA,NA,NA,0.93,NA,NA,NA,NA,NA,NA,NA,NA,NA
Leontodon hispidus,1590.076429,430.9851277,23.92644618,0.371,NA,NA,1.005874872,27.0408515,0.1995,NA,0.150660896,NA,NA,NA,NA,NA
Lepidium densiflorum,156,NA,17.62938592,0.3625,NA,NA,0.545666667,60.085,NA,NA,0.13515,NA,NA,NA,NA,NA
Lepidosperma carphoides,NA,NA,5.7,NA,NA,NA,NA,NA,NA,NA,NA,NA,NA,NA,NA,NA
Lespedeza capitata,461.6101627,471.2545,19.09948702,0.693334603,NA,NA,2.482396512,12.45020289,NA,0.4572,0.358850493,NA,NA,NA,NA,NA
Lespedeza hirta,NA,NA,NA,1.8288,NA,NA,3.015330573,NA,NA,0.2286,NA,NA,NA,NA,NA,NA
Leucanthemopsis alpina,NA,NA,NA,0.035,NA,NA,0.37,15.775,NA,NA,NA,NA,NA,NA,NA,NA
Leucanthemum vulgare,437.3333333,437.6016277,30.26796208,0.53192,NA,NA,0.855828551,17.80983272,0.19,0.2032,0.162361988,NA,NA,NA,NA,NA
Liatris aspera,276.6349233,445.1498,12.33641253,1.2,NA,NA,1.925,17.00092904,NA,NA,0.219711357,NA,NA,NA,NA,NA
Liatris ligulistylis,NA,NA,NA,NA,NA,NA,1.61,NA,NA,NA,NA,NA,NA,NA,NA,NA
Liatris punctata,NA,NA,NA,0.6096,NA,NA,12.93962196,9.8333502,NA,0.3556,NA,NA,NA,NA,NA,NA
Liatris squarrosa,NA,NA,22.06384,0.4548,NA,NA,2.432125,16.33650548,NA,NA,0.430819116,NA,NA,NA,NA,NA
Ligusticum mutellina,2655.936667,NA,NA,0.28,NA,NA,NA,24.9616,NA,NA,0.15882,NA,NA,NA,NA,NA
Linum bienne,NA,NA,NA,0.375,NA,NA,1.45525,NA,NA,NA,NA,NA,NA,NA,NA,NA
Linum catharticum,24.138,NA,20.2751018,0.184833333,NA,NA,0.149398476,29.89038332,0.13575,NA,0.21,NA,NA,NA,NA,NA
Linum medium,NA,NA,NA,0.328,NA,NA,NA,22.57688088,NA,NA,0.891024226,NA,NA,NA,NA,NA
Linum perenne,28.33333333,NA,NA,0.466666667,NA,NA,1.93335,26.23333333,NA,NA,0.197,NA,NA,NA,NA,NA
Linum rigidum,NA,NA,NA,NA,NA,NA,0.815,NA,NA,NA,NA,NA,NA,NA,NA,NA
Linum suffruticosum,NA,NA,19.9,0.4,NA,NA,0.593007576,13.83721065,0.350666667,NA,NA,NA,NA,NA,NA,NA
Linum sulcatum,NA,NA,NA,NA,NA,NA,0.295,NA,NA,NA,NA,NA,NA,NA,NA,NA
Liriodendron tulipifera,NA,NA,25.35214926,46.30266667,NA,NA,48.91049883,28.13,NA,0.8128,NA,NA,NA,NA,NA,NA
Lithospermum canescens,306.5789294,407.1918,18.9752,NA,NA,NA,2.817,14.43083537,NA,NA,NA,NA,NA,NA,NA,NA
Lithospermum incisum,NA,NA,NA,NA,NA,NA,8.66,NA,NA,NA,NA,NA,NA,NA,NA,NA
Loeseliastrum schottii,NA,NA,NA,NA,NA,NA,0.407,NA,NA,NA,NA,NA,NA,NA,NA,NA
Lolium perenne,442.22211,398.0666667,30.02715126,0.543259416,417.5,9.7,1.914065261,29.22569151,0.129166667,0.254,0.202431764,0.1,NA,NA,NA,NA
Lomandra juncea,NA,NA,NA,NA,NA,NA,7.98,NA,NA,NA,NA,NA,NA,NA,NA,NA
Lomatium nudicaule,NA,NA,NA,NA,NA,NA,16.08116667,NA,NA,NA,NA,NA,NA,NA,NA,NA
Lomatium utriculatum,NA,NA,NA,NA,NA,NA,4.71875,NA,NA,NA,NA,NA,NA,NA,NA,NA
Lotus corniculatus,132,467.0591111,32.37274407,0.357339206,NA,21.21401,1.2253612,21.71513633,0.194875,0.3556,0.194615174,NA,NA,NA,NA,NA
Lotus glaber,NA,NA,NA,0.75,NA,NA,NA,NA,NA,NA,NA,NA,NA,NA,NA,NA
Lupinus argenteus,NA,NA,NA,0.4572,NA,NA,14.13721647,NA,NA,0.1524,NA,NA,NA,NA,NA,NA
Lupinus sparsiflorus,NA,NA,NA,NA,NA,NA,5.3,NA,NA,NA,NA,NA,NA,NA,NA,NA
Luzula campestris,73,NA,NA,0.205,NA,NA,0.632828444,23.94844812,0.222,NA,0.237988,NA,NA,NA,NA,NA
Luzula chilensis,NA,NA,NA,NA,NA,NA,NA,NA,0.23,NA,NA,NA,NA,NA,NA,NA
Luzula multiflora,346,488.6164454,25.54618746,0.2110425,NA,NA,0.95958,25.53913437,0.1539,NA,0.233037887,NA,NA,NA,NA,NA
Luzula pilosa,664,NA,16.9625,0.225,NA,NA,0.958433333,25.5,NA,NA,0.228,NA,NA,NA,NA,NA
Luzula spicata,26.9212,452.8908592,22.59228887,0.24812,NA,NA,0.286666667,13.42568753,0.2775,0.254,0.279804537,NA,NA,NA,NA,NA
Lycium pallidum,NA,NA,26.13809524,2.1336,NA,NA,139.3048551,NA,NA,0.3048,NA,NA,NA,NA,NA,NA
Lysimachia nummularia,273.288,NA,17.1,0.5,NA,NA,0.240333333,30.86299914,NA,NA,0.223064286,NA,NA,NA,NA,NA
Lythrum hyssopifolia,12.61,NA,NA,0.305833333,NA,NA,0.325214706,24.09,NA,NA,0.218206667,NA,NA,NA,NA,NA
Maireana carnosa,NA,NA,NA,NA,NA,NA,2.8,NA,NA,NA,NA,NA,NA,NA,NA,NA
Maireana pyramidata,3.3527,NA,NA,1.24,NA,NA,2.5775,3.695186729,NA,NA,NA,NA,NA,NA,NA,NA
Maireana sedifolia,5.3484,NA,NA,1.3,NA,NA,NA,4.952222222,NA,NA,NA,NA,NA,NA,NA,NA
Malacothrix glabrata,NA,NA,NA,NA,NA,NA,0.2545,NA,NA,NA,NA,NA,NA,NA,NA,NA
Marsdenia australis,467,NA,NA,NA,NA,NA,11.93666667,5.8,NA,NA,NA,NA,NA,NA,NA,NA
Medicago lupulina,487.87,474.8,35.8,0.423544589,NA,NA,1.526346725,28.72948161,0.135,0.3048,0.21766561,NA,NA,NA,NA,NA
Medicago minima,20,NA,NA,0.1701,NA,NA,1.075447619,24.66638889,0.1427,NA,0.2505,NA,NA,NA,NA,NA
Melica subulata,NA,NA,NA,1.00584,NA,NA,2.298977415,NA,NA,0.3048,NA,NA,NA,NA,NA,NA
Melicytus dentatus,108.5804,NA,NA,3,NA,NA,11.57,25.06241344,NA,NA,NA,NA,NA,NA,NA,NA
Mentzelia aspera,NA,NA,NA,NA,NA,NA,7.66,NA,NA,NA,NA,NA,NA,NA,NA,NA
Microseris lanceolata,NA,NA,NA,NA,NA,NA,2.23,NA,NA,NA,NA,NA,NA,NA,NA,NA
Minuartia glomerata,NA,NA,NA,NA,NA,NA,0.0663,NA,NA,NA,NA,NA,NA,NA,NA,NA
Molinia caerulea,1037.975,474.1266667,19.7245873,0.699125,NA,NA,0.704873333,17.87260174,NA,NA,0.3747825,NA,NA,NA,NA,NA
Monarda fistulosa,NA,NA,11.29051118,1.082951111,NA,NA,0.355304139,26.21085308,NA,0.1016,0.251001626,NA,NA,NA,NA,NA
Monarda punctata,NA,NA,13.2,0.4265,NA,NA,0.28175,18.95202815,NA,NA,0.221078256,NA,NA,NA,NA,NA
Monoptilon bellioides,NA,NA,NA,NA,NA,NA,0.168,NA,NA,NA,NA,NA,NA,NA,NA,NA
Morella cerifera,NA,NA,NA,5.823692308,NA,NA,6.886299804,16.30496347,NA,0.508,NA,NA,NA,NA,NA,NA
Muhlenbergia racemosa,557.2604167,433.8925,31.043,0.9144,NA,NA,0.281653328,35.43225114,NA,0.2032,NA,NA,NA,NA,NA,NA
Muhlenbergia richardsonis,NA,NA,NA,0.1524,NA,NA,0.301932367,NA,NA,0.1524,NA,NA,NA,NA,NA,NA
Myosotis stricta,36.88333333,NA,NA,0.136666667,NA,NA,0.2314575,21.00716667,NA,NA,0.180273333,NA,NA,NA,NA,NA
Nama aretioides,NA,NA,NA,NA,NA,NA,0.122,NA,NA,NA,NA,NA,NA,NA,NA,NA
Narthecium ossifragum,1087,NA,24.7,0.2325,NA,NA,0.089244848,24.15,NA,NA,0.159,NA,NA,NA,NA,NA
Nassauvia darwinii,NA,NA,NA,NA,NA,NA,NA,NA,0.12,NA,NA,NA,NA,NA,NA,NA
Nassella longiglumis,NA,NA,35.04,NA,NA,NA,8.85,NA,NA,NA,NA,NA,NA,NA,NA,NA
Nassella neesiana,NA,NA,NA,NA,NA,NA,7.1,NA,NA,NA,NA,NA,NA,NA,NA,NA
Nassella trichotoma,NA,NA,NA,NA,NA,NA,0.32,NA,NA,NA,NA,NA,NA,NA,NA,NA
Nassella viridula,NA,NA,NA,0.6096,NA,NA,2.729464869,NA,NA,0.3556,NA,NA,NA,NA,NA,NA
Neottia ovata,3612.756,NA,NA,0.32,NA,NA,NA,30.18571429,NA,NA,0.11642,NA,NA,NA,NA,NA
Nothocalais troximoides,NA,NA,NA,NA,NA,NA,2.85,NA,NA,NA,NA,NA,NA,NA,NA,NA
Noticastrum sericeum,NA,NA,30.175,NA,NA,NA,NA,36.99,NA,NA,NA,NA,NA,NA,NA,NA
Oldenlandia pterospora,NA,NA,NA,NA,NA,NA,0.27,NA,NA,NA,NA,NA,NA,NA,NA,NA
Opuntia phaeacantha,NA,NA,NA,NA,NA,NA,20.15,NA,NA,NA,NA,NA,NA,NA,NA,NA
Opuntia polyacantha,NA,NA,NA,0.6096,NA,NA,10.38171914,NA,NA,0.3048,NA,NA,NA,NA,NA,NA
Oreochloa disticha,NA,NA,NA,0.115,NA,NA,NA,9.2,NA,NA,NA,NA,NA,NA,NA,NA
Orthocarpus tolmiei,NA,NA,NA,NA,NA,NA,0.39,NA,NA,NA,NA,NA,NA,NA,NA,NA
Oxalis acetosella,806,460.3514279,28.21760537,0.104166667,NA,5.86667,1.149666667,64.32508321,0.116833333,NA,0.130571501,NA,NA,NA,NA,NA
Oxalis conorrhiza,NA,NA,NA,0.1176,NA,NA,NA,42.67,NA,NA,NA,NA,NA,NA,NA,NA
Oxalis dillenii,NA,NA,NA,0.188478161,NA,NA,0.220520833,41.82566697,0.08,NA,0.172479399,NA,NA,NA,NA,NA
Oxalis stricta,NA,NA,NA,0.4,NA,NA,0.191666667,NA,NA,NA,NA,NA,NA,NA,NA,NA
Oxytheca perfoliata,NA,NA,NA,NA,NA,NA,0.405,NA,NA,NA,NA,NA,NA,NA,NA,NA
Packera cana,NA,NA,NA,0.4572,NA,NA,0.618610306,NA,NA,0.3048,NA,NA,NA,NA,NA,NA
Panicum acuminatum,259.2476635,452.1332424,17.50836364,0.238666667,NA,NA,0.307772727,21.67056595,NA,NA,NA,NA,NA,NA,NA,NA
Panicum capillare,NA,414.7604904,17.0314031,0.43545,NA,NA,0.288157576,27.43942379,NA,NA,0.306322317,NA,NA,NA,NA,NA
Panicum commutatum,NA,NA,NA,1.49352,NA,NA,2.156659765,NA,NA,0.1016,NA,NA,NA,NA,NA,NA
Panicum hirticaule,NA,NA,NA,NA,NA,NA,0.71,NA,NA,NA,NA,NA,NA,NA,NA,NA
Panicum oligosanthes,277.6981102,447.4081176,17.37461517,0.279833334,NA,NA,1.25025,22.63325572,NA,NA,0.286107543,NA,NA,NA,NA,NA
Panicum sabulorum,NA,NA,NA,0.258884374,NA,NA,NA,NA,0.112804878,NA,NA,NA,NA,NA,NA,NA
Panicum virgatum,824.8292916,449.258375,13.38217228,1.023,461.1,7.8,1.295431597,20.56849485,0.14,0.3048,0.586487741,0.2,NA,NA,NA,NA
Pappophorum caespitosum,NA,NA,20.7,NA,NA,NA,NA,10.705,NA,NA,NA,NA,NA,NA,NA,NA
Pappophorum krapovickasii,NA,NA,NA,NA,NA,NA,0.71,NA,NA,NA,NA,NA,NA,NA,NA,NA
Pappophorum mucronulatum,NA,NA,NA,NA,NA,NA,1.64,NA,NA,NA,NA,NA,NA,NA,NA,NA
Pappostipa speciosa,NA,NA,NA,0.6096,NA,NA,3.624294149,4.202740187,0.42,0.254,NA,NA,NA,NA,NA,NA
Parthenium integrifolium,NA,NA,NA,NA,NA,NA,3.08,NA,NA,NA,NA,NA,NA,NA,NA,NA
Paspalidium clementii,NA,NA,NA,NA,NA,NA,0.6065,NA,NA,NA,NA,NA,NA,NA,NA,NA
Paspalum dilatatum,NA,NA,NA,0.4722,NA,NA,1.513530762,NA,NA,0.1524,NA,NA,NA,NA,NA,NA
Paspalum quadrifarium,NA,NA,10,NA,NA,NA,NA,2.825,NA,NA,NA,NA,NA,NA,NA,NA
Paspalum setaceum,NA,NA,NA,NA,NA,NA,0.98,NA,NA,NA,NA,NA,NA,NA,NA,NA
Paspalum vaginatum,NA,NA,NA,0.03048,NA,NA,1.09660666,NA,NA,0.1524,NA,NA,NA,NA,NA,NA
Pectocarya platycarpa,NA,NA,NA,NA,NA,NA,0.539,NA,NA,NA,NA,NA,NA,NA,NA,NA
Pectocarya recurvata,NA,NA,NA,NA,NA,NA,0.78,NA,NA,NA,NA,NA,NA,NA,NA,NA
Pedicularis sylvatica,12,NA,NA,0.161666667,NA,NA,0.97425,11.55,NA,NA,0.162,NA,NA,NA,NA,NA
Penstemon albidus,NA,NA,NA,NA,NA,NA,0.6,NA,NA,NA,NA,NA,NA,NA,NA,NA
Penstemon gracilis,NA,NA,NA,NA,NA,NA,0.06,NA,NA,NA,NA,NA,NA,NA,NA,NA
Pentanisia angustifolia,NA,NA,NA,NA,NA,NA,7.2,NA,NA,NA,NA,NA,NA,NA,NA,NA
Perezia recurvata,NA,NA,NA,NA,NA,NA,NA,NA,0.22,NA,NA,NA,NA,NA,NA,NA
Perideridia oregana,NA,NA,NA,NA,NA,NA,1.9895,NA,NA,NA,NA,NA,NA,NA,NA,NA
Phalaris arundinacea,3366,440.7868865,27.64461715,1.564054762,NA,NA,0.701935479,21.45431499,NA,0.3556,0.501684075,NA,6690.374665,NA,NA,NA
Phebalium squamulosum,65.4907,NA,NA,1.375,NA,NA,1.143,4.958314675,NA,NA,NA,NA,NA,NA,NA,NA
Phleum alpinum,220.316,480.1262042,24.71901341,0.19724,NA,NA,0.367538286,20.58967646,0.17075,0.254,0.358009591,NA,NA,NA,NA,NA
Phleum pratense,336.625,456.3247103,18.59699785,0.844195238,414.4333333,9.9,0.395387807,23.72403526,0.088333333,0.254,0.302557054,0.133333333,NA,NA,NA,NA
Phlox hoodii,NA,NA,NA,NA,NA,NA,1,NA,NA,NA,NA,NA,NA,NA,NA,NA
Phragmites australis,6640.425,410.4,25.29984195,2.600709333,NA,13.1,0.55175,13.81737428,0.217777778,0.508,0.41146125,NA,NA,NA,NA,NA
Phyla nodiflora,NA,NA,NA,0.06096,NA,NA,0.417,NA,NA,0.1524,NA,NA,NA,NA,NA,NA
Physaria gordonii,NA,NA,NA,NA,NA,NA,0.665,NA,NA,NA,NA,NA,NA,NA,NA,NA
Phyteuma hemisphaericum,NA,NA,NA,0.1,NA,NA,0.101,NA,NA,NA,NA,NA,NA,NA,NA,NA
Picea abies,22.2,520.7541946,13.01773524,32.57365602,449.705,8.231665,8.246697464,5.074959129,0.714389554,0.7112,NA,NA,NA,0.95,NA,9.45
Picris hieracioides,1275.934545,432,24.26606649,0.6522,NA,NA,0.935321429,23.72696535,NA,NA,0.175369615,NA,NA,NA,NA,NA
Pilosella aurantiaca,1815.125,NA,NA,0.358333333,NA,NA,0.138166667,29.759314,NA,NA,0.161900947,NA,NA,NA,NA,NA
Pilosella piloselloides,589.85,NA,NA,0.455,NA,NA,0.72,27.17333333,NA,NA,0.208311667,NA,NA,NA,NA,NA
Pimpinella saxifraga,2609.5,437.8666667,21.22166667,0.445,NA,NA,1.235127778,21.46439541,NA,NA,0.2855,NA,NA,NA,NA,NA
Pinus halepensis,NA,523.5369973,13.51749374,20.83333333,NA,NA,21.02131667,8.860462216,0.5947,NA,NA,NA,NA,NA,NA,NA
Pinus palustris,NA,NA,10.6,23.39466667,NA,NA,100.6199908,4.492397729,NA,1.016,NA,NA,NA,NA,NA,NA
Piptochaetium napostaense,NA,NA,NA,NA,NA,NA,6.28,NA,NA,NA,NA,NA,NA,NA,NA,NA
Plagiobothrys arizonicus,NA,NA,NA,NA,NA,NA,1.8235,NA,NA,NA,NA,NA,NA,NA,NA,NA
Plantago euryphylla,NA,382.18435,45.18531954,NA,374.3149917,39.26273667,NA,15.9845175,NA,NA,0.170101217,NA,NA,NA,NA,NA
Plantago lanceolata,2567,413.4820201,25.25243188,0.320146825,360.1703583,23.59846931,1.601957942,20.34642969,0.280583333,NA,0.145895971,NA,NA,NA,NA,NA
Plantago media,4827.666667,423.42,21.618,0.343555556,NA,NA,0.341608333,19.41312728,NA,NA,0.145333333,NA,NA,NA,NA,NA
Plantago ovata,NA,NA,NA,NA,NA,NA,1.9,NA,NA,NA,NA,NA,NA,NA,NA,NA
Plantago patagonica,NA,NA,16.75319,0.1524,NA,NA,0.541610306,7.068,NA,0.1524,NA,NA,NA,NA,NA,NA
Plantago rhodosperma,NA,NA,NA,NA,NA,NA,0.825,NA,NA,NA,NA,NA,NA,NA,NA,NA
Plantago virginica,NA,NA,NA,NA,NA,NA,0.47,NA,NA,NA,NA,NA,NA,NA,NA,NA
Poa alpina,125.84,NA,NA,0.298831111,NA,NA,0.387766976,21.51150438,0.1825,0.254,0.276270112,NA,NA,NA,NA,NA
Poa angustifolia,429.5,NA,12.95,0.48,NA,NA,0.176752962,20.11666667,NA,NA,0.4245,NA,NA,NA,NA,NA
Poa bulbosa,16.19333333,435.83,17.70666667,0.3224,NA,NA,0.959475828,21.09,NA,0.2032,0.213673333,NA,NA,NA,NA,NA
Poa compressa,170,NA,NA,0.44515,NA,NA,0.204594795,18.48558443,NA,0.254,0.338475742,NA,NA,NA,NA,NA
Poa cusickii,NA,NA,NA,NA,NA,NA,0.54,NA,0.125,NA,NA,NA,NA,NA,NA,NA
Poa hiemata,NA,NA,NA,NA,NA,NA,0.378,NA,NA,NA,NA,NA,NA,NA,NA,NA
Poa hothamensis,NA,NA,NA,NA,NA,NA,0.39,NA,NA,NA,NA,NA,NA,NA,NA,NA
Poa ligularis,NA,NA,NA,1.2,NA,NA,0.415,6.944926731,0.4825,NA,NA,NA,NA,NA,NA,NA
Poa pratensis,713.4146424,436.9772675,23.54782855,0.45040671,NA,8.686666667,0.281529245,21.52142033,0.17685,0.254,0.271785764,NA,NA,NA,NA,NA
Poa secunda,NA,NA,NA,0.42672,NA,NA,0.494194796,NA,0.114,0.254,NA,NA,NA,NA,NA,NA
Poa trivialis,156.5,405.3998725,34.02187304,0.640983219,389.4304167,31.34075583,0.184374264,38.18960088,0.10375,0.3048,0.315808801,NA,NA,NA,NA,NA
Polygala alba,NA,NA,NA,NA,NA,NA,0.7,NA,NA,NA,NA,NA,NA,NA,NA,NA
Polygala rupestris,NA,NA,10.58,NA,NA,NA,2.88,NA,NA,NA,NA,NA,NA,NA,NA,NA
Polygala vulgaris,53.22625,NA,NA,0.172916667,NA,NA,1.780202667,19.02952398,NA,NA,0.253637847,NA,NA,NA,NA,NA
Polypogon elongatus,NA,NA,NA,NA,NA,NA,0.17,NA,NA,NA,NA,NA,NA,NA,NA,NA
Polytrichum commune,NA,542.994842,10.81008333,0.02,NA,NA,NA,NA,NA,0.02,NA,NA,NA,NA,NA,NA
Populus balsamifera,NA,NA,19.51392074,23.60516667,NA,NA,0.24,10.68931571,NA,0.881,NA,NA,NA,NA,NA,NA
Potentilla anserina,6262.75,462.095,26.20897891,0.277222222,NA,NA,0.846933333,17.47534074,0.261,NA,0.221989,NA,NA,NA,NA,NA
Potentilla aurea,1033.466667,460.64,30.417,0.0915,NA,NA,NA,22.13904012,NA,NA,0.248973333,NA,NA,NA,NA,NA
Potentilla erecta,148.5,447.1034495,25.74581524,0.203633333,NA,NA,0.46144375,22.4188617,0.151666667,NA,0.26999508,NA,NA,NA,NA,NA
Potentilla grandiflora,NA,NA,NA,NA,NA,NA,0.166,NA,NA,NA,NA,NA,NA,NA,NA,NA
Potentilla reptans,2176.5,414.5742644,24.6133503,0.274083333,NA,NA,0.282122222,23.567332,NA,NA,0.240411,NA,1029.85364,NA,NA,NA
Primula glutinosa,NA,NA,NA,NA,NA,NA,NA,13.58757528,NA,NA,NA,NA,NA,NA,NA,NA
Primula veris,4080.666667,NA,NA,0.206597778,NA,NA,0.867926667,23.12304233,0.12976,NA,0.214666667,NA,NA,NA,NA,NA
Prosopis glandulosa,NA,NA,29.56111,NA,NA,NA,69.6675,NA,NA,NA,NA,NA,NA,NA,NA,NA
Prosopis torquata,NA,NA,NA,NA,NA,NA,NA,19.17539258,0.204188333,NA,NA,NA,NA,NA,NA,NA
Prunella vulgaris,675.3333333,NA,16.811555,0.250255556,NA,5.87871,0.904925132,22.91466839,0.149,0.254,0.161865448,NA,NA,NA,NA,NA
Prunus avium,NA,461.9,19.905,21.58,NA,NA,250.4632583,17.85468368,0.144,NA,NA,NA,NA,NA,NA,NA
Prunus serotina,2543.644611,468.9835455,23.82666526,16.68757143,NA,NA,110.8304801,18.67550715,0.147803736,0.9144,0.321963135,NA,NA,NA,NA,NA
Pteridium aquilinum,NA,NA,21.68333333,1.99667,NA,NA,0.001,16.98656271,0.263333333,0.254,0.298,NA,NA,NA,NA,NA
Ptilotus obovatus,54.7722,NA,NA,0.566666667,NA,NA,3.394,7.440821539,NA,NA,NA,NA,NA,NA,NA,NA
Ptilotus polystachyus,333,NA,NA,1,NA,NA,1.612333333,9.6,NA,NA,NA,NA,NA,NA,NA,NA
Purshia tridentata,NA,NA,21.4,1.8288,NA,NA,24.5891058,NA,NA,0.508,NA,NA,NA,NA,NA,NA
Quercus ellipsoidalis,4403.966623,473.5097778,24.88184444,21,NA,NA,1704.66,18.07068773,0.124,NA,NA,NA,NA,NA,NA,NA
Quercus garryana,NA,NA,NA,20.501,NA,NA,4688.979915,NA,NA,1.0668,NA,NA,NA,NA,NA,NA
Quercus incana,NA,NA,17.5,3.3,NA,NA,1000,9.928415767,NA,NA,NA,NA,NA,NA,NA,NA
Quercus laevis,NA,NA,17.5,8.284,NA,NA,1148.63787,9.0256783,NA,0.762,NA,NA,NA,NA,NA,NA
Quercus macrocarpa,5925.548238,468.339381,22.33361905,19.05,NA,NA,6109.482448,17.62680085,0.125235632,0.7112,NA,NA,NA,NA,NA,NA
Quercus marilandica,NA,NA,13.786,13.429,NA,NA,646.9979296,NA,NA,0.6096,NA,NA,NA,NA,NA,NA
Quercus robur,3039.738,478.419374,24.42945338,28.99780993,NA,6.81818,3026.534722,15.01987684,0.146849383,NA,0.334603739,NA,827.217233,NA,NA,NA
Quercus rubra,5084.883333,NA,21.26275285,20.46877333,NA,NA,2738.773722,17.85543564,0.139456833,0.9144,0.382550594,NA,NA,NA,NA,NA
Ranunculus acris,439.0756322,431.3919054,24.40250649,0.455420833,NA,11.25,1.544898462,22.35741937,0.299166667,NA,0.213686451,NA,NA,NA,NA,NA
Ranunculus occidentalis,NA,NA,NA,NA,NA,NA,2.501,NA,NA,NA,NA,NA,NA,NA,NA,NA
Ranunculus repens,2549.466667,NA,23.05293867,0.369253333,NA,NA,5.149056315,29.1838443,0.235833333,0.1524,0.182175833,NA,NA,NA,NA,NA
Ranunculus victoriensis,NA,NA,NA,NA,NA,NA,2.8,NA,NA,NA,NA,NA,NA,NA,NA,NA
Raphanus sativus,10251.69,NA,NA,0.715,NA,NA,15.43005882,34.60857143,NA,NA,0.117916667,NA,NA,NA,NA,NA
Ratibida columnifera,NA,NA,NA,0.94488,NA,NA,0.558143216,NA,NA,0.3556,NA,NA,NA,NA,NA,NA
Rhinanthus minor,246.6666667,415.6329366,34.3558401,0.395833333,NA,NA,2.453437925,18.84206584,0.29275,NA,0.162315964,NA,NA,NA,NA,NA
Rhus copallinum,NA,NA,NA,1.523547826,NA,NA,8.58066287,15.20265619,NA,0.3556,NA,NA,NA,NA,NA,NA
Robinia hispida,NA,NA,NA,NA,NA,NA,17.86333333,NA,NA,NA,NA,NA,NA,NA,NA,NA
Romulea rosea,NA,NA,NA,NA,NA,NA,3.56,NA,NA,NA,NA,NA,NA,NA,NA,NA
Rosa acicularis,NA,NA,10.65,0.762,NA,NA,12.54153986,NA,NA,0.1524,NA,NA,NA,NA,NA,NA
Rosa arkansana,2052.76675,433.2345,17.3145,0.314166667,NA,NA,14.9,17.98307476,NA,NA,NA,NA,NA,NA,NA,NA
Rubia peregrina,303,417,13.1,0.25275,NA,NA,24.96151667,14.4517037,NA,NA,0.228473333,NA,NA,NA,NA,NA
Rubus trivialis,NA,NA,NA,NA,NA,NA,2.43,NA,NA,NA,NA,NA,NA,NA,NA,NA
Rubus ursinus,1793,NA,20.1,1.5048,NA,NA,1.785302715,28.919,NA,0.3556,NA,NA,NA,NA,NA,NA
Rudbeckia hirta,NA,NA,28.33854,0.48345,NA,NA,0.263770653,19.67108394,0.24,0.254,0.211065384,NA,NA,NA,NA,NA
Ruellia humilis,NA,NA,NA,0.502906667,NA,NA,3.750411836,12.07550636,NA,0.1016,0.518555292,NA,NA,NA,NA,NA
Rumex acetosa,1342.4365,452.33,40.4730773,0.63555,NA,NA,0.7405375,25.84234182,0.3155,NA,0.103332727,NA,NA,NA,NA,NA
Rumex acetosella,312.3011333,433.05,34.93757406,0.173251786,NA,18.76112,0.585597813,26.0517312,0.342666667,NA,0.128587636,NA,NA,NA,NA,NA
Rumex crispus,6290,439.7947272,28.64619072,0.846916667,NA,3.807,1.773211842,28.96982449,NA,NA,0.136728815,NA,1056.194309,NA,NA,NA
Rumex hastatulus,NA,NA,NA,NA,NA,NA,0.43,NA,NA,NA,NA,NA,NA,NA,NA,NA
Rytidosperma caespitosum,310.75005,NA,NA,0.55,NA,NA,NA,5.683135408,NA,NA,NA,NA,NA,NA,NA,NA
Rytidosperma nudiflorum,NA,NA,NA,NA,NA,NA,1.275,NA,NA,NA,NA,NA,NA,NA,NA,NA
Salix herbacea,140.4742179,540.3332123,23.22611667,0.034166667,NA,10.25,0.291333333,16.45337359,0.18925,NA,NA,NA,NA,NA,NA,NA
Salix repens,138.6528571,NA,17.00382579,0.812,NA,NA,0.044,12.90991206,NA,NA,0.390733,NA,NA,NA,NA,NA
Salvia pratensis,6575.938,NA,19.3,0.520833333,NA,NA,2.13107037,24.4875,NA,NA,0.171,NA,NA,NA,NA,NA
Salvia verbenaca,13333,NA,NA,0.508333333,NA,NA,2.044,11.94,NA,NA,NA,NA,NA,NA,NA,NA
Sanguisorba minor,3124.25,458,19.82857143,0.340136667,NA,NA,6.194200572,17.81475981,0.14875,0.3048,0.330051111,NA,NA,NA,NA,NA
Sanicula crassicaulis,NA,NA,NA,NA,NA,NA,5.836,NA,NA,NA,NA,NA,NA,NA,NA,NA
Sassafras albidum,NA,NA,NA,14.37586667,NA,NA,82.70240338,17.85959559,0.142530308,0.4572,NA,NA,NA,NA,NA,NA
Scabiosa columbaria,5293.333333,NA,21.2,0.594444444,NA,NA,1.867481481,19.16302632,NA,NA,0.171333333,NA,NA,NA,NA,NA
Schismus arabicus,NA,NA,NA,NA,NA,4.05,0.0675,NA,NA,NA,NA,NA,NA,NA,NA,NA
Schismus barbatus,67,NA,NA,0.25,NA,NA,0.040333333,18.21,NA,NA,NA,NA,NA,NA,NA,NA
Schizachyrium scoparium,456.2209586,444.8279,11.35103139,0.726385185,432.1,7.8,1.385477078,22.36209662,0.09,0.3048,0.389647039,0.2,NA,NA,NA,NA
Scleria triglomerata,NA,NA,NA,NA,NA,NA,4.9,NA,NA,NA,NA,NA,NA,NA,NA,NA
Sclerolaena diacantha,13.64983333,NA,NA,0.354166667,NA,NA,4.128833333,4.445479003,NA,NA,NA,NA,NA,NA,NA,NA
Sclerolaena eriacantha,16.1843,NA,NA,0.2,NA,NA,16.18,7.535749722,NA,NA,NA,NA,NA,NA,NA,NA
Sclerolaena obliquicuspis,6.90916,NA,NA,0.344,NA,NA,0.35,5.154593376,NA,NA,NA,NA,NA,NA,NA,NA
Scorzoneroides autumnalis,185.5803226,430.6309329,19.34660756,0.310966667,NA,NA,0.742329167,21.52466367,NA,NA,0.159158935,NA,NA,NA,NA,NA
Scorzoneroides helvetica,NA,NA,NA,NA,NA,NA,1.71,NA,NA,NA,NA,NA,NA,NA,NA,NA
Secale sylvestre,NA,NA,NA,NA,NA,NA,10.78,NA,NA,NA,NA,NA,NA,NA,NA,NA
Sedum lanceolatum,NA,NA,NA,NA,NA,NA,0.111,NA,NA,NA,NA,NA,NA,NA,NA,NA
Sedum stenopetalum,NA,NA,NA,NA,NA,NA,0.01575,NA,NA,NA,NA,NA,NA,NA,NA,NA
Senecio deltoideus,NA,NA,NA,NA,NA,NA,0.15,NA,NA,NA,NA,NA,NA,NA,NA,NA
Senecio leucanthemifolius,NA,NA,NA,NA,NA,NA,0.2,NA,NA,NA,NA,NA,NA,NA,NA,NA
Senecio madagascariensis,NA,NA,NA,NA,NA,NA,0.26,NA,NA,NA,NA,NA,NA,NA,NA,NA
Senecio miser,NA,NA,NA,NA,NA,NA,NA,NA,0.24,NA,NA,NA,NA,NA,NA,NA
Senna bauhinioides,NA,NA,NA,NA,NA,NA,4.475,NA,NA,NA,NA,NA,NA,NA,NA,NA
Sericocarpus asteroides,NA,NA,NA,NA,NA,NA,1.2,NA,NA,NA,NA,NA,NA,NA,NA,NA
Setaria leucopila,NA,NA,NA,NA,NA,NA,0.6,NA,NA,NA,NA,NA,NA,NA,NA,NA
Setaria nigrirostris,NA,451.6,12.8,NA,459.9,3.5,NA,NA,0.14,NA,NA,0.3,NA,NA,NA,NA
Setaria pampeana,NA,NA,24.7,NA,NA,NA,NA,19.52,NA,NA,NA,NA,NA,NA,NA,NA
Setaria parviflora,NA,NA,NA,0.316785714,NA,NA,0.981,9.88492,0.0969,NA,NA,NA,NA,NA,NA,NA
Setaria sphacelata,NA,NA,10.0375,NA,NA,NA,0.7025,NA,NA,NA,NA,NA,NA,NA,NA,NA
Sida intricata,31.5056,NA,NA,0.15,NA,NA,NA,9.605365854,NA,NA,NA,NA,NA,NA,NA,NA
Silene nutans,1277,436.82,35.742,0.454166667,NA,NA,0.361283766,19.43385725,NA,NA,0.168,NA,NA,NA,NA,NA
Silene otites,179.4916667,NA,NA,0.445833333,NA,NA,0.22777381,12.96333333,NA,NA,0.226626667,NA,NA,NA,NA,NA
Sisyrinchium bellum,NA,NA,NA,NA,NA,NA,2.077875,NA,NA,NA,NA,NA,NA,NA,NA,NA
Sisyrinchium montanum,NA,NA,NA,0.225,NA,NA,0.839,NA,NA,NA,NA,NA,NA,NA,NA,NA
Sisyrinchium platense,NA,NA,NA,NA,NA,NA,0.16,NA,NA,NA,NA,NA,NA,NA,NA,NA
Solanum aethiopicum,NA,NA,NA,NA,NA,NA,2.675,NA,NA,NA,NA,NA,NA,NA,NA,NA
Solanum elaeagnifolium,NA,NA,NA,NA,NA,NA,5.35,11.75,0.620651667,NA,NA,NA,NA,NA,NA,NA
Solanum ellipticum,941.8584333,NA,NA,0.333333333,NA,NA,1.04,5.402244049,NA,NA,NA,NA,NA,NA,NA,NA
Soldanella pusilla,NA,NA,NA,0.02,NA,NA,NA,NA,NA,NA,NA,NA,NA,NA,NA,NA
Solenogyne dominii,NA,NA,NA,NA,NA,NA,0.37,NA,NA,NA,NA,NA,NA,NA,NA,NA
Solidago canadensis,929,463.1921311,15.13338959,1.30146,NA,NA,0.084391667,17.75668436,0.12,0.3048,0.265092678,NA,NA,NA,NA,NA
Solidago missouriensis,887.7354722,468.1775,13.3335,0.9144,NA,NA,0.278324477,10.60804205,NA,0.2032,NA,NA,NA,NA,NA,NA
Solidago nemoralis,609.8159571,439.494,15.47778333,0.5078,NA,NA,0.27687915,13.95394921,0.1825,0.3048,0.325770939,NA,NA,NA,NA,NA
Solidago rigida,NA,NA,11.83477126,1.264426667,NA,NA,0.604064051,11.95689468,NA,0.3048,0.257875376,NA,NA,NA,NA,NA
Solidago speciosa,NA,NA,NA,NA,NA,NA,0.25,NA,NA,NA,NA,NA,NA,NA,NA,NA
Solidago virgaurea,1424.25,464.9131127,28.29400969,0.509,NA,NA,0.52959881,25.12385635,0.165,NA,0.210089685,NA,NA,NA,NA,NA
Sonchus arvensis,12192,NA,NA,1.1875,NA,NA,0.594027778,21,0.17,NA,0.109333333,NA,NA,NA,NA,NA
Sonchus asper,5417.333333,NA,NA,0.5875,NA,NA,0.27749537,24.97389591,NA,NA,0.123666667,NA,NA,NA,NA,NA
Sonchus oleraceus,6105.75,NA,34.9,1.1328125,NA,NA,0.28766,39.67950467,0.2215,NA,0.1185,NA,NA,NA,NA,NA
Sorbus aucuparia,572.8690983,475.0343337,22.42468397,12.84846655,NA,NA,21.800509,18.97387301,0.1578,0.7112,0.31626252,NA,544.9818182,NA,474.4272624,10.49866006
Sorghastrum nutans,1446.080286,447.6611321,11.00766508,1.072796923,NA,NA,1.885784785,20.65078024,NA,0.6096,0.385913023,NA,NA,NA,NA,NA
Sorghum halepense,NA,NA,22.2,1.3834,NA,NA,3.613103736,17.98889051,NA,0.254,NA,NA,NA,NA,NA,NA
Spermacoce natalensis,NA,NA,NA,NA,NA,NA,0.51,NA,NA,NA,NA,NA,NA,NA,NA,NA
Sphaeralcea coccinea,NA,NA,NA,0.4572,NA,NA,2.301932367,NA,NA,0.1524,NA,NA,NA,NA,NA,NA
Sphenopholis obtusata,NA,NA,NA,0.97536,NA,NA,0.814830918,NA,NA,0.1016,NA,NA,NA,NA,NA,NA
Sporobolus compositus,NA,NA,NA,NA,NA,NA,0.745,NA,NA,NA,NA,NA,NA,NA,NA,NA
Sporobolus cryptandrus,954.8,449.66,12.97358435,0.9144,NA,NA,0.0988,23.90754717,0.115,0.4572,NA,NA,NA,NA,NA,NA
Sporobolus flexuosus,NA,NA,NA,0.9144,NA,NA,0.117126002,NA,NA,0.254,NA,NA,NA,NA,NA,NA
Stellaria graminea,76.33333333,446.36,29.426,0.460386667,NA,NA,0.291668333,29.05086069,NA,NA,0.140166111,NA,NA,NA,NA,NA
Stenaria nigricans,NA,NA,NA,0.2,NA,NA,0.1525,15.01261282,NA,NA,0.695929033,NA,NA,NA,NA,NA
Stenotaphrum secundatum,NA,NA,NA,0.27432,NA,NA,NA,NA,NA,0.3048,NA,NA,NA,NA,NA,NA
Stipa comata,NA,463.2,20.1,0.9144,458.1,15.9,3.847425955,16.95,0.155833333,0.4064,NA,0.2,NA,NA,NA,NA
Stipa pennata,NA,NA,13.2,NA,NA,NA,32.17388889,16.05136437,NA,NA,NA,NA,NA,NA,NA,NA
Stipa spartea,1200.542117,459.3430385,14.01546154,0.83222906,NA,18,12.99977456,8.74965934,NA,0.254,0.416652263,NA,NA,NA,NA,NA
Symphoricarpos albus,2302.825,NA,14.05,1.538133333,NA,NA,6.955958626,19.90333333,NA,0.4572,0.358885,NA,NA,NA,NA,NA
Symphyotrichum ericoides,NA,NA,NA,NA,NA,NA,0.113666667,20.14194711,NA,NA,0.273989029,NA,NA,NA,NA,NA
Symphyotrichum laeve,NA,NA,NA,0.976666667,NA,NA,0.306,14.28815235,NA,NA,0.220232393,NA,NA,NA,NA,NA
Symphyotrichum lanceolatum,NA,NA,NA,1.8288,NA,NA,0.36499931,NA,NA,0.2032,NA,NA,NA,NA,NA,NA
Symphyotrichum novae-angliae,NA,NA,NA,1.022302632,NA,NA,0.483555556,23.88988777,NA,NA,0.22427072,NA,NA,NA,NA,NA
Symphyotrichum novi-belgii,1459.666667,NA,NA,1.367933333,NA,NA,0.517666149,19.6,NA,0.254,0.210333333,NA,NA,NA,NA,NA
Symphyotrichum oolentangiense,1593.716617,420.2786667,16.02907407,NA,NA,NA,0.17,14.68950044,NA,NA,0.243617151,NA,NA,NA,NA,NA
Symphyotrichum pilosum,NA,NA,NA,0.861666667,NA,NA,NA,18.27837298,NA,NA,0.215249227,NA,NA,NA,NA,NA
Tagetes minuta,NA,NA,44.5,0.7,NA,NA,0.975,13.875,0.250833333,NA,NA,NA,NA,NA,NA,NA
Taraxacum alpinum,NA,NA,NA,NA,NA,NA,0.45,NA,NA,NA,NA,NA,NA,NA,NA,NA
Taraxacum campylodes,1499.574667,409.7013602,28.3472693,0.288036415,NA,10.73618,0.646134654,30.05916441,0.214083333,0.1524,0.143880875,NA,NA,NA,NA,NA
Teucrium capitatum,NA,NA,NA,NA,NA,NA,0.8,NA,NA,NA,NA,NA,NA,NA,NA,NA
Teucrium chamaedrys,136.03,NA,NA,0.190683889,NA,NA,1.3875,14.12995424,0.26446,NA,0.302288889,NA,NA,NA,NA,NA
Teucrium montanum,45.01666667,NA,NA,0.275,NA,NA,0.58,18.07333333,NA,NA,0.264423333,NA,NA,NA,NA,NA
Thalictrum venulosum,NA,NA,NA,NA,NA,NA,3.08,NA,NA,NA,NA,NA,NA,NA,NA,NA
Thelesperma filifolium,NA,NA,NA,NA,NA,NA,2.21,NA,NA,NA,NA,NA,NA,NA,NA,NA
Themeda triandra,700,431,13.22821429,1.5,356.425,4.35,2.781333333,9.2635,0.10125,NA,NA,0.2625,NA,NA,NA,NA
Thesium humifusum,NA,NA,NA,0.19375,NA,NA,2.93,NA,NA,NA,NA,NA,NA,NA,NA,NA
Thlaspi arvense,1214.333333,NA,NA,0.423333333,NA,NA,1.098168571,24.42761317,0.18,NA,0.165666667,NA,NA,NA,NA,NA
Thymus serpyllum,10.34,456.26,19.815,0.08775,NA,NA,0.199844444,12.59845839,NA,NA,0.250506667,NA,NA,NA,NA,NA
Thymus vulgaris,NA,NA,11.4,0.35,NA,NA,0.754385417,14.66027328,0.379,NA,0.3318,NA,NA,NA,NA,NA
Thysanotus patersonii,NA,NA,NA,NA,NA,NA,0.87,NA,NA,NA,NA,NA,NA,NA,NA,NA
Torilis arvensis,988.93,NA,NA,0.725,NA,NA,1.4025,27.94666667,NA,NA,0.19672,NA,NA,NA,NA,NA
Trachymene glaucifolia,NA,NA,NA,NA,NA,NA,5.4525,NA,NA,NA,NA,NA,NA,NA,NA,NA
Tradescantia occidentalis,575.1852222,404.63,19.58333333,0.3445,NA,NA,3.155,15.39121988,NA,NA,NA,NA,NA,NA,NA,NA
Tragopogon dubius,318.07,NA,NA,0.646891667,NA,NA,10.16498706,23.15644185,NA,0.1524,0.202166667,NA,NA,NA,NA,NA
Tragopogon pratensis,1507.5,NA,NA,0.575,NA,NA,5.710336364,22.41578318,NA,NA,0.187391952,NA,NA,NA,NA,NA
Trichophorum cespitosum,NA,NA,15.3,0.4,NA,NA,0.36,NA,NA,NA,NA,NA,NA,NA,NA,NA
Tridens flavus,NA,NA,NA,0.660992,NA,NA,0.831431345,12.5091284,NA,0.254,0.466690175,NA,NA,NA,NA,NA
Trifolium dubium,135.5,NA,33.31451177,0.305,NA,NA,0.38150625,28.42172609,NA,NA,0.1995,NA,NA,NA,NA,NA
Trifolium macrocephalum,NA,NA,NA,0.6096,NA,NA,5.044661836,NA,NA,0.1524,NA,NA,NA,NA,NA,NA
Trifolium montanum,1624.066667,458.54,34.121,0.306666667,NA,NA,0.77515625,18.67023642,NA,NA,0.259298333,NA,NA,NA,NA,NA
Trifolium pratense,525.75,479.3119978,40.4444317,0.389308642,NA,21.07704,1.63706038,27.55091965,0.13925,0.3048,0.255988849,NA,NA,NA,NA,NA
Trifolium repens,450.8333333,440.9383209,43.78354086,0.236251111,NA,21.66035,0.695858417,26.94650771,0.153063333,0.3048,0.193546251,NA,NA,NA,NA,NA
Triodia basedowii,NA,NA,NA,NA,NA,NA,0.96,NA,NA,NA,NA,NA,NA,NA,NA,NA
Tripleurospermum inodorum,251.188,NA,NA,0.6,NA,NA,0.345375,22.90687782,0.27,NA,0.145666667,NA,NA,NA,NA,NA
Trisetum flavescens,385,440.2900246,27.09907954,0.532263158,NA,NA,0.31865,22.11711414,0.177777778,NA,0.280320712,NA,NA,NA,NA,NA
Trisetum spicatum,NA,NA,NA,0.32706,NA,NA,0.31305314,NA,NA,0.3048,NA,NA,NA,NA,NA,NA
Tristachya leucothrix,NA,453.0666667,9.6,NA,447.3666667,4.466666667,NA,NA,0.15,NA,NA,0.366666667,NA,NA,NA,NA
Tropidocarpum gracile,NA,NA,NA,NA,NA,NA,0.210833333,NA,NA,NA,NA,NA,NA,NA,NA,NA
Ulex parviflorus,NA,NA,14.1,NA,NA,NA,NA,NA,NA,NA,NA,NA,NA,NA,NA,NA
Vaccinium myrtillus,119.6643643,508.2852444,18.74819405,0.386262821,NA,5.5077,5.987683333,20.04821764,0.139976852,NA,0.352248318,NA,NA,NA,504.0025913,10.62024842
Vaccinium uliginosum,142.5595688,523.6567872,19.4998079,0.470266667,NA,4.2,11.2084,13.90672208,0.235,0.2274,0.37473542,NA,NA,NA,501.4448297,9.325417857
Valeriana samolifolia,NA,NA,NA,NA,NA,NA,0.5155,NA,NA,NA,NA,NA,NA,NA,NA,NA
Valerianella locusta,152,NA,NA,0.1925,NA,NA,1.483879365,31.7,NA,NA,0.103,NA,NA,NA,NA,NA
Ventenata dubia,NA,NA,NA,0.225,NA,NA,NA,NA,NA,NA,NA,NA,NA,NA,NA,NA
Verbena halei,NA,NA,NA,NA,NA,NA,0.42,NA,NA,NA,NA,NA,NA,NA,NA,NA
Verbena stricta,NA,NA,10.6,0.9975,NA,NA,1.0335,13.78250342,NA,NA,0.27554036,NA,NA,NA,NA,NA
Veronica arvensis,151.6666667,NA,NA,0.187777778,NA,NA,0.114440625,21.00097059,NA,NA,0.135444444,NA,NA,NA,NA,NA
Veronica chamaedrys,355.5,465.44,25.804,0.234,NA,NA,0.20452,28.10742313,0.16675,NA,0.264392857,NA,NA,NA,NA,NA
Veronica serpyllifolia,188,NA,NA,0.195833333,NA,NA,0.054004,22.86188407,NA,NA,0.175,NA,NA,NA,NA,NA
Vicia americana,89.20925926,NA,35.46973684,0.4205,NA,26.83157895,15.66466818,30.23664949,NA,0.254,0.192455185,NA,NA,NA,NA,NA
Vicia articulata,438.34,NA,NA,0.253333333,NA,NA,39.52566667,25.51,NA,NA,0.163503333,NA,NA,NA,NA,NA
Vicia cracca,971.5,477.0167024,41.79727454,0.879038889,NA,24.42381,14.64883285,26.81365133,NA,0.3048,0.270853086,NA,NA,NA,NA,NA
Vicia hirsuta,305.3333333,NA,43.2098,0.4375,NA,28.02801,5.848192857,22.05714286,NA,NA,0.240333333,NA,NA,NA,NA,NA
Vicia sativa,1286,NA,NA,0.7509,NA,NA,26.49725535,26.61714286,NA,0.3048,0.2175,NA,NA,NA,NA,NA
Vicia sepium,1242,NA,46.0056,0.683333333,NA,27.307,20.392355,38.73428571,NA,NA,0.186,NA,NA,NA,NA,NA
Vigna vexillata,NA,NA,NA,NA,NA,NA,16.35,NA,NA,NA,NA,NA,NA,NA,NA,NA
Viola adunca,NA,NA,15.95,NA,NA,NA,0.79,NA,NA,NA,NA,NA,NA,NA,NA,NA
Viola arcuata,NA,NA,NA,0.2,NA,NA,0.42,NA,NA,NA,NA,NA,NA,NA,NA,NA
Viola betonicifolia,NA,NA,NA,NA,NA,NA,1.35,NA,NA,NA,NA,NA,NA,NA,NA,NA
Vitis vulpina,NA,NA,NA,22.6492,NA,NA,27.60654052,8.20827,NA,0.4064,NA,NA,NA,NA,NA,NA
Vittadinia eremaea,NA,NA,NA,NA,NA,NA,1.0195,NA,NA,NA,NA,NA,NA,NA,NA,NA
Vulpia bromoides,40.66666667,NA,NA,0.2225,NA,NA,0.452866667,20.86,NA,NA,0.262333333,NA,NA,NA,NA,NA
Vulpia myuros,40,NA,NA,0.435733333,NA,NA,0.538677134,22.38333333,NA,0.3048,0.272,NA,NA,NA,NA,NA
Vulpia octoflora,NA,NA,NA,NA,NA,NA,0.31275,NA,NA,NA,NA,NA,NA,NA,NA,NA
Wahlenbergia gracilenta,NA,NA,NA,NA,NA,NA,0.01,NA,NA,NA,NA,NA,NA,NA,NA,NA
Wahlenbergia stricta,NA,NA,NA,NA,NA,NA,0.01,NA,NA,NA,NA,NA,NA,NA,NA,NA
Wurmbea dioica,NA,NA,NA,NA,NA,NA,0.71,NA,NA,NA,NA,NA,NA,NA,NA,NA
Wyethia amplexicaulis,NA,NA,NA,0.762,NA,NA,15.46914073,NA,NA,0.4064,NA,NA,NA,NA,NA,NA
Zinnia grandiflora,NA,NA,NA,NA,NA,NA,2.43,NA,NA,NA,NA,NA,NA,NA,NA,NA
Zizia aptera,7062.5045,463.8145,16.074,NA,NA,NA,1.7475,40.37573969,NA,NA,NA,NA,NA,NA,NA,NA