,Taxon,X.x,site_code,mean.ctrl.cover,mean.drt.cover,mean.cover.response,X.y,leafN.mg.g,height.m,rootN.mg.g,SLA_m2.kg,root.depth_m,RTD.g.cm3,SRL_m.g,rootDiam.mm,local_lifeform,local_lifespan,functional_group
1,ACAENA ECHINATA,3350,jilpanger.au,5.3,0.5,-4.8,3,NA,0.17865,NA,13.19,NA,NA,NA,NA,FORB,PERENNIAL,FORB
2,ACHILLEA MILLEFOLIUM,2,allmendb.ch,1.833333333,1.25,-0.583333333,11,19.234,0.559,4.8,7.859942857,0.2032,0.138977909,35.26726667,0.26778,FORB,PERENNIAL,FORB
3,ACHILLEA MILLEFOLIUM,4400,matador.ca,0.5,1,0.5,11,19.234,0.559,4.8,7.859942857,0.2032,0.138977909,35.26726667,0.26778,FORB,PERENNIAL,FORB
4,ACHILLEA MILLEFOLIUM,162,allmendo.ch,1.25,0.75,-0.5,11,19.234,0.559,4.8,7.859942857,0.2032,0.138977909,35.26726667,0.26778,FORB,PERENNIAL,FORB
5,ACHILLEA MILLEFOLIUM,3723,kinsella.ca,5,15,10,11,19.234,0.559,4.8,7.859942857,0.2032,0.138977909,35.26726667,0.26778,FORB,PERENNIAL,FORB
6,ACHILLEA MILLEFOLIUM,561,bayrdrt.de,2,25,23,11,19.234,0.559,4.8,7.859942857,0.2032,0.138977909,35.26726667,0.26778,FORB,PERENNIAL,FORB
7,ACHILLEA MILLEFOLIUM,3488,kernb.ca,1.333333333,2.666666667,1.333333333,11,19.234,0.559,4.8,7.859942857,0.2032,0.138977909,35.26726667,0.26778,FORB,PERENNIAL,FORB
8,ACHILLEA MILLEFOLIUM,1625,cedartrait.us,1,1,0,11,19.234,0.559,4.8,7.859942857,0.2032,0.138977909,35.26726667,0.26778,FORB,PERENNIAL,FORB
9,ACHILLEA MILLEFOLIUM,4993,oreac.us,2.666666667,1.833333333,-0.833333333,11,19.234,0.559,4.8,7.859942857,0.2032,0.138977909,35.26726667,0.26778,FORB,PERENNIAL,FORB
10,ACHILLEA MILLEFOLIUM,2517,elvadrt.ee,2,6.666666667,4.666666667,11,19.234,0.559,4.8,7.859942857,0.2032,0.138977909,35.26726667,0.26778,FORB,PERENNIAL,FORB
11,ACHILLEA MILLEFOLIUM,3032,hard.us,1,2,1,11,19.234,0.559,4.8,7.859942857,0.2032,0.138977909,35.26726667,0.26778,FORB,PERENNIAL,FORB
12,ACHILLEA MILLEFOLIUM,1266,brookdale.ca,1,1.5,0.5,11,19.234,0.559,4.8,7.859942857,0.2032,0.138977909,35.26726667,0.26778,FORB,PERENNIAL,FORB
13,AGROSTIS CANINA,4079,lygraint.no,1,1,0,23,20.86288625,0.4223,9.3,33.1583154,0.254,NA,NA,0.15,GRASS,PERENNIAL,GRASS
14,AGROSTIS CAPILLARIS,5336,pineta.es,47,37.16666667,-9.833333333,24,27.65006595,0.393022873,8.907142857,29.44748071,0.3048,0.230872486,141.2639378,0.128571429,GRASS,PERENNIAL,GRASS
15,AGROSTIS CAPILLARIS,4082,lygraint.no,1,1,0,24,27.65006595,0.393022873,8.907142857,29.44748071,0.3048,0.230872486,141.2639378,0.128571429,GRASS,PERENNIAL,GRASS
16,AGROSTIS MONTEVIDENSIS,4291,marcdrt.ar,8,5.5,-2.5,26,NA,0.229358974,NA,12,NA,NA,NA,NA,FORB,PERENNIAL,GRASS
17,AGROSTIS RUPESTRIS,5246,passogavia.it,2.5,1.7,-0.8,27,17,0.035,NA,15.5,NA,NA,NA,NA,GRASS,PERENNIAL,GRASS
18,AGROSTIS SCABRA,3493,kernb.ca,3,1.333333333,-1.666666667,28,8.00326776,0.274,12.3048825,9.409573332,0.3048,0.2,109,0.21,GRASS,PERENNIAL,GRASS
19,AGROSTIS SCABRA,4476,mattheis.ca,5,3,-2,28,8.00326776,0.274,12.3048825,9.409573332,0.3048,0.2,109,0.21,GRASS,PERENNIAL,GRASS
20,AGROSTIS STOLONIFERA,2529,elvadrt.ee,1,1,0,29,31.5111841,0.414942857,6.2,31.65060428,0.3048,0.212659866,353.7043306,0.1,GRASS,PERENNIAL,GRASS
21,AIRA ELEGANTISSIMA,3352,jilpanger.au,0.625,0.5,-0.125,32,NA,0.45,NA,25.838354,0.066,NA,NA,0.228,GRASS,ANNUAL,GRASS
22,ALCHEMILLA PENTAPHYLLEA,5250,passogavia.it,35,53.8,18.8,34,37,NA,NA,21,NA,NA,NA,NA,FORB,PERENNIAL,FORB
23,ALLIONIA INCARNATA,1719,cerrillos.ar,0.94,1.25,0.31,35,NA,0.4,NA,21.88917424,0.4,NA,10.31,0.665,FORB,PERENNIAL,FORB
24,ALOPECURUS PRATENSIS,569,bayrdrt.de,43.75,53,9.25,39,23.8325776,0.806266667,9.698958476,27.30021588,0.3048,0.069943613,230.6921222,0.305414955,GRASS,PERENNIAL,GRASS
25,ALOPECURUS PRATENSIS,6293,validate.fr,6,16.4,10.4,39,23.8325776,0.806266667,9.698958476,27.30021588,0.3048,0.069943613,230.6921222,0.305414955,GRASS,PERENNIAL,GRASS
26,ALYSSUM DESERTORUM,4640,nplatte.us,2,2,0,40,NA,0.1,NA,27.17578947,NA,NA,NA,NA,FORB,ANNUAL,FORB
27,AMBROSIA ARTEMISIIFOLIA,1532,cedarsav.us,8,1.5,-6.5,41,23.1,0.226,15.077975,21.45333609,1.22,0.08,135,0.36,FORB,ANNUAL,FORB
28,AMBROSIA PSILOSTACHYA,3851,konzadrt.us,21.6,11.8,-9.8,43,23.246,0.4385,12.9,15.82842,0.99,0.37,72.86943333,0.44,FORB,PERENNIAL,FORB
29,AMBROSIA PSILOSTACHYA,6000,slp.us,2,10.33333333,8.333333333,43,23.246,0.4385,12.9,15.82842,0.99,0.37,72.86943333,0.44,FORB,PERENNIAL,FORB
30,AMBROSIA PSILOSTACHYA,4712,oklah.us,18.5,19,0.5,43,23.246,0.4385,12.9,15.82842,0.99,0.37,72.86943333,0.44,FORB,PERENNIAL,FORB
31,AMBROSIA TENUIFOLIA,4296,marcdrt.ar,1.333333333,1,-0.333333333,44,18.2,NA,NA,9.366271504,0.6096,NA,NA,NA,FORB,PERENNIAL,FORB
32,AMBROSIA TENUIFOLIA,1897,chilcasdrt.ar,2.1,2.958333333,0.858333333,44,18.2,NA,NA,9.366271504,0.6096,NA,NA,NA,FORB,PERENNIAL,FORB
33,AMORPHA CANESCENS,1536,cedarsav.us,2.333333333,6.75,4.416666667,45,22.25861206,0.446,27.18327333,13.80561828,0.508,0.59,45.95532256,0.19,FORB,PERENNIAL,LEGUME
34,ANAGALLIS ARVENSIS,5696,scruzh.us,4.516493875,5.6818182,1.165324325,48,25,0.187,NA,28.34396552,0.315,NA,NA,NA,FORB,ANNUAL,FORB
35,ANDROPOGON GERARDII,1635,cedartrait.us,17,6.4,-10.6,49,11.43191184,1.43,14.4,7.475763032,0.508,0.2,65.1,0.7,GRASS,PERENNIAL,GRASS
36,ANDROPOGON GERARDII,1278,brookdale.ca,2.875,2.611111111,-0.263888889,49,11.43191184,1.43,14.4,7.475763032,0.508,0.2,65.1,0.7,GRASS,PERENNIAL,GRASS
37,ANDROPOGON GERARDII,1541,cedarsav.us,17.14285714,8.8,-8.342857143,49,11.43191184,1.43,14.4,7.475763032,0.508,0.2,65.1,0.7,GRASS,PERENNIAL,GRASS
38,ANDROPOGON GERARDII,3858,konzadrt.us,50,53.6,3.6,49,11.43191184,1.43,14.4,7.475763032,0.508,0.2,65.1,0.7,GRASS,PERENNIAL,GRASS
39,ANDROPOGON GERARDII,5386,purdue.us,18.75,26.66666667,7.916666667,49,11.43191184,1.43,14.4,7.475763032,0.508,0.2,65.1,0.7,GRASS,PERENNIAL,GRASS
40,ANDROSACE SEPTENTRIONALIS,4477,mattheis.ca,1,1,0,52,19.4925,0.011,12.29704857,30.84123333,0.1,NA,79.99696667,NA,FORB,ANNUAL,FORB
41,ANDROSACE SEPTENTRIONALIS,3496,kernb.ca,0.5,0.5,0,52,19.4925,0.011,12.29704857,30.84123333,0.1,NA,79.99696667,NA,FORB,ANNUAL,FORB
42,ANTHOXANTHUM ODORATUM,6173,teshio.jp,16.66666667,14.5,-2.166666667,57,23.59023243,0.383753535,8.005555556,24.91123988,0.155,0.107066623,344.3025853,0.111111111,GRASS,PERENNIAL,GRASS
43,ANTHOXANTHUM ODORATUM,2534,elvadrt.ee,1.333333333,1.5,0.166666667,57,23.59023243,0.383753535,8.005555556,24.91123988,0.155,0.107066623,344.3025853,0.111111111,GRASS,PERENNIAL,GRASS
44,ANTHOXANTHUM ODORATUM,2099,cowidrt.ca,3.333333333,3.4,0.066666667,57,23.59023243,0.383753535,8.005555556,24.91123988,0.155,0.107066623,344.3025853,0.111111111,GRASS,PERENNIAL,GRASS
45,ANTHYLLIS VULNERARIA,166,allmendo.ch,0.875,1.5,0.625,58,32.33118574,0.2845,19.6042,18.21819656,1.7,0.22014466,149.3012403,0.25,FORB,PERENNIAL,LEGUME
46,APERA SPICA-VENTI,434,baddrt.de,4.7625,9.366666667,4.604166667,59,NA,0.775,NA,19.13333333,0.66,NA,193.8,NA,GRASS,ANNUAL,GRASS
47,ARENARIA SERPYLLIFOLIA,3170,jenadrt.de,0.5,0.5,0,64,12,0.075,13.275,23.7,0.21,0.067,NA,0.207422972,FORB,ANNUAL,FORB
48,ARENARIA SERPYLLIFOLIA,3804,kiskun.hu,0.01,0.01,0,64,12,0.075,13.275,23.7,0.21,0.067,NA,0.207422972,FORB,ANNUAL,FORB
49,ARGYROLOBIUM ZANONII,336,ayora.es,1,1,0,65,22.77,0.1,NA,13,NA,NA,NA,NA,SUBSHRUB,PERENNIAL,LEGUME
50,ARISTIDA HOLATHERA,2806,ethadb.au,14.5,3,-11.5,67,8.4875,0.7,2.975,5.62,NA,NA,NA,0.375,GRASS,ANNUAL,GRASS
51,ARISTIDA PURPUREA,1496,cdpt_drt.us,6,4.333333333,-1.666666667,71,9.88,0.0735,6.53,6.520633333,1.315133333,0.3626,50.55346667,0.71,GRASS,PERENNIAL,GRASS
52,ARISTIDA STRICTA,5619,sand.us,26.66666667,27,0.333333333,73,11.1128167,1.18872,NA,6.79,0.1524,NA,NA,NA,GRAMINOID,PERENNIAL,GRASS
53,ARMERIA MARITIMA,5107,paike.ar,1,1,0,75,17,0.308106667,9.3,21.1502,0.254,0.2612175,57.875,0.221876923,FORB,PERENNIAL,FORB
54,ARRHENATHERUM ELATIUS,6299,validate.fr,22.5,9.6,-12.9,76,25.84,0.857,8.902914385,29.67,0.3556,0.119407807,190.1954961,0.304707692,"GRASS, Forb (Jena)",PERENNIAL,GRASS
55,ARRHENATHERUM ELATIUS,578,bayrdrt.de,24.42,30,5.58,76,25.84,0.857,8.902914385,29.67,0.3556,0.119407807,190.1954961,0.304707692,"GRASS, Forb (Jena)",PERENNIAL,GRASS
56,ARRHENATHERUM ELATIUS,5516,rhijn.nl,8.333333333,20,11.66666667,76,25.84,0.857,8.902914385,29.67,0.3556,0.119407807,190.1954961,0.304707692,"GRASS, Forb (Jena)",PERENNIAL,GRASS
57,ARTEMISIA CAMPESTRIS,3806,kiskun.hu,7,3,-4,79,18.886,0.353,9.064339995,18.71203,1.22,0.366498,52.76693333,0.46,FORB,PERENNIAL,FORB
58,ARTEMISIA LUDOVICIANA,3868,konzadrt.us,2,1,-1,84,19.24454545,0.597,11.63,16.4954108,0.2032,0.222016659,76.92231348,0.31821746,FORB,PERENNIAL,FORB
59,ARTEMISIA LUDOVICIANA,3514,kernb.ca,1,3,2,84,19.24454545,0.597,11.63,16.4954108,0.2032,0.222016659,76.92231348,0.31821746,FORB,PERENNIAL,FORB
60,ARTEMISIA LUDOVICIANA,1547,cedarsav.us,1,1,0,84,19.24454545,0.597,11.63,16.4954108,0.2032,0.222016659,76.92231348,0.31821746,FORB,PERENNIAL,FORB
61,ARTEMISIA LUDOVICIANA,3630,kernnu.ca,0.75,3,2.25,84,19.24454545,0.597,11.63,16.4954108,0.2032,0.222016659,76.92231348,0.31821746,FORB,PERENNIAL,FORB
62,ARTEMISIA LUDOVICIANA,1287,brookdale.ca,1.25,1.95,0.7,84,19.24454545,0.597,11.63,16.4954108,0.2032,0.222016659,76.92231348,0.31821746,FORB,PERENNIAL,FORB
63,ASCLEPIAS VIRIDIS,3875,konzadrt.us,1.033333333,3,1.966666667,89,NA,0.456,NA,10.46681531,NA,0.320746666,41.57111916,0.36446,FORB,PERENNIAL,FORB
64,ASPERULA CYNANCHICA,170,allmendo.ch,0.416666667,2.375,1.958333333,91,NA,0.284375,NA,27.91666667,0.93,0.3908625,22.875,0.16639,FORB,PERENNIAL,FORB
65,ASPERULA CYNANCHICA,11,allmendb.ch,0.25,0.25,0,91,NA,0.284375,NA,27.91666667,0.93,0.3908625,22.875,0.16639,FORB,PERENNIAL,FORB
66,ASTRAGALUS NUTTALLIANUS,1457,capwhite.us,0.5,0.75,0.25,100,NA,NA,NA,20.29476228,0.13,NA,9.530497,0.2,LEGUME,ANNUAL,LEGUME
67,ASTRAGALUS NUTTALLIANUS,1399,capmcd.us,1,0.75,-0.25,100,NA,NA,NA,20.29476228,0.13,NA,9.530497,0.2,LEGUME,ANNUAL,LEGUME
68,ASTRANTIA MAJOR,5338,pineta.es,3,8,5,101,28.539,0.4215,NA,22.75909384,NA,NA,NA,NA,FORB,PERENNIAL,FORB
69,ASTREBLA LAPPACEA,4521,milparinka.au,21,21,0,102,16.2306281,0.65,NA,11.43619445,NA,NA,NA,0.25146667,GRASS,PERENNIAL,GRASS
70,ASTREBLA PECTINATA,4525,milparinka.au,21,21,0,103,NA,0.63,NA,11.341433,NA,NA,NA,NA,GRASS,PERENNIAL,GRASS
71,AVENA BARBATA,5903,scruzm.us,75.91367574,66.17974404,-9.7339317,105,17,0.389,NA,25.674375,0.5,0.02363125,149,0.373688235,GRASS,ANNUAL,GRASS
72,AVENA BARBATA,4559,naposta.ar,15,20,5,105,17,0.389,NA,25.674375,0.5,0.02363125,149,0.373688235,GRASS,ANNUAL,GRASS
73,AVENA BARBATA,5826,scruzl.us,5.472445967,1.2195122,-4.252933767,105,17,0.389,NA,25.674375,0.5,0.02363125,149,0.373688235,GRASS,ANNUAL,GRASS
74,AVENELLA FLEXUOSA,4188,lygraold.no,3,25,22,106,NA,0.3309,NA,NA,0.75,NA,NA,NA,GRASS,PERENNIAL,GRASS
75,BAPTISIA BRACTEATA,6011,slp.us,1,2,1,116,35.8,NA,NA,12.09,2.032,NA,NA,NA,LEGUME,PERENNIAL,LEGUME
76,BASSIA SCOPARIA,299,antelope.us,0.045714286,0.70375,0.658035714,118,32.45,1.184444444,NA,19.65690846,NA,NA,NA,NA,FORB,ANNUAL,FORB
77,BELLIS PERENNIS,3181,jenadrt.de,9.333333333,5,-4.333333333,119,17.81,0.165,8.4,34.15,0.18,0.130088142,324.9590331,0.243322583,FORB,PERENNIAL,FORB
78,BLENNOSPORA DRUMMONDII,3357,jilpanger.au,0.5,0.5,0,122,NA,0.06807094,NA,18.695174,NA,NA,NA,NA,FORB,ANNUAL,FORB
79,BOTHRIOCHLOA LAGUROIDES,4729,oklah.us,0.5,7.75,7.25,126,NA,NA,NA,26,NA,NA,NA,NA,GRASS,PERENNIAL,GRASS
80,BOUTELOUA ARISTIDOIDES,1732,cerrillos.ar,12.815,36.565,23.75,127,15.9,0.04,NA,12.89,0.3,NA,103.65,NA,GRASS,ANNUAL,GRASS
81,BOUTELOUA CURTIPENDULA,3881,konzadrt.us,2,3.5,1.5,128,8.7,0.427,8.84,14.60867,0.3048,0.19,94.40056667,0.032,GRASS,PERENNIAL,GRASS
82,BOUTELOUA GRACILIS,4483,mattheis.ca,25,26,1,129,15.416,0.345,14.76,12.868115,0.135,0.447182567,118.8815333,0.192729167,GRASS,PERENNIAL,GRASS
83,BOUTELOUA GRACILIS,4652,nplatte.us,7.571428571,20.8,13.22857143,129,15.416,0.345,14.76,12.868115,0.135,0.447182567,118.8815333,0.192729167,GRASS,PERENNIAL,GRASS
84,BOUTELOUA GRACILIS,1501,cdpt_drt.us,15,12.83333333,-2.166666667,129,15.416,0.345,14.76,12.868115,0.135,0.447182567,118.8815333,0.192729167,GRASS,PERENNIAL,GRASS
85,BRACHYPODIUM DISTACHYON,5910,scruzm.us,1.0416667,1.8348624,0.7931957,132,21.9,0.1005,NA,30.85889908,0.5,NA,NA,NA,FORB,ANNUAL,GRASS
86,BRACHYPODIUM PINNATUM,15,allmendb.ch,18.58333333,13,-5.583333333,133,18.10766667,0.540866667,7.10106212,23.9927357,0.1,0.186379697,207.6695041,0.22129993,GRASS,PERENNIAL,GRASS
87,BRACHYPODIUM PINNATUM,174,allmendo.ch,3.583333333,6.083333333,2.5,133,18.10766667,0.540866667,7.10106212,23.9927357,0.1,0.186379697,207.6695041,0.22129993,GRASS,PERENNIAL,GRASS
88,BRACHYPODIUM PINNATUM,5340,pineta.es,10.5,15.5,5,133,18.10766667,0.540866667,7.10106212,23.9927357,0.1,0.186379697,207.6695041,0.22129993,GRASS,PERENNIAL,GRASS
89,BRACHYPODIUM RETUSUM,341,ayora.es,10.16666667,24.33333333,14.16666667,134,7.1,0.4,NA,12.40924826,NA,NA,NA,NA,GRASS,PERENNIAL,GRASS
90,BRIZA MAXIMA,5710,scruzh.us,26.74486566,39.30012252,12.55525686,137,10.2,0.6096,NA,NA,0.254,NA,120.3,0.57,FORB,ANNUAL,GRASS
91,BRIZA MAXIMA,5913,scruzm.us,2.45535715,3.6697248,1.21436765,137,10.2,0.6096,NA,NA,0.254,NA,120.3,0.57,FORB,ANNUAL,GRASS
92,BRIZA MEDIA,19,allmendb.ch,2.5,2.5,0,138,19.10016667,0.41946,2.042559524,20.92775774,0.52,0.179667951,288.6987236,0.171363333,GRASS,PERENNIAL,GRASS
93,BRIZA MEDIA,178,allmendo.ch,1.833333333,2.416666667,0.583333333,138,19.10016667,0.41946,2.042559524,20.92775774,0.52,0.179667951,288.6987236,0.171363333,GRASS,PERENNIAL,GRASS
94,BRIZA MEDIA,2546,elvadrt.ee,23.33333333,25,1.666666667,138,19.10016667,0.41946,2.042559524,20.92775774,0.52,0.179667951,288.6987236,0.171363333,GRASS,PERENNIAL,GRASS
95,BROMUS CATHARTICUS,4306,marcdrt.ar,9.75,15,5.25,141,NA,0.9572,4.9,35,0.3048,0.079079135,129.3385704,0.30525,GRASS,BOTH,GRASS
96,BROMUS DIANDRUS,5919,scruzm.us,2.25851305,2.1978022,-0.06071085,142,19.4,0.99,NA,39,NA,NA,238.8,NA,GRASS,ANNUAL,GRASS
97,BROMUS DIANDRUS,5832,scruzl.us,11.6161616,1.2195122,-10.3966494,142,19.4,0.99,NA,39,NA,NA,238.8,NA,GRASS,ANNUAL,GRASS
98,BROMUS ERECTUS,182,allmendo.ch,22.83333333,15.66666667,-7.166666667,143,18.81892435,0.717333333,7.243150315,21.09580137,0.894,0.174709631,157.1212818,0.273789089,GRASS,PERENNIAL,GRASS
99,BROMUS ERECTUS,23,allmendb.ch,17.25,22.08333333,4.833333333,143,18.81892435,0.717333333,7.243150315,21.09580137,0.894,0.174709631,157.1212818,0.273789089,GRASS,PERENNIAL,GRASS
100,BROMUS HORDEACEUS,440,baddrt.de,0.55,0.01,-0.54,144,25.57289667,0.6899,10.2,27.25455017,0.254,0.137083333,471.2364007,0.2,GRASS,ANNUAL,GRASS
101,BROMUS HORDEACEUS,5718,scruzh.us,2.6345738,2.76928305,0.13470925,144,25.57289667,0.6899,10.2,27.25455017,0.254,0.137083333,471.2364007,0.2,GRASS,ANNUAL,GRASS
102,BROMUS INERMIS,1291,brookdale.ca,3.1,3.65,0.55,145,21.49936399,0.81,17.20145333,17.7899321,0.3048,0.268601793,108.7724975,0.281416667,GRASS,PERENNIAL,GRASS
103,BROMUS JAPONICUS,4900,oreaa.us,0.5,0.5,0,146,20.898,0.424044444,NA,19.31803729,1.5,NA,NA,0.54,GRASS,ANNUAL,GRASS
104,BROMUS JAPONICUS,1502,cdpt_drt.us,2,4,2,146,20.898,0.424044444,NA,19.31803729,1.5,NA,NA,0.54,GRASS,ANNUAL,GRASS
105,BROMUS JAPONICUS,5014,oreac.us,3,13.1,10.1,146,20.898,0.424044444,NA,19.31803729,1.5,NA,NA,0.54,GRASS,ANNUAL,GRASS
106,BROMUS RUBENS,4612,nnss.us,2.98615225,0.48253192,-2.50362033,147,28.7686987,0.39624,NA,18.713372,0.2032,NA,NA,NA,GRASS,ANNUAL,GRASS
107,BROMUS RUBENS,2912,gmgranite.us,0.5,0.5,0,147,28.7686987,0.39624,NA,18.713372,0.2032,NA,NA,NA,GRASS,ANNUAL,GRASS
108,BROMUS RUBENS,2943,gmmolar.us,1.285714286,1.428571429,0.142857143,147,28.7686987,0.39624,NA,18.713372,0.2032,NA,NA,NA,GRASS,ANNUAL,GRASS
109,BROMUS RUBENS,1401,capmcd.us,0.5,0.5,0,147,28.7686987,0.39624,NA,18.713372,0.2032,NA,NA,NA,GRASS,ANNUAL,GRASS
110,BROMUS STERILIS,444,baddrt.de,0.1025,5,4.8975,149,27.9,0.658333333,NA,30.5349098,1.5,0.4459545,279.231,NA,GRASS,ANNUAL,GRASS
111,BROMUS STERILIS,2110,cowidrt.ca,13,3.333333333,-9.666666667,149,27.9,0.658333333,NA,30.5349098,1.5,0.4459545,279.231,NA,GRASS,ANNUAL,GRASS
112,BROMUS TECTORUM,4656,nplatte.us,6.333333333,14.14285714,7.80952381,150,18.768,0.198681818,7.006735802,17.28496,0.90288,0.47,31.204325,0.57,GRASS,ANNUAL,GRASS
113,BROMUS TECTORUM,3047,hard.us,2,5,3,150,18.768,0.198681818,7.006735802,17.28496,0.90288,0.47,31.204325,0.57,GRASS,ANNUAL,GRASS
114,BROMUS TECTORUM,4613,nnss.us,4.38977668,0.882379229,-3.507397451,150,18.768,0.198681818,7.006735802,17.28496,0.90288,0.47,31.204325,0.57,GRASS,ANNUAL,GRASS
115,CALAMAGROSTIS EPIGEIOS,6177,teshio.jp,60.3,57.1,-3.2,155,17.43326,1.396,6.6,18.65,NA,NA,57.46375,NA,GRASS,PERENNIAL,GRASS
116,CALAMOVILFA LONGIFOLIA,1551,cedarsav.us,5,5,0,156,13.59,0.968,5.2246,10.96892152,0.508,0.18,33,0.48,GRAMINOID,PERENNIAL,GRASS
117,CALOTIS LAPPULACEA,2073,cobar.au,1.333333333,1,-0.333333333,161,NA,0.5,NA,15.76,NA,NA,NA,NA,FORB,PERENNIAL,FORB
118,CALYLOPHUS SERRULATUS,4733,oklah.us,15,15,0,162,NA,NA,NA,11.69,1.33,NA,NA,NA,FORB,PERENNIAL,FORB
119,CAMASSIA QUAMASH,2115,cowidrt.ca,3,5,2,164,NA,0.70104,NA,12.08,0.254,NA,NA,NA,GRASS,PERENNIAL,FORB
120,CAMPANULA ROTUNDIFOLIA,3640,kernnu.ca,0.5,0.5,0,167,21.08333333,0.452,13.14618087,22.94812699,1.125,0.146551312,475.6578007,0.141566667,FORB,PERENNIAL,FORB
121,CARDUUS PYCNOCEPHALUS,5843,scruzl.us,8.795871367,20.12987015,11.33399878,169,8.2,0.8,NA,38,NA,NA,NA,NA,FORB,ANNUAL,FORB
122,CARDUUS PYCNOCEPHALUS,5924,scruzm.us,6.8493151,7.11889028,0.26957518,169,8.2,0.8,NA,38,NA,NA,NA,NA,FORB,ANNUAL,FORB
123,CAREX ARENARIA,3123,hoide.de,2.666666667,1.666666667,-1,171,19.12604168,0.384259259,NA,14.42164292,1.02,NA,NA,NA,GRAMINOID,PERENNIAL,GRAMINOID
124,CAREX ARENARIA,3143,hyide.de,2,1.333333333,-0.666666667,171,19.12604168,0.384259259,NA,14.42164292,1.02,NA,NA,NA,GRAMINOID,PERENNIAL,GRAMINOID
125,CAREX BREVICULMIS,2867,falls.au,0.666666667,0.75,0.083333333,174,18.30157885,0.05,NA,14.60009466,NA,NA,NA,NA,GRASS,PERENNIAL,GRAMINOID
126,CAREX BREVIOR,3890,konzadrt.us,2,0.1,-1.9,175,NA,0.254,NA,21.15675902,NA,NA,NA,NA,GRAMINOID,PERENNIAL,GRAMINOID
127,CAREX CARYOPHYLLEA,27,allmendb.ch,10.83333333,16.5,5.666666667,176,18,0.223333333,NA,18.76023077,0.2,NA,NA,0.0784,GRAMINOID,PERENNIAL,GRAMINOID
128,CAREX CARYOPHYLLEA,186,allmendo.ch,12.41666667,14.16666667,1.75,176,18,0.223333333,NA,18.76023077,0.2,NA,NA,0.0784,GRAMINOID,PERENNIAL,GRAMINOID
129,CAREX CURVULA,5258,passogavia.it,40.6,42,1.4,177,12,NA,NA,9.999104145,0.65,NA,NA,NA,GRAMINOID,PERENNIAL,GRAMINOID
130,CAREX DISTACHYA,345,ayora.es,7.5,2.5,-5,178,NA,0.1756,NA,4.8,0.91,NA,NA,NA,GRAMINOID,PERENNIAL,FORB
131,CAREX FLACCA,31,allmendb.ch,4.375,0.25,-4.125,181,17.07498081,0.37125,4.956666667,14.4018786,0.83,0.169025277,218.7926062,0.380313725,GRAMINOID,PERENNIAL,GRAMINOID
132,CAREX FLACCA,190,allmendo.ch,1.5,1.5,0,181,17.07498081,0.37125,4.956666667,14.4018786,0.83,0.169025277,218.7926062,0.380313725,GRAMINOID,PERENNIAL,GRAMINOID
133,CAREX HEBES,2869,falls.au,0.6,0.5,-0.1,182,NA,NA,NA,19.096154,NA,NA,NA,NA,GRASS,PERENNIAL,GRAMINOID
134,CAREX MEADII,3899,konzadrt.us,3,2.333333333,-0.666666667,185,NA,0.2292,NA,12.74334258,NA,NA,NA,NA,GRAMINOID,PERENNIAL,GRAMINOID
135,CAREX MIYABEI,6179,teshio.jp,50,25.5,-24.5,186,19.77571,0.621,NA,19.71,NA,NA,NA,NA,GRAMINOID,PERENNIAL,GRAMINOID
136,CAREX NIGRA,4198,lygraold.no,6.666666667,7.333333333,0.666666667,187,24.40009307,0.388666667,6.648625922,20.83559904,0.56,NA,52.8,0.2421,GRAMINOID,PERENNIAL,GRAMINOID
137,CAREX PILULIFERA,4099,lygraint.no,2,1.666666667,-0.333333333,190,27.98325592,0.225625,NA,19.13235729,NA,NA,NA,NA,GRAMINOID,NA,GRAMINOID
138,CELMISIA COSTINIANA,2871,falls.au,43.33333333,48.33333333,5,194,NA,0.515,NA,9.655537,NA,NA,NA,NA,FORB,PERENNIAL,FORB
139,CENTAUREA JACEA,195,allmendo.ch,1,2.25,1.25,198,25.06160617,0.8275,11.34202,21.9478316,0.155,0.133545753,116.6184597,0.328737037,FORB,PERENNIAL,FORB
140,CENTAUREA JACEA,39,allmendb.ch,2.333333333,1.5,-0.833333333,198,25.06160617,0.8275,11.34202,21.9478316,0.155,0.133545753,116.6184597,0.328737037,FORB,PERENNIAL,FORB
141,CENTAUREA JACEA,5524,rhijn.nl,7,6.5,-0.5,198,25.06160617,0.8275,11.34202,21.9478316,0.155,0.133545753,116.6184597,0.328737037,FORB,PERENNIAL,FORB
142,CENTAUREA SCABIOSA,199,allmendo.ch,4.125,1.75,-2.375,200,22.3,0.9625,NA,16.2315625,NA,NA,NA,NA,FORB,PERENNIAL,FORB
143,CENTAUREA SCABIOSA,43,allmendb.ch,5.166666667,7.25,2.083333333,200,22.3,0.9625,NA,16.2315625,NA,NA,NA,NA,FORB,PERENNIAL,FORB
144,CENTIPEDA CUNNINGHAMII,5488,quilpie.au,4,3.333333333,-0.666666667,201,NA,0.2,NA,18.1,NA,NA,NA,NA,FORB,PERENNIAL,FORB
145,Centrolepis ARISTATA,3367,jilpanger.au,0.5,0.5,0,202,19.7,0.09857143,NA,28.092362,NA,NA,NA,NA,FORB,ANNUAL,FORB
146,Centrolepis STRIGOSA,3370,jilpanger.au,0.5,0.5,0,204,NA,0.11,NA,5.632,NA,NA,NA,NA,FORB,ANNUAL,FORB
147,CEPHALIPTERUM DRUMMONDII,2240,credoj.au,0.5,0.5,0,207,NA,0.33086325,NA,37.282501,NA,NA,NA,NA,FORB,ANNUAL,FORB
148,CEPHALIPTERUM DRUMMONDII,2318,credom.au,20,1,-19,207,NA,0.33086325,NA,37.282501,NA,NA,NA,NA,FORB,ANNUAL,FORB
149,CERASTIUM ARVENSE,5137,paike.ar,1,1,0,208,NA,0.188888889,NA,21.10181624,0.22,0.486326636,91.58154988,0.188766667,FORB,PERENNIAL,FORB
150,CERASTIUM ARVENSE,2555,elvadrt.ee,1,1,0,208,NA,0.188888889,NA,21.10181624,0.22,0.486326636,91.58154988,0.188766667,FORB,PERENNIAL,FORB
151,CERASTIUM ARVENSE,2126,cowidrt.ca,2,1.5,-0.5,208,NA,0.188888889,NA,21.10181624,0.22,0.486326636,91.58154988,0.188766667,FORB,PERENNIAL,FORB
152,CERASTIUM ARVENSE,3529,kernb.ca,2.5,1.25,-1.25,208,NA,0.188888889,NA,21.10181624,0.22,0.486326636,91.58154988,0.188766667,FORB,PERENNIAL,FORB
153,CERASTIUM ARVENSE,2029,cmss.us,2,5,3,208,NA,0.188888889,NA,21.10181624,0.22,0.486326636,91.58154988,0.188766667,FORB,PERENNIAL,FORB
154,CERASTIUM ARVENSE,3647,kernnu.ca,0.5,0.75,0.25,208,NA,0.188888889,NA,21.10181624,0.22,0.486326636,91.58154988,0.188766667,FORB,PERENNIAL,FORB
155,CERASTIUM ARVENSE,4415,matador.ca,3.5,0.75,-2.75,208,NA,0.188888889,NA,21.10181624,0.22,0.486326636,91.58154988,0.188766667,FORB,PERENNIAL,FORB
156,CERASTIUM FONTANUM,593,bayrdrt.de,1.275,1.033333333,-0.241666667,209,24.9755,0.218333333,8.721238939,25.83139407,NA,0.133299797,101.6244572,0.282,FORB,PERENNIAL,FORB
157,CERASTIUM FONTANUM,3194,jenadrt.de,1.333333333,0.5,-0.833333333,209,24.9755,0.218333333,8.721238939,25.83139407,NA,0.133299797,101.6244572,0.282,FORB,PERENNIAL,FORB
158,CERASTIUM GLOMERATUM,2130,cowidrt.ca,1,1,0,210,23,0.249,14.7,23.38503171,0.11,0.231666667,318,NA,FORB,ANNUAL,FORB
159,CHAMAESCILLA CORYMBOSA,3372,jilpanger.au,1.75,0.5,-1.25,219,23,0.4,NA,NA,NA,NA,NA,NA,FORB,PERENNIAL,FORB
160,CHENOPODIUM ALBUM,1505,cdpt_drt.us,0.1,0.1,0,220,27.125,1.174877193,10.87,22.66936863,1.19,0.372010894,215.0556376,0.230308403,FORB,ANNUAL,FORB
161,CHONDROSUM ERIOPODUM,5974,sevblack.us,18.09285714,7.428571429,-10.66428571,223,14.8969364,NA,NA,18.54844313,NA,NA,NA,0.03,GRAMINOID,PERENNIAL,GRASS
162,CHONDROSUM ERIOPODUM,303,antelope.us,5.95625,5.68125,-0.275,223,14.8969364,NA,NA,18.54844313,NA,NA,NA,0.03,GRAMINOID,PERENNIAL,GRASS
163,CHONDROSUM ERIOPODUM,3476,jrnchi.us,4.50248912,0.781912217,-3.720576903,223,14.8969364,NA,NA,18.54844313,NA,NA,NA,0.03,GRAMINOID,PERENNIAL,GRASS
164,CHONDROSUM ERIOPODUM,3455,jorndrt.us,31.66666667,27.33333333,-4.333333333,223,14.8969364,NA,NA,18.54844313,NA,NA,NA,0.03,GRAMINOID,PERENNIAL,GRASS
165,CHONDROSUM ERIOPODUM,5985,sevblue.us,1.65,4.808333333,3.158333333,223,14.8969364,NA,NA,18.54844313,NA,NA,NA,0.03,GRAMINOID,PERENNIAL,GRASS
166,CHONDROSUM ERIOPODUM,5989,sevmixed.us,11.41428571,7.342857143,-4.071428571,223,14.8969364,NA,NA,18.54844313,NA,NA,NA,0.03,GRAMINOID,PERENNIAL,GRASS
167,CHONDROSUM GRACILE,5990,sevmixed.us,4.975,1.65,-3.325,224,15.9806955,NA,NA,15.34680195,NA,NA,NA,0.036,GRAMINOID,PERENNIAL,GRASS
168,CHONDROSUM GRACILE,5986,sevblue.us,14.34428571,9.428571429,-4.915714286,224,15.9806955,NA,NA,15.34680195,NA,NA,NA,0.036,GRAMINOID,PERENNIAL,GRASS
169,CHRYSOCEPHALUM APICULATUM,3374,jilpanger.au,10,10,0,227,27.1,0.4,NA,16.64122201,NA,NA,NA,NA,FORB,PERENNIAL,FORB
170,CIRSIUM ARVENSE,1297,brookdale.ca,1.9,2.133333333,0.233333333,231,29.75611991,0.84284049,15.2,16.60803212,1.853333,NA,64,0.71,FORB,PERENNIAL,FORB
171,CIRSIUM ARVENSE,2719,esw.ca,1,1.5,0.5,231,29.75611991,0.84284049,15.2,16.60803212,1.853333,NA,64,0.71,FORB,PERENNIAL,FORB
172,CIRSIUM ARVENSE,3652,kernnu.ca,2.666666667,0.75,-1.916666667,231,29.75611991,0.84284049,15.2,16.60803212,1.853333,NA,64,0.71,FORB,PERENNIAL,FORB
173,CIRSIUM ARVENSE,453,baddrt.de,3.277777778,3.3,0.022222222,231,29.75611991,0.84284049,15.2,16.60803212,1.853333,NA,64,0.71,FORB,PERENNIAL,FORB
174,CLAYTONIA PERFOLIATA,2133,cowidrt.ca,11.5,21.66666667,10.16666667,235,NA,0.222866667,NA,52.4560081,0.1524,NA,NA,NA,FORB,BOTH,FORB
175,COLLINSIA PARVIFLORA,5021,oreac.us,0.7,0.6,-0.1,238,NA,0.3048,NA,32.3,NA,NA,NA,0.28,FORB,ANNUAL,FORB
176,COLLINSIA PARVIFLORA,4904,oreaa.us,0.5,0.5,0,238,NA,0.3048,NA,32.3,NA,NA,NA,0.28,FORB,ANNUAL,FORB
177,COMANDRA UMBELLATA,1555,cedarsav.us,9.666666667,6.666666667,-3,241,21.0594,NA,NA,18.08533756,NA,0.334821433,31.36179282,0.321385714,FORB,PERENNIAL,FORB
178,COMANDRA UMBELLATA,4420,matador.ca,5.25,3.5,-1.75,241,21.0594,NA,NA,18.08533756,NA,0.334821433,31.36179282,0.321385714,FORB,PERENNIAL,FORB
179,COMMELINA CYANEA,6336,yarradrt.au,2,2,0,243,30.634,0.1,NA,34.85,NA,0.12642,NA,0.05284,FORB,PERENNIAL,FORB
180,CONVOLVULUS ARVENSIS,3212,jenadrt.de,11.5,2,-9.5,244,27.77,0.048,12.29,17.215475,2.24,0.5298167,31.40813333,NA,FORB,PERENNIAL,FORB
181,COREOPSIS PALMATA,1558,cedarsav.us,27.5,6.666666667,-20.83333333,248,12.06502778,0.614,18.5591,18.06209157,NA,0.1,82.33333333,0.33,FORB,PERENNIAL,FORB
182,COREOPSIS PALMATA,1647,cedartrait.us,25,13,-12,248,12.06502778,0.614,18.5591,18.06209157,NA,0.1,82.33333333,0.33,FORB,PERENNIAL,FORB
183,COREOPSIS TINCTORIA,1506,cdpt_drt.us,3.5,2.25,-1.25,249,14.704,0.1905,12.73,14.36677143,NA,NA,28.59345,NA,FORB,ANNUAL,FORB
184,CREPIS BIENNIS,458,baddrt.de,4.857142857,6.5,1.642857143,256,18.28,0.183,10.22761651,19.04,0.99,0.113427835,154.7062535,0.425214286,FORB,PERENNIAL,FORB
185,CREPIS BIENNIS,3218,jenadrt.de,1.25,2,0.75,256,18.28,0.183,10.22761651,19.04,0.99,0.113427835,154.7062535,0.425214286,FORB,PERENNIAL,FORB
186,CREPIS BIENNIS,47,allmendb.ch,1.75,0.5,-1.25,256,18.28,0.183,10.22761651,19.04,0.99,0.113427835,154.7062535,0.425214286,FORB,PERENNIAL,FORB
187,CREPIS CAPILLARIS,462,baddrt.de,1.616666667,9,7.383333333,257,15.38228961,0.458333333,10.7,35.00023666,0.385,NA,138,NA,FORB,ANNUAL,FORB
188,CROTON MONANTHOGYNUS,4745,oklah.us,1.333333333,1.75,0.416666667,263,17.5,NA,NA,18.1,NA,NA,NA,NA,FORB,ANNUAL,FORB
189,CRUCIATA GLABRA,5342,pineta.es,0.5,0.5,0,265,17.002,0.194,NA,21.52069774,0.14,NA,NA,NA,FORB,PERENNIAL,FORB
190,CYMBOPOGON CAESIUS,6227,ukulingadrt.za,8.2,6.5,-1.7,272,13.857227,NA,NA,17.88,NA,NA,NA,NA,GRASS,PERENNIAL,GRASS
191,CYNODON DACTYLON,6342,yarradrt.au,51.25,47.5,-3.75,274,16.887,0.235788519,NA,16.61,0.3556,0.51,26.34,0.071,GRAMINOID,PERENNIAL,GRASS
192,CYNODON DACTYLON,5667,sclaudio.ar,2.333333333,1,-1.333333333,274,16.887,0.235788519,NA,16.61,0.3556,0.51,26.34,0.071,GRAMINOID,PERENNIAL,GRASS
193,CYNOSURUS CRISTATUS,602,bayrdrt.de,5,6.7,1.7,275,NA,0.588,8.98,25.76472222,0.22,0.705004231,331.2666667,0.165448597,GRASS,PERENNIAL,GRASS
194,CYPERUS ERAGROSTIS,1928,chilcasdrt.ar,1,0.25,-0.75,278,NA,0.9,NA,14.342367,NA,NA,NA,NA,GRAMINOID,PERENNIAL,GRAMINOID
195,DACTYLIS GLOMERATA,2142,cowidrt.ca,6.75,4.25,-2.5,283,25.72069341,0.671309259,10.15714286,26.04843708,0.3048,0.138583824,304.2076965,0.142857143,GRASS,PERENNIAL,GRASS
196,DACTYLIS GLOMERATA,5534,rhijn.nl,15.83333333,20,4.166666667,283,25.72069341,0.671309259,10.15714286,26.04843708,0.3048,0.138583824,304.2076965,0.142857143,GRASS,PERENNIAL,GRASS
197,DACTYLIS GLOMERATA,2565,elvadrt.ee,11.66666667,11.66666667,0,283,25.72069341,0.671309259,10.15714286,26.04843708,0.3048,0.138583824,304.2076965,0.142857143,GRASS,PERENNIAL,GRASS
198,DACTYLIS GLOMERATA,6305,validate.fr,18.4,29.6,11.2,283,25.72069341,0.671309259,10.15714286,26.04843708,0.3048,0.138583824,304.2076965,0.142857143,GRASS,PERENNIAL,GRASS
199,DACTYLORHIZA MACULATA,5345,pineta.es,0.5,1.125,0.625,284,22.6,0.6,NA,24.23285714,NA,NA,NA,NA,FORB,PERENNIAL,FORB
200,DALEA PURPUREA,4751,oklah.us,3,9,6,287,14.1,0.5272,13.9583,13.02080619,1.525,0.174143261,73.40507735,0.341785714,FORB,PERENNIAL,LEGUME
201,DAUCUS CAROTA,2571,elvadrt.ee,1,1,0,294,23.75644602,0.487097662,12.75277167,17.37707021,0.8266667,0.329231092,244.5257138,0.314314803,FORB,BIENNIAL,FORB
202,DESCHAMPSIA CESPITOSA,5152,paike.ar,1,1,0,297,19.38145224,0.623466667,9.504294333,15.38069921,1.23,0.170736151,364.9892355,0.206048414,GRASS,PERENNIAL,GRASS
203,DESCHAMPSIA FLEXUOSA,3127,hoide.de,8.666666667,3.666666667,-5,298,21.14852266,0.40801415,6.90123,17.19285365,0.2032,0.386033,196.6766667,0.27,GRASS,PERENNIAL,GRASS
204,DESCHAMPSIA FLEXUOSA,3146,hyide.de,1,1,0,298,21.14852266,0.40801415,6.90123,17.19285365,0.2032,0.386033,196.6766667,0.27,GRASS,PERENNIAL,GRASS
205,DESMANTHUS ILLINOENSIS,4756,oklah.us,0.5,15,14.5,301,38.8,0.9144,NA,9.88,NA,0.3048,45.09036443,0.25,FORB,PERENNIAL,LEGUME
206,DESMODIUM ILLINOENSE,5389,purdue.us,13,19.75,6.75,302,28.39,0.32,NA,11.96,NA,0.26,NA,0.2997,LEGUME,PERENNIAL,LEGUME
207,DIANTHUS SEROTINUS,3818,kiskun.hu,8,3.5,-4.5,304,NA,NA,NA,8.61,NA,NA,NA,NA,FORB,PERENNIAL,FORB
208,DICHANTHELIUM OLIGOSANTHES,777,bfl.us,10.66666667,32,21.33333333,305,12.8,0.2083,4.73,23.2764706,NA,NA,7.466,0.36,GRASS,PERENNIAL,GRASS
209,DICHANTHELIUM OLIGOSANTHES,4763,oklah.us,7,11,4,305,12.8,0.2083,4.73,23.2764706,NA,NA,7.466,0.36,GRASS,PERENNIAL,GRASS
210,DICHANTHELIUM OLIGOSANTHES,1508,cdpt_drt.us,3,0.5,-2.5,305,12.8,0.2083,4.73,23.2764706,NA,NA,7.466,0.36,GRASS,PERENNIAL,GRASS
211,DICHANTHELIUM OLIGOSANTHES,3909,konzadrt.us,2.6,2.8,0.2,305,12.8,0.2083,4.73,23.2764706,NA,NA,7.466,0.36,GRASS,PERENNIAL,GRASS
212,DICHELACHNE CRINITA,6347,yarradrt.au,1,1,0,306,NA,1.25,NA,13.22276,NA,NA,NA,0.51,GRASS,PERENNIAL,GRASS
213,DIHETEROPOGON AMPLECTENS,6230,ukulingadrt.za,3,5,2,311,7.1951461,NA,NA,15.69,NA,NA,NA,NA,GRASS,PERENNIAL,GRASS
214,DIPLOTAXIS TENUIFOLIA,4573,naposta.ar,5,5.333333333,0.333333333,316,NA,0.575,NA,22.45,NA,NA,NA,NA,FORB,BIENNIAL,FORB
215,DORYCNIUM PENTAPHYLLUM,360,ayora.es,9.2,8,-1.2,319,24.5,0.4,NA,20.8,1.17,0.56,3.83,NA,SUBSHRUB,PERENNIAL,LEGUME
216,ECHIUM VULGARE,51,allmendb.ch,0.25,0.375,0.125,325,23.6,0.716666667,NA,14.45,NA,NA,NA,0.385,FORB,PERENNIAL,FORB
217,EHRHARTA STIPOIDES,6348,yarradrt.au,10.75,61.25,50.5,326,25.541,NA,NA,21.72,NA,0.72,NA,0.043,GRASS,PERENNIAL,GRASS
218,ELYMUS ELYMOIDES,5036,oreac.us,7,5.833333333,-1.166666667,329,13.572,0.4235,10.19,13.868725,0.3048,0.387230769,48.4183,0.62,GRASS,PERENNIAL,GRASS
219,ELYMUS ELYMOIDES,4918,oreaa.us,3.75,7.7,3.95,329,13.572,0.4235,10.19,13.868725,0.3048,0.387230769,48.4183,0.62,GRASS,PERENNIAL,GRASS
220,ELYMUS ELYMOIDES,4705,octc.us,0.818374925,0.5475702,-0.270804725,329,13.572,0.4235,10.19,13.868725,0.3048,0.387230769,48.4183,0.62,GRASS,PERENNIAL,GRASS
221,ELYMUS REPENS,3227,jenadrt.de,1.75,0.5,-1.25,332,26.17661742,0.605442518,16.42030861,22.79877956,0.3556,0.220460629,91.89875611,0.258457785,GRASS,PERENNIAL,GRASS
222,ELYMUS REPENS,2731,esw.ca,1,1,0,332,26.17661742,0.605442518,16.42030861,22.79877956,0.3556,0.220460629,91.89875611,0.258457785,GRASS,PERENNIAL,GRASS
223,ELYMUS TRACHYCAULUS,3656,kernnu.ca,3.25,1.833333333,-1.416666667,335,13.85333333,0.466,8.22,11.45053,1.07,NA,62.476,NA,GRAMINOID,PERENNIAL,GRASS
224,ELYMUS TRACHYCAULUS,3537,kernb.ca,0.5,7,6.5,335,13.85333333,0.466,8.22,11.45053,1.07,NA,62.476,NA,GRAMINOID,PERENNIAL,GRASS
225,ENNEAPOGON POLYPHYLLUS,2329,credom.au,0.666666667,1,0.333333333,340,10.55,0.325,3.7,7.035333333,NA,0.44,NA,0.6,GRASS,PERENNIAL,GRASS
226,EPILOBIUM BRACHYCARPUM,4923,oreaa.us,1.5,0.9,-0.6,344,30.48666667,0.286,10.95816314,21.56584,NA,NA,81.71053333,NA,FORB,ANNUAL,FORB
227,EPILOBIUM BRACHYCARPUM,5041,oreac.us,1.5,1.5,0,344,30.48666667,0.286,10.95816314,21.56584,NA,NA,81.71053333,NA,FORB,ANNUAL,FORB
228,EPILOBIUM TETRAGONUM,471,baddrt.de,0.812,0.8,-0.012,345,NA,0.720833333,NA,15.9,NA,NA,NA,NA,FORB,PERENNIAL,FORB
229,Epipactis PALUSTRIS,5349,pineta.es,15.5,3,-12.5,346,NA,0.4375,NA,22.62,NA,NA,NA,NA,FORB,PERENNIAL,FORB
230,EQUISETUM ARVENSE,6181,teshio.jp,4,5.5,1.5,347,20.06733732,0.344317143,NA,13.18450744,0.2262,NA,NA,NA,FORB,PERENNIAL,FORB
231,EQUISETUM ARVENSE,2576,elvadrt.ee,1,1.333333333,0.333333333,347,20.06733732,0.344317143,NA,13.18450744,0.2262,NA,NA,NA,FORB,PERENNIAL,FORB
232,ERAGROSTIS DIELSII,2335,credom.au,1.25,0.5,-0.75,349,NA,0.3,NA,5.7,NA,NA,NA,NA,GRASS,ANNUAL,GRASS
233,ERAGROSTIS SETIFOLIA,5491,quilpie.au,2,2,0,351,NA,0.38,NA,7.946703097,NA,NA,NA,NA,GRASS,PERENNIAL,GRASS
234,ERIACHNE ARISTIDEA,2813,ethadb.au,4,2,-2,356,8.1,0.4625,4.5,38.9,NA,0.33,NA,0.9,GRASS,BOTH,GRASS
235,ERIGERON ANNUUS,2735,esw.ca,1,1,0,358,13.87251282,0.790891667,NA,23.37334387,1.02,0.32875817,62.7520477,0.25,FORB,ANNUAL,FORB
236,ERIGERON BONARIENSIS,1937,chilcasdrt.ar,5,1,-4,362,20.2,0.46625,NA,17.6205,NA,NA,NA,NA,FORB,ANNUAL,FORB
237,ERIGERON STRIGOSUS,4770,oklah.us,1.75,1.75,0,365,15.42,0.566,NA,24.97386549,0.254,NA,NA,NA,FORB,PERENNIAL,FORB
238,ERIGERON STRIGOSUS,3916,konzadrt.us,1,1,0,365,15.42,0.566,NA,24.97386549,0.254,NA,NA,NA,FORB,ANNUAL,FORB
239,ERIOPHORUM ANGUSTIFOLIUM,4214,lygraold.no,1,1,0,372,20.00955403,0.392104,5.5,13.32708698,0.2895,0.11,37.5,0.7875,GRAMINOID,PERENNIAL,GRAMINOID
240,ERODIUM CICUTARIUM,2964,gmmolar.us,1.928571429,3.928571429,2,379,34.47666667,0.0275,11.48,28.8428,0.5,0.43626943,71.7331,0.1243,FORB,ANNUAL,FORB
241,ERODIUM CICUTARIUM,6083,spvdrt.ar,2,1,-1,379,34.47666667,0.0275,11.48,28.8428,0.5,0.43626943,71.7331,0.1243,FORB,ANNUAL,FORB
242,ERODIUM CICUTARIUM,2928,gmgranite.us,2.142857143,6.714285714,4.571428571,379,34.47666667,0.0275,11.48,28.8428,0.5,0.43626943,71.7331,0.1243,FORB,ANNUAL,FORB
243,ESCHSCHOLZIA CALIFORNICA,5939,scruzm.us,7.29629878,4.350330267,-2.945968513,383,NA,0.405253333,NA,27.92808564,0.254,0.015053333,527.2,0.24385,FORB,PERENNIAL,FORB
244,EUPHORBIA CYPARISSIAS,55,allmendb.ch,0.25,2,1.75,388,29,0.2375,8.96,23.6,0.89,0.411,6.34,0.699,FORB,PERENNIAL,FORB
245,EUPHORBIA CYPARISSIAS,204,allmendo.ch,2.25,1.75,-0.5,388,29,0.2375,8.96,23.6,0.89,0.411,6.34,0.699,FORB,PERENNIAL,FORB
246,EUPHORBIA DENTATA,4774,oklah.us,0.5,0.5,0,389,NA,NA,NA,NA,NA,0.28,NA,0.21,FORB,ANNUAL,FORB
247,EUPHORBIA DRUMMONDII,2340,credom.au,0.5,0.5,0,390,NA,0.1276,NA,12.13032804,NA,NA,NA,NA,FORB,PERENNIAL,FORB
248,EUPHORBIA SEGUIERIANA,3820,kiskun.hu,1.2,3,1.8,396,NA,0.425,NA,18.4,1.6675,NA,NA,NA,FORB,PERENNIAL,FORB
249,EUPHRASIA MINIMA,5262,passogavia.it,0.0125,0.01,-0.0025,397,26.868,0.108,NA,17.10079827,NA,NA,NA,NA,FORB,ANNUAL,FORB
250,EUTHAMIA GRAMINIFOLIA,1566,cedarsav.us,4.333333333,4,-0.333333333,398,19.4891582,0.798,NA,12.04198841,NA,NA,NA,NA,FORB,PERENNIAL,FORB
251,EUTHAMIA GRAMINIFOLIA,5391,purdue.us,13,25,12,398,19.4891582,0.798,NA,12.04198841,NA,NA,NA,NA,FORB,PERENNIAL,FORB
252,EVOLVULUS SERICEUS,784,bfl.us,1,1.333333333,0.333333333,399,NA,0.165186473,NA,13.12723643,NA,NA,NA,NA,FORB,PERENNIAL,FORB
253,FESTUCA ARUNDINACEA,4335,marcdrt.ar,60,71.25,11.25,404,26.75,0.922297147,9.306666667,16.0977261,1.415,0.208261132,167.503371,0.383552278,GRASS,PERENNIAL,GRASS
254,FESTUCA ARUNDINACEA,5671,sclaudio.ar,68.75,78.75,10,404,26.75,0.922297147,9.306666667,16.0977261,1.415,0.208261132,167.503371,0.383552278,GRASS,PERENNIAL,GRASS
255,FESTUCA ARUNDINACEA,1941,chilcasdrt.ar,64.16666667,66.66666667,2.5,404,26.75,0.922297147,9.306666667,16.0977261,1.415,0.208261132,167.503371,0.383552278,GRASS,PERENNIAL,GRASS
256,FESTUCA HALLERI,5265,passogavia.it,0.3,2,1.7,405,13,NA,NA,9.9,0.101,NA,NA,0.31,GRASS,PERENNIAL,GRASS
257,FESTUCA IDAHOENSIS,4943,oreaa.us,7.7,9.1,1.4,407,10.3118547,0.6096,NA,42.75,0.3556,NA,NA,NA,GRASS,PERENNIAL,GRASS
258,FESTUCA IDAHOENSIS,5050,oreac.us,11.1,13.75,2.65,407,10.3118547,0.6096,NA,42.75,0.3556,NA,NA,NA,GRASS,PERENNIAL,GRASS
259,FESTUCA IDAHOENSIS,2047,cmss.us,27.5,25,-2.5,407,10.3118547,0.6096,NA,42.75,0.3556,NA,NA,NA,GRASS,PERENNIAL,GRASS
260,FESTUCA OVINA,209,allmendo.ch,5.416666667,7.083333333,1.666666667,408,16.78631631,0.414347827,7.790299962,16.83674211,0.254,0.18,180.6632143,0.02,GRASS,PERENNIAL,GRASS
261,FESTUCA OVINA,60,allmendb.ch,2.25,0.833333333,-1.416666667,408,16.78631631,0.414347827,7.790299962,16.83674211,0.254,0.18,180.6632143,0.02,GRASS,PERENNIAL,GRASS
262,FESTUCA PRATENSIS,2582,elvadrt.ee,6.666666667,7.333333333,0.666666667,409,22.6929621,0.4,9.037334647,21.47,0.233,0.091553497,289.7039134,0.217565197,GRASS,PERENNIAL,GRASS
263,FESTUCA RUBRA,2588,elvadrt.ee,3,3,0,411,19.05492673,0.452958333,7.08,20.02617821,0.3048,0.233235525,348.147287,0.12,GRASS,PERENNIAL,GRASS
264,FESTUCA RUBRA,5541,rhijn.nl,40,25,-15,411,19.05492673,0.452958333,7.08,20.02617821,0.3048,0.233235525,348.147287,0.12,GRASS,PERENNIAL,GRASS
265,FESTUCA RUBRA,5351,pineta.es,4.875,8,3.125,411,19.05492673,0.452958333,7.08,20.02617821,0.3048,0.233235525,348.147287,0.12,GRASS,PERENNIAL,GRASS
266,FESTUCA RUBRA,615,bayrdrt.de,37,14,-23,411,19.05492673,0.452958333,7.08,20.02617821,0.3048,0.233235525,348.147287,0.12,GRASS,PERENNIAL,GRASS
267,FESTUCA VAGINATA,3822,kiskun.hu,17.4,17.6,0.2,413,NA,1,NA,17.18213058,NA,NA,NA,NA,GRASS,PERENNIAL,GRASS
268,FESTUCA VIVIPARA,4120,lygraint.no,3,2,-1,414,NA,0.065,NA,11.02,NA,NA,NA,NA,GRASS,PERENNIAL,GRASS
269,FRAGARIA VESCA,5353,pineta.es,5.5,9.25,3.75,416,16.48863464,0.136111111,NA,24.4032544,0.267,0.351086957,312.2441806,0.1112,FORB,PERENNIAL,FORB
270,FRAGARIA VESCA,2594,elvadrt.ee,14,12.33333333,-1.666666667,416,16.48863464,0.136111111,NA,24.4032544,0.267,0.351086957,312.2441806,0.1112,FORB,PERENNIAL,FORB
271,FUMANA PROCUMBENS,3824,kiskun.hu,6.833333333,3.25,-3.583333333,420,16,0.15,NA,8.22,0.28,NA,NA,NA,FORB,PERENNIAL,FORB
272,GALIUM APARINE,479,baddrt.de,0.07,0.1,0.03,427,30.3875,0.765787211,17.66740825,34.58771111,0.1016,0.246153846,342.4265529,0.153183334,FORB,ANNUAL,FORB
273,GALIUM APARINE,2162,cowidrt.ca,1,1,0,427,30.3875,0.765787211,17.66740825,34.58771111,0.1016,0.246153846,342.4265529,0.153183334,FORB,ANNUAL,FORB
274,GALIUM BOREALE,3665,kernnu.ca,1,8,7,428,18.80683333,0.37,10,22.71017578,0.1524,0.315984509,172.8382766,0.1779,FORB,PERENNIAL,FORB
275,GALIUM BOREALE,3546,kernb.ca,8,0.5,-7.5,428,18.80683333,0.37,10,22.71017578,0.1524,0.315984509,172.8382766,0.1779,FORB,PERENNIAL,FORB
276,GALIUM BOREALE,1314,brookdale.ca,1.283333333,1.333333333,0.05,428,18.80683333,0.37,10,22.71017578,0.1524,0.315984509,172.8382766,0.1779,FORB,PERENNIAL,FORB
277,GALIUM LUCIDUM,375,ayora.es,1,2.5,1.5,429,26,0.375,NA,40.8,NA,NA,NA,NA,VINE,PERENNIAL,FORB
278,GALIUM MOLLUGO,5546,rhijn.nl,25.83333333,25,-0.833333333,430,29.6653889,0.57825,12.06782427,21.5515698,NA,0.105319476,406.1581499,0.264461111,FORB,ANNUAL,FORB
279,GALIUM SAXATILE,4123,lygraint.no,3,1,-2,432,25.1,0.175,NA,25.08983957,NA,NA,NA,NA,FORB,PERENNIAL,FORB
280,GALIUM VERUM,213,allmendo.ch,1.75,0.875,-0.875,433,21.6094737,0.516038889,11.75956766,17.72121934,0.7266667,0.140178711,402.3842917,0.122981034,FORB,PERENNIAL,FORB
281,GAURA COCCINEA,1511,cdpt_drt.us,2,1,-1,435,NA,NA,NA,14.93401246,0.47,NA,7.307967,0.345,FORB,PERENNIAL,FORB
282,GAURA COCCINEA,4487,mattheis.ca,4.333333333,3.5,-0.833333333,435,NA,NA,NA,14.93401246,0.47,NA,7.307967,0.345,FORB,PERENNIAL,FORB
283,GENISTA SCORPIUS,2413,ebro.es,14.58778689,5.560632001,-9.027154887,437,NA,1.5,NA,9.527159544,NA,NA,NA,NA,SHRUB,PERENNIAL,LEGUME
284,GERANIUM DISSECTUM,5943,scruzm.us,3.577370567,2.92613635,-0.651234217,438,19.13,0.151,NA,17.86,0.5,0.382010582,207.6012196,0.122766667,FORB,ANNUAL,FORB
285,GERANIUM DISSECTUM,5856,scruzl.us,20.95602862,3.799262233,-17.15676639,438,19.13,0.151,NA,17.86,0.5,0.382010582,207.6012196,0.122766667,FORB,ANNUAL,FORB
286,GERANIUM DISSECTUM,3245,jenadrt.de,9.333333333,2,-7.333333333,438,19.13,0.151,NA,17.86,0.5,0.382010582,207.6012196,0.122766667,FORB,ANNUAL,FORB
287,GERANIUM MOLLE,2166,cowidrt.ca,3,3.5,0.5,439,24,0.296666667,NA,23.20870159,0.53,0.329104478,289.9024475,0.112466667,FORB,THREE,FORB
288,GERANIUM PUSILLUM,3251,jenadrt.de,20,12.33333333,-7.666666667,440,17.47,0.151,NA,26.42,0.59,0.417391304,192.0238007,0.1212,FORB,BOTH,FORB
289,GERANIUM THUNBERGII,6184,teshio.jp,8,4.5,-3.5,441,20.22039,0.709,NA,27.52,NA,NA,NA,NA,FORB,PERENNIAL,FORB
290,GEUM CANADENSE,2742,esw.ca,1,1,0,442,NA,0.77936,NA,20.2434208,0.1016,NA,NA,NA,FORB,PERENNIAL,FORB
291,GLECHOMA HEDERACEA,3257,jenadrt.de,8,12,4,445,13.09,0.072,15.84806833,21.32,0.14,0.104315255,419.5272801,0.213838095,FORB,PERENNIAL,FORB
292,GLOBULARIA VULGARIS,69,allmendb.ch,1.75,0.375,-1.375,446,NA,0.2,NA,6.892,NA,NA,NA,NA,FORB,PERENNIAL,FORB
293,GLOBULARIA VULGARIS,217,allmendo.ch,0.583333333,1.333333333,0.75,446,NA,0.2,NA,6.892,NA,NA,NA,NA,FORB,PERENNIAL,FORB
294,GNAPHALIUM SUPINUM,5269,passogavia.it,0.053333333,0.075,0.021666667,448,22.46381487,NA,28.1,27.00300375,NA,NA,307.39,0.29,FORB,PERENNIAL,FORB
295,GOUINIA PARAGUAYENSIS,1767,cerrillos.ar,2.815,7.5,4.685,453,23.1,0.47,NA,19.71,NA,NA,NA,NA,GRASS,PERENNIAL,GRASS
296,GUTIERREZIA SAROTHRAE,5976,sevblack.us,18.25,20,1.75,457,18.68,0.23,12.4,9.393567894,0.4064,0.225,82.1343,0.2661,SHRUB,PERENNIAL,FORB
297,GYPSOPHILA REPENS,221,allmendo.ch,0.25,0.5,0.25,460,12.7,0.14,NA,15.67666667,NA,NA,NA,NA,FORB,PERENNIAL,FORB
298,HELIANTHUS ANNUUS,1512,cdpt_drt.us,0.5,0.866666667,0.366666667,472,18,NA,27.3,18.91505647,0.2032,0.086907021,191.3969043,0.945853228,FORB,ANNUAL,FORB
299,HELIANTHUS PAUCIFLORUS,1321,brookdale.ca,1.083333333,1.25,0.166666667,473,NA,0.39,NA,9.153001144,1.27,0.19,52,0.36,NULL,PERENNIAL,FORB
300,HELICTOTRICHON PRATENSE,229,allmendo.ch,1.083333333,3.75,2.666666667,478,16.4,0.816666667,NA,14.06030769,0.79,0.669747899,85.98480816,0.1543,GRASS,PERENNIAL,GRASS
301,HELICTOTRICHON PRATENSE,77,allmendb.ch,2.75,4.25,1.5,478,16.4,0.816666667,NA,14.06030769,0.79,0.669747899,85.98480816,0.1543,GRASS,PERENNIAL,GRASS
302,HELICTOTRICHON PUBESCENS,2600,elvadrt.ee,1.333333333,1.5,0.166666667,479,24.3,0.680625,7.892636683,18.69463141,0.3,0.090296815,62.86954053,0.161264502,GRASS,PERENNIAL,GRASS
303,HESPEROSTIPA COMATA,1513,cdpt_drt.us,10.16666667,15.5,5.333333333,484,12.21666667,0.224,6.55,5.904809091,1.353302,0.3762,35.19975,0.38,GRASS,PERENNIAL,GRASS
304,HESPEROSTIPA COMATA,4490,mattheis.ca,20,21,1,484,12.21666667,0.224,6.55,5.904809091,1.353302,0.3762,35.19975,0.38,GRASS,PERENNIAL,GRASS
305,HETEROTHECA SUBAXILLARIS,4786,oklah.us,0.5,0.5,0,486,NA,1.8,NA,NA,NA,NA,NA,NA,FORB,PERENNIAL,FORB
306,HETEROTHECA SUBAXILLARIS,6031,slp.us,6.333333333,6,-0.333333333,486,NA,1.8,NA,NA,NA,NA,NA,NA,FORB,PERENNIAL,FORB
307,HILARIA JAMESII,310,antelope.us,4.2125,1.975,-2.2375,492,21.68723958,0.6096,7.6,13.95707872,0.3048,NA,140.9228,0.056,GRAMINOID,PERENNIAL,GRASS
308,HILARIA JAMESII,5992,sevmixed.us,3.314285714,0.85,-2.464285714,492,21.68723958,0.6096,7.6,13.95707872,0.3048,NA,140.9228,0.056,GRAMINOID,PERENNIAL,GRASS
309,HIPPOCREPIS COMOSA,233,allmendo.ch,5.333333333,2.833333333,-2.5,493,29,0.231666667,NA,15.26545455,1.003333,NA,NA,NA,FORB,PERENNIAL,LEGUME
310,HIPPOCREPIS COMOSA,81,allmendb.ch,12.5,10.41666667,-2.083333333,493,29,0.231666667,NA,15.26545455,1.003333,NA,NA,NA,FORB,PERENNIAL,LEGUME
311,HOFFMANNSEGGIA DREPANOCARPA,5977,sevblack.us,0.5,0.5,0,494,NA,NA,NA,16.00833991,NA,NA,12.54713,0.286,LEGUME,PERENNIAL,LEGUME
312,HOLCUS LANATUS,5753,scruzh.us,13.7898687,14.5281933,0.7383246,496,24.56210683,0.554013615,9.716666667,33.50183772,0.1016,0.210999112,311.996707,0.116666667,GRASS,PERENNIAL,GRASS
313,HOLCUS LANATUS,5551,rhijn.nl,8.4,6.666666667,-1.733333333,496,24.56210683,0.554013615,9.716666667,33.50183772,0.1016,0.210999112,311.996707,0.116666667,GRASS,PERENNIAL,GRASS
314,HOLOSTEUM UMBELLATUM,3827,kiskun.hu,0.702,0.04,-0.662,497,NA,0.161666667,NA,35.26333333,0.24,NA,NA,NA,FORB,ANNUAL,FORB
315,HOLOSTEUM UMBELLATUM,2747,esw.ca,1,1,0,497,NA,0.161666667,NA,35.26333333,0.24,NA,NA,NA,FORB,ANNUAL,FORB
316,HORDEUM PUSILLUM,4342,marcdrt.ar,1.5,1,-0.5,499,NA,0.36576,NA,32.4,0.2032,0.278984039,157.1579379,0.1830875,GRASS,ANNUAL,GRASS
317,HYALOSPERMA DEMISSUM,3392,jilpanger.au,0.7,0.5,-0.2,500,NA,0.03518491,NA,38.104966,NA,NA,NA,NA,FORB,ANNUAL,FORB
318,HYDROCOTYLE BONARIENSIS,4346,marcdrt.ar,1.5,2.333333333,0.833333333,501,NA,NA,NA,27.35005333,NA,NA,NA,NA,FORB,PERENNIAL,FORB
319,HYDROCOTYLE FOVEOLATA,3394,jilpanger.au,0.5,0.5,0,502,NA,0.13,NA,40.950606,NA,NA,NA,NA,FORB,ANNUAL,FORB
320,HYPOCHAERIS GLABRA,3398,jilpanger.au,0.5,0.5,0,509,NA,0.301666667,NA,40.145,NA,NA,NA,NA,FORB,ANNUAL,FORB
321,HYPOCHAERIS RADICATA,6358,yarradrt.au,1,1,0,511,17.75,0.3505,5.956457605,28.74506187,0.108,0.14089564,151.7703194,0.261638779,FORB,PERENNIAL,FORB
322,HYPOCHAERIS RADICATA,487,baddrt.de,0.2,1,0.8,511,17.75,0.3505,5.956457605,28.74506187,0.108,0.14089564,151.7703194,0.261638779,FORB,PERENNIAL,FORB
323,HYPOCHAERIS RADICATA,6112,spvdrt.ar,2.666666667,3,0.333333333,511,17.75,0.3505,5.956457605,28.74506187,0.108,0.14089564,151.7703194,0.261638779,FORB,PERENNIAL,FORB
324,HYPOCHAERIS RADICATA,632,bayrdrt.de,0.1,3,2.9,511,17.75,0.3505,5.956457605,28.74506187,0.108,0.14089564,151.7703194,0.261638779,FORB,PERENNIAL,FORB
325,HYPOCHAERIS RADICATA,2881,falls.au,0.9,0.833333333,-0.066666667,511,17.75,0.3505,5.956457605,28.74506187,0.108,0.14089564,151.7703194,0.261638779,FORB,PERENNIAL,FORB
326,HYPOLAENA FASTIGIATA,3400,jilpanger.au,0.5,0.5,0,512,5.5,0.5625,NA,2.094693,0.25,NA,2.742290055,NA,GRASS,PERENNIAL,FORB
327,ISOETOPSIS GRAMINIFOLIA,2346,credom.au,0.5,0.5,0,517,NA,0.045,NA,14.44850259,NA,NA,NA,NA,FORB,ANNUAL,FORB
328,JUNCUS EFFUSUS,6187,teshio.jp,3,8,5,523,12.64837681,1.1116225,9.325765248,8.991914828,0.6096,0.202890258,42.24025782,0.56575,GRAMINOID,PERENNIAL,GRAMINOID
329,KOELERIA MACRANTHA,3067,hard.us,5.5,5.5,0,532,14.632,0.117368421,8.54,10.603875,0.508,0.43423927,61.632225,0.231432767,GRAMINOID,PERENNIAL,GRASS
330,KOELERIA MACRANTHA,4433,matador.ca,1.833333333,2.5,0.666666667,532,14.632,0.117368421,8.54,10.603875,0.508,0.43423927,61.632225,0.231432767,GRAMINOID,PERENNIAL,GRASS
331,KOELERIA MACRANTHA,4495,mattheis.ca,23.75,10,-13.75,532,14.632,0.117368421,8.54,10.603875,0.508,0.43423927,61.632225,0.231432767,GRAMINOID,PERENNIAL,GRASS
332,KOELERIA MACRANTHA,884,biddulph.ca,0.75,1,0.25,532,14.632,0.117368421,8.54,10.603875,0.508,0.43423927,61.632225,0.231432767,GRAMINOID,PERENNIAL,GRASS
333,KOELERIA MACRANTHA,1515,cdpt_drt.us,10,12,2,532,14.632,0.117368421,8.54,10.603875,0.508,0.43423927,61.632225,0.231432767,GRAMINOID,PERENNIAL,GRASS
334,KOELERIA MACRANTHA,3921,konzadrt.us,6,8.6,2.6,532,14.632,0.117368421,8.54,10.603875,0.508,0.43423927,61.632225,0.231432767,GRAMINOID,PERENNIAL,GRASS
335,KOELERIA MICRATHERA,1658,cedartrait.us,5,4,-1,533,NA,NA,NA,14.02,NA,NA,NA,NA,GRASS,PERENNIAL,GRASS
336,LACTUCA SERRIOLA,4580,naposta.ar,5,3,-2,538,32,0.9375,NA,21.4302,0.825,0.2572538,193.07,0.61,FORB,BIENNIAL,FORB
337,LACTUCA TATARICA,3557,kernb.ca,2,1.25,-0.75,539,22.6,0.625,NA,18.07666667,2.4,0.213227444,77.19169246,NA,FORB,PERENNIAL,FORB
338,LATHYRUS PRATENSIS,2611,elvadrt.ee,20,5,-15,547,39.68831026,0.475733333,25.11541,24.99129113,1.18,0.141833333,63.29727228,0.4965,LEGUME,PERENNIAL,LEGUME
339,LATHYRUS VENOSUS,1575,cedarsav.us,5,4.5,-0.5,549,30.13845455,0.3533,NA,18.46365493,NA,0.194444444,46.82957143,0.3725,LEGUME,PERENNIAL,LEGUME
340,LEERSIA HEXANDRA,1953,chilcasdrt.ar,1,0.625,-0.375,553,17.321052,1.5,NA,26,NA,NA,NA,NA,GRASS,PERENNIAL,GRASS
341,LEONTODON HISPIDUS,2617,elvadrt.ee,6.333333333,4,-2.333333333,554,23.92644618,0.371,11.53789754,27.0408515,0.3,0.134462153,204.9072943,0.273284146,FORB,PERENNIAL,FORB
342,LEPIDOSPERMA CARPHOIDES,3406,jilpanger.au,5,0.5,-4.5,557,5.7,0.5,NA,2.685549,0.28,NA,NA,NA,GRAMINOID,PERENNIAL,GRAMINOID
343,LEPIDOSPERMA CONGESTUM,3408,jilpanger.au,0.5,0.5,0,558,NA,0.5,NA,2.737,NA,NA,NA,NA,GRAMINOID,PERENNIAL,GRAMINOID
344,LESPEDEZA CAPITATA,1662,cedartrait.us,2.333333333,2.75,0.416666667,560,19.09948702,0.842,31.172408,12.45020289,0.4572,0.228401178,79.00332954,0.333275,FORB,PERENNIAL,LEGUME
345,LEUCANTHEMOPSIS ALPINA,5279,passogavia.it,0.844,0.46,-0.384,564,26,0.035,NA,15.775,0.126,NA,NA,0.83,FORB,PERENNIAL,FORB
346,LEUCANTHEMUM VULGARE,5566,rhijn.nl,1,1,0,565,30.26796208,0.53192,9.640667198,17.80983272,0.2032,0.178238532,205.5962002,0.23427,FORB,PERENNIAL,FORB
347,LEUCANTHEMUM VULGARE,89,allmendb.ch,1.375,1.5,0.125,565,30.26796208,0.53192,9.640667198,17.80983272,0.2032,0.178238532,205.5962002,0.23427,FORB,PERENNIAL,FORB
348,LIATRIS ASPERA,1666,cedartrait.us,8.428571429,11.8,3.371428571,569,12.33641253,0.68,20.498833,17.00092904,NA,0.135313282,193.6403191,0.335858333,FORB,PERENNIAL,FORB
349,LIATRIS PUNCTATA,1517,cdpt_drt.us,0.5,1,0.5,572,16.817,0.6096,NA,9.8333502,0.3556,0.16753096,118.8077502,0.3044,FORB,PERENNIAL,FORB
350,LIATRIS PUNCTATA,811,bfl.us,13.66666667,11.5,-2.166666667,572,16.817,0.6096,NA,9.8333502,0.3556,0.16753096,118.8077502,0.3044,FORB,PERENNIAL,FORB
351,LIATRIS SQUARROSA,4798,oklah.us,0.5,1.75,1.25,573,22.06384,0.4548,NA,16.33650548,0.67,NA,NA,NA,FORB,PERENNIAL,FORB
352,LIGUSTICUM MUTELLINA,5283,passogavia.it,12,46,34,574,21.8,0.28,NA,24.9616,0.68,NA,NA,NA,FORB,PERENNIAL,FORB
353,LINUM CATHARTICUM,93,allmendb.ch,2.5,2.083333333,-0.416666667,577,20.2751018,0.184833333,NA,29.89038332,0.18,0.3081,160,1.190476,FORB,ANNUAL,FORB
354,LINUM CATHARTICUM,2629,elvadrt.ee,1,1.5,0.5,577,20.2751018,0.184833333,NA,29.89038332,0.18,0.3081,160,1.190476,FORB,ANNUAL,FORB
355,LINUM CATHARTICUM,239,allmendo.ch,2.083333333,1.666666667,-0.416666667,577,20.2751018,0.184833333,NA,29.89038332,0.18,0.3081,160,1.190476,FORB,ANNUAL,FORB
356,LITHOSPERMUM CANESCENS,1336,brookdale.ca,1,1.666666667,0.666666667,585,18.9752,0.282,NA,14.43083537,NA,NA,NA,NA,FORB,PERENNIAL,FORB
357,LITHOSPERMUM CANESCENS,1580,cedarsav.us,3,4.333333333,1.333333333,585,18.9752,0.282,NA,14.43083537,NA,NA,NA,NA,FORB,PERENNIAL,FORB
358,LITHOSPERMUM INCISUM,1519,cdpt_drt.us,2.75,2.166666667,-0.583333333,586,26.9,0.2176,NA,12.77,NA,NA,NA,NA,FORB,PERENNIAL,FORB
359,LITHOSPERMUM INCISUM,4499,mattheis.ca,5.5,10,4.5,586,26.9,0.2176,NA,12.77,NA,NA,NA,NA,FORB,PERENNIAL,FORB
360,LOLIUM PERENNE,3273,jenadrt.de,36.66666667,47.33333333,10.66666667,589,19.23,0.429,9.7,18.31,0.254,0.104845371,220.8471095,0.1,GRASS,PERENNIAL,GRASS
361,LOLIUM PERENNE,6311,validate.fr,15.8,7.02,-8.78,589,19.23,0.429,9.7,18.31,0.254,0.104845371,220.8471095,0.1,GRASS,PERENNIAL,GRASS
362,LOLIUM PERENNE,5873,scruzl.us,8.358448867,3.0194805,-5.338968367,589,19.23,0.429,9.7,18.31,0.254,0.104845371,220.8471095,0.1,GRASS,ANNUAL,GRASS
363,LOLIUM PERENNE,5948,scruzm.us,3.6458333,1.8181818,-1.8276515,589,19.23,0.429,9.7,18.31,0.254,0.104845371,220.8471095,0.1,GRASS,ANNUAL,GRASS
364,LOMANDRA NANA,3414,jilpanger.au,0.5,0.666666667,0.166666667,591,NA,0.17,NA,5.237313,NA,NA,NA,NA,FORB,PERENNIAL,FORB
365,LOTUS CORNICULATUS,97,allmendb.ch,0.916666667,1.333333333,0.416666667,594,32.37274407,0.357339206,21.21401,21.71513633,0.3556,0.12871093,104.3277979,0.351194598,FORB,PERENNIAL,LEGUME
366,LOTUS CORNICULATUS,6364,yarradrt.au,2,1,-1,594,32.37274407,0.357339206,21.21401,21.71513633,0.3556,0.12871093,104.3277979,0.351194598,FORB,PERENNIAL,LEGUME
367,LOTUS CORNICULATUS,243,allmendo.ch,0.625,0.375,-0.25,594,32.37274407,0.357339206,21.21401,21.71513633,0.3556,0.12871093,104.3277979,0.351194598,FORB,PERENNIAL,LEGUME
368,LOTUS GLABER,1958,chilcasdrt.ar,2.583333333,3,0.416666667,595,NA,0.75,NA,25.91,NA,NA,NA,0.71,LEGUME,PERENNIAL,LEGUME
369,LUZULA CAMPESTRIS,655,bayrdrt.de,0.1,2,1.9,599,NA,0.205,NA,23.94844812,0.21,0.333333333,551.1830025,0.145733333,GRASS,PERENNIAL,GRAMINOID
370,LUZULA MULTIFLORA,2635,elvadrt.ee,2,3,1,601,25.54618746,0.2110425,5.237476541,25.53913437,NA,NA,132.06,NA,GRASS,PERENNIAL,GRAMINOID
371,LYSIMACHIA EUROPAEA,4141,lygraint.no,2,1,-1,607,32.8,0.09,NA,51,NA,NA,NA,NA,FORB,PERENNIAL,FORB
372,MACHAERANTHERA PINNATIFIDA,1521,cdpt_drt.us,0.3,0.1,-0.2,610,NA,NA,NA,14.18259087,1.335,NA,9.58714,0.248,FORB,PERENNIAL,FORB
373,MACHAERANTHERA PINNATIFIDA,5993,sevmixed.us,0.5,0.5,0,610,NA,NA,NA,14.18259087,1.335,NA,9.58714,0.248,FORB,PERENNIAL,FORB
374,MEDICAGO LUPULINA,2641,elvadrt.ee,7.333333333,3,-4.333333333,617,32.94,0.112,26.12778969,21.96,0.3048,0.105696982,180.1564169,0.281707971,FORB,BIENNIAL,LEGUME
375,MEDICAGO LUPULINA,101,allmendb.ch,1,0.25,-0.75,617,32.94,0.112,26.12778969,21.96,0.3048,0.105696982,180.1564169,0.281707971,FORB,BIENNIAL,LEGUME
376,MEDICAGO LUPULINA,3279,jenadrt.de,0.666666667,0.5,-0.166666667,617,32.94,0.112,26.12778969,21.96,0.3048,0.105696982,180.1564169,0.281707971,FORB,BIENNIAL,LEGUME
377,MEDICAGO LUPULINA,2753,esw.ca,2,1.5,-0.5,617,32.94,0.112,26.12778969,21.96,0.3048,0.105696982,180.1564169,0.281707971,FORB,BIENNIAL,LEGUME
378,MEDICAGO MINIMA,2359,credom.au,5.75,2,-3.75,618,36.2,0.1701,NA,24.66638889,0.22,0.0815,211.5066667,0.3834,LEGUME,ANNUAL,LEGUME
379,MEDICAGO MINIMA,3830,kiskun.hu,0.1,0.01,-0.09,618,36.2,0.1701,NA,24.66638889,0.22,0.0815,211.5066667,0.3834,LEGUME,ANNUAL,LEGUME
380,MICROSERIS SCAPIGERA,3416,jilpanger.au,0.5,0.5,0,625,NA,0.36,NA,35.23,NA,NA,NA,NA,FORB,PERENNIAL,FORB
381,MILLOTIA TENUIFOLIA,3420,jilpanger.au,0.666666667,0.5,-0.166666667,628,NA,0.12,NA,36.253385,NA,NA,NA,NA,FORB,ANNUAL,FORB
382,MINUARTIA GLOMERATA,3832,kiskun.hu,0.2,0.07,-0.13,630,NA,NA,NA,11.1936,NA,NA,NA,NA,FORB,ANNUAL,FORB
383,MOLINIA CAERULEA,4144,lygraint.no,1,6,5,631,19.7245873,0.699125,8.366751778,17.87260174,0.8,NA,56.8752851,0.269333333,GRASS,PERENNIAL,GRASS
384,MOLINIA CAERULEA,4240,lygraold.no,8,1.5,-6.5,631,19.7245873,0.699125,8.366751778,17.87260174,0.8,NA,56.8752851,0.269333333,GRASS,PERENNIAL,GRASS
385,MONARDA FISTULOSA,1674,cedartrait.us,2,8,6,632,11.29051118,0.662,17.87547,26.21085308,0.1016,0.27,93.37285277,0.28925,FORB,PERENNIAL,FORB
386,MUHLENBERGIA ARENICOLA,5979,sevblack.us,1,1,0,637,NA,NA,NA,14.31621017,NA,NA,139.5016,0.034,GRASS,PERENNIAL,GRASS
387,NASSELLA NEESIANA,4584,naposta.ar,50,36.66666667,-13.33333333,647,14.2304221,0.8,NA,16,NA,NA,NA,NA,GRASS,PERENNIAL,GRASS
388,NASSELLA TRICHOTOMA,4588,naposta.ar,20,25,5,649,NA,0.7,NA,11.297312,NA,NA,NA,0.77666667,GRASS,PERENNIAL,GRASS
389,NASSELLA VIRIDULA,3678,kernnu.ca,2,1,-1,650,12.6088734,0.6096,NA,10.77,0.3556,0.517363388,54.89286067,0.23675,GRAMINOID,PERENNIAL,GRASS
390,NASSELLA VIRIDULA,4448,matador.ca,22.66666667,18.66666667,-4,650,12.6088734,0.6096,NA,10.77,0.3556,0.517363388,54.89286067,0.23675,GRAMINOID,PERENNIAL,GRASS
391,NEOTTIA OVATA,5363,pineta.es,3,1.75,-1.25,652,NA,0.32,NA,30.18571429,NA,NA,NA,NA,FORB,PERENNIAL,FORB
392,NEURACHNE ALOPECUROIDEA,3422,jilpanger.au,0.666666667,6.666666667,6,654,NA,0.5,NA,7.6793,NA,NA,NA,NA,GRASS,PERENNIAL,GRASS
393,NOTICASTRUM SERICEUM,6124,spvdrt.ar,1,4,3,656,30.175,NA,NA,36.99,NA,NA,NA,NA,FORB,PERENNIAL,FORB
394,OREOCHLOA DISTICHA,5293,passogavia.it,5.5,0.275,-5.225,661,22,0.115,NA,9.2,NA,NA,NA,NA,GRASS,PERENNIAL,GRASS
395,OXALIS DILLENII,6052,slp.us,1,2.5,1.5,666,NA,0.188478161,NA,41.82566697,NA,NA,NA,NA,FORB,PERENNIAL,FORB
396,OXALIS STRICTA,4805,oklah.us,0.5,0.5,0,668,23.5,0.4,NA,NA,NA,NA,NA,NA,FORB,PERENNIAL,FORB
397,OXALIS STRICTA,3931,konzadrt.us,1,0.4,-0.6,668,23.5,0.4,NA,NA,NA,NA,NA,NA,FORB,PERENNIAL,FORB
398,PANICUM ACUMINATUM,1588,cedarsav.us,3,4,1,671,17.50836364,0.238666667,NA,21.67056595,NA,NA,NA,NA,GRASS,PERENNIAL,GRASS
399,PANICUM CAPILLARE,3934,konzadrt.us,9,1.5,-7.5,674,17.0314031,0.43545,NA,27.43942379,0.62,0.14,218,0.1917,GRASS,ANNUAL,GRASS
400,PANICUM VIRGATUM,1681,cedartrait.us,1,4,3,681,13.38217228,0.926,7.8,29.26984617,0.075,0.32898758,120.510799,0.39,GRASS,PERENNIAL,GRASS
401,PAPPOPHORUM CAESPITOSUM,4594,naposta.ar,5,10,5,682,20.7,0.42,NA,10.705,NA,NA,NA,NA,GRASS,PERENNIAL,GRASS
402,PAPPOSTIPA SPECIOSA,6135,spvdrt.ar,1.5,1.333333333,-0.166666667,685,NA,0.6096,NA,4.202740187,0.254,NA,NA,NA,GRASS,PERENNIAL,GRASS
403,PARTHENIUM INTEGRIFOLIUM,5641,sand.us,4,5,1,686,15.3,0.7746,NA,10.84,1.8,NA,NA,NA,FORB,PERENNIAL,FORB
404,PASCOPYRUM SMITHII,4453,matador.ca,3.666666667,5.333333333,1.666666667,687,16.774,0.525,11.28,12.75359048,1.703333,0.206075395,21.32212,0.175766667,GRAMINOID,PERENNIAL,GRASS
405,PASCOPYRUM SMITHII,3767,kinsella.ca,21,21,0,687,16.774,0.525,11.28,12.75359048,1.703333,0.206075395,21.32212,0.175766667,GRAMINOID,PERENNIAL,GRASS
406,PASPALUM DILATATUM,1976,chilcasdrt.ar,15.875,15.625,-0.25,690,17.4533552,0.4722,8.133333333,16.30478,0.1524,0.102,18.37,NA,GRASS,PERENNIAL,GRASS
407,PASPALUM VAGINATUM,1982,chilcasdrt.ar,0.25,0.25,0,694,3.6045301,0.03048,15.6,10.41,0.1524,NA,NA,NA,GRASS,PERENNIAL,GRASS
408,PELARGONIUM RODNEYANUM,3424,jilpanger.au,0.5,1,0.5,702,NA,0.4,NA,16.370301,NA,NA,NA,NA,FORB,PERENNIAL,FORB
409,PERSICARIA VIVIPARA,5297,passogavia.it,1.05,0.1,-0.95,709,21.5,0.283,NA,22,NA,NA,NA,NA,FORB,PERENNIAL,FORB
410,PHALARIS ARUNDINACEA,6189,teshio.jp,25,12.5,-12.5,712,27.64461715,1.564054762,NA,21.45431499,0.3556,0.181670595,159.3597052,0.252341667,GRASS,PERENNIAL,GRASS
411,PHLEUM PRATENSE,660,bayrdrt.de,5,7.666666667,2.666666667,716,18.59699785,0.844195238,9.9,23.72403526,0.254,0.155576899,393.5587203,0.133333333,GRASS,PERENNIAL,GRASS
412,PHLOX HOODII,4972,oreaa.us,3.5,1.625,-1.875,717,23.27,0.02825,NA,13.95070877,0.54,0.180454545,107.0545926,0.2647,FORB,PERENNIAL,FORB
413,PHRAGMITES AUSTRALIS,6191,teshio.jp,65,37.5,-27.5,719,25.29984195,NA,13.1,13.81737428,0.508,0.126872908,322.7959115,0.18602,GRASS,PERENNIAL,GRASS
414,PHYTEUMA HEMISPHAERICUM,5305,passogavia.it,2.4,2.3,-0.1,725,27,0.1,NA,19.5,NA,NA,NA,NA,FORB,PERENNIAL,FORB
415,PICRIS HIERACIOIDES,503,baddrt.de,63,48,-15,727,24.11,0.157,12.13,18.58,1.23,0.0725,193.765,0.45557832,FORB,PERENNIAL,FORB
416,PICRIS HIERACIOIDES,3290,jenadrt.de,4.5,2.166666667,-2.333333333,727,24.11,0.157,12.13,18.58,1.23,0.0725,193.765,0.45557832,FORB,PERENNIAL,FORB
417,PILOSELLA PILOSELLOIDES,666,bayrdrt.de,1.5,25.05,23.55,729,NA,0.455,NA,27.17333333,NA,0.187679414,13.38170314,NA,FORB,PERENNIAL,FORB
418,PIMPINELLA SAXIFRAGA,249,allmendo.ch,2.333333333,2.166666667,-0.166666667,732,21.22166667,0.445,3.322678571,21.46439541,NA,0.315348446,149.6596103,0.228622222,FORB,PERENNIAL,FORB
419,PIMPINELLA SAXIFRAGA,104,allmendb.ch,2.5,2.416666667,-0.083333333,732,21.22166667,0.445,3.322678571,21.46439541,NA,0.315348446,149.6596103,0.228622222,FORB,PERENNIAL,FORB
420,PIMPINELLA SAXIFRAGA,5367,pineta.es,1.75,0.5,-1.25,732,21.22166667,0.445,3.322678571,21.46439541,NA,0.315348446,149.6596103,0.228622222,FORB,PERENNIAL,FORB
421,PLANTAGO EURYPHYLLA,2891,falls.au,1,1,0,739,45.18531954,0.03,NA,15.9845175,NA,NA,NA,NA,FORB,PERENNIAL,FORB
422,PLANTAGO LANCEOLATA,5576,rhijn.nl,5.833333333,4,-1.833333333,740,25.695,0.320146825,23.59846931,23.55,0.57,0.138912722,225.0999155,0.228368317,FORB,PERENNIAL,FORB
423,PLANTAGO LANCEOLATA,108,allmendb.ch,0.25,1,0.75,740,25.695,0.320146825,23.59846931,23.55,0.57,0.138912722,225.0999155,0.228368317,FORB,PERENNIAL,FORB
424,PLANTAGO LANCEOLATA,5784,scruzh.us,11.96570875,22.2222222,10.25651345,740,25.695,0.320146825,23.59846931,23.55,0.57,0.138912722,225.0999155,0.228368317,FORB,PERENNIAL,FORB
425,PLANTAGO LANCEOLATA,253,allmendo.ch,0.75,0.75,0,740,25.695,0.320146825,23.59846931,23.55,0.57,0.138912722,225.0999155,0.228368317,FORB,PERENNIAL,FORB
426,PLANTAGO LANCEOLATA,507,baddrt.de,0.05,0.3,0.25,740,25.695,0.320146825,23.59846931,23.55,0.57,0.138912722,225.0999155,0.228368317,FORB,PERENNIAL,FORB
427,PLANTAGO PATAGONICA,1446,capmcd.us,0.75,4,3.25,744,16.75319,0.1524,NA,7.068,0.1524,0.406666667,171.778132,0.173233333,FORB,ANNUAL,FORB
428,PLANTAGO PATAGONICA,1488,capwhite.us,1.5,1,-0.5,744,16.75319,0.1524,NA,7.068,0.1524,0.406666667,171.778132,0.173233333,FORB,ANNUAL,FORB
429,PLANTAGO PATAGONICA,4811,oklah.us,0.5,0.5,0,744,16.75319,0.1524,NA,7.068,0.1524,0.406666667,171.778132,0.173233333,FORB,ANNUAL,FORB
430,PLANTAGO PATAGONICA,6143,spvdrt.ar,2,1,-1,744,16.75319,0.1524,NA,7.068,0.1524,0.406666667,171.778132,0.173233333,FORB,ANNUAL,FORB
431,PLANTAGO PATAGONICA,4683,nplatte.us,2,2,0,744,16.75319,0.1524,NA,7.068,0.1524,0.406666667,171.778132,0.173233333,FORB,ANNUAL,FORB
432,PLANTAGO RHODOSPERMA,824,bfl.us,1,1,0,745,NA,NA,NA,17.37,NA,NA,NA,NA,FORB,ANNUAL,FORB
433,POA ALPINA,5309,passogavia.it,2,3.16,1.16,748,13,0.298831111,16.9,21.51150438,0.254,NA,292.2,0.26,GRASS,PERENNIAL,GRASS
434,POA ANGUSTIFOLIA,2649,elvadrt.ee,1,1.5,0.5,749,12.95,0.48,5.764,20.11666667,NA,0.316453559,NA,0.113446154,GRASS,PERENNIAL,GRASS
435,POA COMPRESSA,2757,esw.ca,5.5,3,-2.5,751,13.678,0.2491,8.04,20.91883636,0.254,NA,54.78896667,0.53,GRASS,PERENNIAL,GRASS
436,POA HIEMATA,2893,falls.au,45.83333333,41.66666667,-4.166666667,753,13.7803809,0.6,NA,3.35531,NA,NA,NA,NA,GRASS,PERENNIAL,GRASS
437,POA LANIGERA,4379,marcdrt.ar,10,2.75,-7.25,755,NA,NA,NA,24,NA,NA,NA,NA,GRASS,PERENNIAL,GRASS
438,POA LIGULARIS,1846,chacra.ar,5,1,-4,756,22.4,1.2,10.4,6.944926731,0.7,NA,NA,NA,GRASS,PERENNIAL,GRASS
439,POA PRATENSIS,3570,kernb.ca,22.66666667,18.33333333,-4.333333333,757,14.974,0.291,9.46,24.13531364,0.254,0.107208566,49.82696,0.196318683,GRASS,PERENNIAL,GRASS
440,POA PRATENSIS,1693,cedartrait.us,4.125,2.6,-1.525,757,14.974,0.291,9.46,24.13531364,0.254,0.107208566,49.82696,0.196318683,GRASS,PERENNIAL,GRASS
441,POA PRATENSIS,3685,kernnu.ca,10,5,-5,757,14.974,0.291,9.46,24.13531364,0.254,0.107208566,49.82696,0.196318683,GRASS,PERENNIAL,GRASS
442,POA PRATENSIS,3772,kinsella.ca,63,52,-11,757,14.974,0.291,9.46,24.13531364,0.254,0.107208566,49.82696,0.196318683,GRASS,PERENNIAL,GRASS
443,POA PRATENSIS,1342,brookdale.ca,6.55,6.25,-0.3,757,14.974,0.291,9.46,24.13531364,0.254,0.107208566,49.82696,0.196318683,GRASS,PERENNIAL,GRASS
444,POA PRATENSIS,1595,cedarsav.us,5.4,5.6,0.2,757,14.974,0.291,9.46,24.13531364,0.254,0.107208566,49.82696,0.196318683,GRASS,PERENNIAL,GRASS
445,POA PRATENSIS,3296,jenadrt.de,15,9,-6,757,14.974,0.291,9.46,24.13531364,0.254,0.107208566,49.82696,0.196318683,GRASS,PERENNIAL,GRASS
446,POA PRATENSIS,675,bayrdrt.de,8.333333333,6.6,-1.733333333,757,14.974,0.291,9.46,24.13531364,0.254,0.107208566,49.82696,0.196318683,GRASS,PERENNIAL,GRASS
447,POA PRATENSIS,2195,cowidrt.ca,3.8,2.8,-1,757,14.974,0.291,9.46,24.13531364,0.254,0.107208566,49.82696,0.196318683,GRASS,PERENNIAL,GRASS
448,POA PRATENSIS,6317,validate.fr,21.8,13.8,-8,757,14.974,0.291,9.46,24.13531364,0.254,0.107208566,49.82696,0.196318683,GRASS,PERENNIAL,GRASS
449,POA SECUNDA,4707,octc.us,16.50442414,14.82465954,-1.6797646,758,16.12,0.42672,14.54,11.51,0.254,NA,197.6,NA,GRASS,PERENNIAL,GRASS
450,POA SECUNDA,4687,nplatte.us,2,2,0,758,16.12,0.42672,14.54,11.51,0.254,NA,197.6,NA,GRASS,PERENNIAL,GRASS
451,POA SECUNDA,5067,oreac.us,3.5,3.5,0,758,16.12,0.42672,14.54,11.51,0.254,NA,197.6,NA,GRASS,PERENNIAL,GRASS
452,POA TRIVIALIS,513,baddrt.de,1.403333333,0.01,-1.393333333,760,34.02187304,0.640983219,31.34075583,38.18960088,0.3048,0.080269491,NA,0.173758288,GRASS,PERENNIAL,GRASS
453,POA TRIVIALIS,3302,jenadrt.de,1.25,2,0.75,760,34.02187304,0.640983219,31.34075583,38.18960088,0.3048,0.080269491,NA,0.173758288,GRASS,PERENNIAL,GRASS
454,POLYGALA VULGARIS,257,allmendo.ch,0.375,0.5,0.125,767,NA,0.172916667,NA,19.02952398,0.5,0.2661556,396.667,0.7826128,FORB,PERENNIAL,FORB
455,POLYGALA VULGARIS,112,allmendb.ch,2,1.416666667,-0.583333333,767,NA,0.172916667,NA,19.02952398,0.5,0.2661556,396.667,0.7826128,FORB,PERENNIAL,FORB
456,POLYGONUM ARENARIUM,3837,kiskun.hu,0.124,0.028,-0.096,768,NA,NA,NA,16.81,NA,NA,NA,NA,FORB,ANNUAL,FORB
457,POTENTILLA ANSERINA,2655,elvadrt.ee,1,1,0,775,26.20897891,0.277222222,NA,17.47534074,0.43,0.63425,148.75,0.6572,FORB,PERENNIAL,FORB
458,POTENTILLA ERECTA,4159,lygraint.no,2.666666667,2.333333333,-0.333333333,777,25.74581524,0.203633333,9.89,22.4188617,0.55,0.3627833,230,0.88602,FORB,PERENNIAL,FORB
459,POTENTILLA ERECTA,5370,pineta.es,3,3,0,777,25.74581524,0.203633333,9.89,22.4188617,0.55,0.3627833,230,0.88602,FORB,PERENNIAL,FORB
460,POTENTILLA ERECTA,4255,lygraold.no,3,3,0,777,25.74581524,0.203633333,9.89,22.4188617,0.55,0.3627833,230,0.88602,FORB,PERENNIAL,FORB
461,POTENTILLA GRANDIFLORA,259,allmendo.ch,5.25,3.25,-2,778,NA,NA,NA,39.1,NA,NA,NA,NA,FORB,PERENNIAL,FORB
462,POTENTILLA GRANDIFLORA,116,allmendb.ch,0.916666667,0.666666667,-0.25,778,NA,NA,NA,39.1,NA,NA,NA,NA,FORB,PERENNIAL,FORB
463,POTENTILLA REPTANS,5585,rhijn.nl,8,22.5,14.5,779,24.6133503,0.274083333,NA,23.567332,NA,NA,NA,NA,FORB,PERENNIAL,FORB
464,PRIMULA GLUTINOSA,5317,passogavia.it,0.98,0.75,-0.23,781,27,NA,NA,13.58757528,0.2515,NA,NA,NA,FORB,PERENNIAL,FORB
465,PRUNELLA VULGARIS,263,allmendo.ch,7.916666667,4.166666667,-3.75,786,16.811555,0.250255556,5.87871,22.91466839,0.254,0.105496279,223.0600732,0.294300536,FORB,PERENNIAL,FORB
466,PRUNELLA VULGARIS,5590,rhijn.nl,1.5,2,0.5,786,16.811555,0.250255556,5.87871,22.91466839,0.254,0.105496279,223.0600732,0.294300536,FORB,PERENNIAL,FORB
467,PRUNELLA VULGARIS,120,allmendb.ch,17.83333333,14.08333333,-3.75,786,16.811555,0.250255556,5.87871,22.91466839,0.254,0.105496279,223.0600732,0.294300536,FORB,PERENNIAL,FORB
468,PSEUDOROEGNERIA SPICATA,3089,hard.us,9,1,-8,789,NA,0.267,NA,23.893,NA,0.153771092,103.8213416,0.237714286,GRASS,PERENNIAL,GRASS
469,PSORALIDIUM TENUIFLORUM,3939,konzadrt.us,10.02,14.8,4.78,792,24.275,0.056,NA,16.82,NA,0.43,NA,0.67,FORB,PERENNIAL,LEGUME
470,PSORALIDIUM TENUIFLORUM,1526,cdpt_drt.us,1.666666667,6.366666667,4.7,792,24.275,0.056,NA,16.82,NA,0.43,NA,0.67,FORB,PERENNIAL,LEGUME
471,PTERIDIUM AQUILINUM,5646,sand.us,21.33333333,4.5,-16.83333333,793,21.68333333,NA,9.852689835,16.98656271,0.254,0.184848485,53.87484386,0.2511,FERN,PERENNIAL,FORB
472,QUINETIA URVILLEI,3429,jilpanger.au,0.5,0.5,0,810,NA,0.2,NA,28.711511,NA,NA,NA,NA,FORB,ANNUAL,FORB
473,RANUNCULUS ACRIS,687,bayrdrt.de,3.8,3,-0.8,811,24.40250649,0.455420833,11.25,22.35741937,0.44,0.121892828,139.8527763,0.35099,FORB,PERENNIAL,FORB
474,RANUNCULUS ACRIS,5593,rhijn.nl,3,3,0,811,24.40250649,0.455420833,11.25,22.35741937,0.44,0.121892828,139.8527763,0.35099,FORB,PERENNIAL,FORB
475,RANUNCULUS ACRIS,2661,elvadrt.ee,2,2,0,811,24.40250649,0.455420833,11.25,22.35741937,0.44,0.121892828,139.8527763,0.35099,FORB,PERENNIAL,FORB
476,RANUNCULUS REPENS,6197,teshio.jp,7,5,-2,813,23.05293867,0.369253333,9.982096286,29.1838443,0.1524,0.133080484,217.6519817,0.412452083,FORB,PERENNIAL,FORB
477,RAPHANUS SATIVUS,5879,scruzl.us,34.96364396,61.0981501,26.13450614,816,40.5,0.715,14.825,34.60857143,1.566667,NA,NA,NA,FORB,ANNUAL,FORB
478,RAPHANUS SATIVUS,5955,scruzm.us,7.44020726,20.57703828,13.13683102,816,40.5,0.715,14.825,34.60857143,1.566667,NA,NA,NA,FORB,ANNUAL,FORB
479,RATIBIDA COLUMNIFERA,4822,oklah.us,1.75,0.5,-1.25,817,NA,0.94488,NA,22.85,0.3556,NA,56,0.66,FORB,PERENNIAL,FORB
480,RHINANTHUS MINOR,692,bayrdrt.de,0.1,2,1.9,818,34.3558401,0.395833333,NA,18.84206584,NA,NA,NA,NA,FORB,ANNUAL,FORB
481,RHINANTHUS MINOR,267,allmendo.ch,1.083333333,0.833333333,-0.25,818,34.3558401,0.395833333,NA,18.84206584,NA,NA,NA,NA,FORB,ANNUAL,FORB
482,RHINANTHUS MINOR,127,allmendb.ch,0.416666667,2,1.583333333,818,34.3558401,0.395833333,NA,18.84206584,NA,NA,NA,NA,FORB,ANNUAL,FORB
483,ROMULEA ROSEA,3432,jilpanger.au,0.5,0.5,0,824,NA,0.4,NA,10.313611,NA,NA,NA,NA,GRASS,PERENNIAL,FORB
484,RUDBECKIA HIRTA,830,bfl.us,1,1.5,0.5,831,28.33854,0.48345,21.64598,19.67108394,0.254,0.14325585,119.2626432,0.2691575,FORB,ANNUAL,FORB
485,RUDBECKIA HIRTA,6065,slp.us,4.333333333,5.5,1.166666667,831,28.33854,0.48345,21.64598,19.67108394,0.254,0.14325585,119.2626432,0.2691575,FORB,ANNUAL,FORB
486,RUELLIA HUMILIS,3944,konzadrt.us,1,2,1,833,17,0.502906667,NA,12.07550636,0.1016,0.40803047,18.40109592,0.42,FORB,PERENNIAL,FORB
487,RUMEX ACETOSA,2667,elvadrt.ee,1,1,0,834,40.4730773,0.63555,9.226533422,25.84234182,0.3155,0.252258472,161.1286432,0.240291458,FORB,PERENNIAL,FORB
488,RUMEX ACETOSA,5599,rhijn.nl,1.25,1.5,0.25,834,40.4730773,0.63555,9.226533422,25.84234182,0.3155,0.252258472,161.1286432,0.240291458,FORB,PERENNIAL,FORB
489,RUMEX ACETOSELLA,2899,falls.au,0.833333333,0.75,-0.083333333,835,34.93757406,0.235714286,18.76112,26.0517312,0.342666667,0.166783945,NA,0.262467915,FORB,PERENNIAL,FORB
490,RUMEX CRISPUS,519,baddrt.de,5,0.5,-4.5,836,28.64619072,0.846916667,3.807,NA,NA,0.330035336,154.3076856,0.17924,FORB,PERENNIAL,FORB
491,RYTIDOSPERMA CAESPITOSUM,2286,credoj.au,1.125,2.333333333,1.208333333,838,NA,0.55,NA,9.440331,0.66,NA,168.7,0.271,GRASS,PERENNIAL,GRASS
492,RYTIDOSPERMA CAESPITOSUM,2373,credom.au,0.625,0.5,-0.125,838,NA,0.55,NA,9.440331,0.66,NA,168.7,0.271,GRASS,PERENNIAL,GRASS
493,SALVIA PRATENSIS,130,allmendb.ch,1.125,3.25,2.125,844,19.3,0.520833333,NA,24.4875,2.1,0.2015038,272.308,NA,FORB,PERENNIAL,FORB
494,SALVIA PRATENSIS,271,allmendo.ch,0.5,3.875,3.375,844,19.3,0.520833333,NA,24.4875,2.1,0.2015038,272.308,NA,FORB,PERENNIAL,FORB
495,SALVIA VERBENACA,2376,credom.au,1.4,0.8,-0.6,845,NA,0.508333333,NA,11.94,NA,NA,NA,NA,FORB,ANNUAL,FORB
496,SALVIA VERBENACA,2288,credoj.au,0.6,0.5,-0.1,845,NA,0.508333333,NA,11.94,NA,NA,NA,NA,FORB,ANNUAL,FORB
497,SANGUISORBA MINOR,134,allmendb.ch,2.666666667,2.5,-0.166666667,846,19.82857143,0.340136667,13.0925861,17.81475981,0.3048,0.290931094,118.7237432,0.4611271,FORB,PERENNIAL,FORB
498,SCABIOSA COLUMBARIA,279,allmendo.ch,0.25,1.625,1.375,849,21.2,0.594444444,NA,19.16302632,0.9,0.347953216,120.2294669,0.181166667,FORB,PERENNIAL,FORB
499,SCABIOSA COLUMBARIA,138,allmendb.ch,2.583333333,1,-1.583333333,849,21.2,0.594444444,NA,19.16302632,0.9,0.347953216,120.2294669,0.181166667,FORB,PERENNIAL,FORB
500,SCHISMUS BARBATUS,2937,gmgranite.us,3.142857143,3.714285714,0.571428571,852,NA,0.25,NA,18.21,0.16,NA,81.47,NA,GRASS,ANNUAL,GRASS
501,SCHISMUS BARBATUS,6153,spvdrt.ar,2.333333333,1.333333333,-1,852,NA,0.25,NA,18.21,0.16,NA,81.47,NA,GRASS,ANNUAL,GRASS
502,SCHIZACHYRIUM SCOPARIUM,4836,oklah.us,69.16666667,54.16666667,-15,853,9.196,0.5145,8.51,16.698695,0.3048,0.403212551,75.67983333,0.2,GRASS,PERENNIAL,GRASS
503,SCHIZACHYRIUM SCOPARIUM,834,bfl.us,9,6,-3,853,9.196,0.5145,8.51,16.698695,0.3048,0.403212551,75.67983333,0.2,GRASS,PERENNIAL,GRASS
504,SCHIZACHYRIUM SCOPARIUM,1701,cedartrait.us,10.11111111,6,-4.111111111,853,9.196,0.5145,8.51,16.698695,0.3048,0.403212551,75.67983333,0.2,GRASS,PERENNIAL,GRASS
505,SCHIZACHYRIUM SCOPARIUM,5655,sand.us,14,9,-5,853,9.196,0.5145,8.51,16.698695,0.3048,0.403212551,75.67983333,0.2,GRASS,PERENNIAL,GRASS
506,SCHIZACHYRIUM SCOPARIUM,1608,cedarsav.us,20.625,17,-3.625,853,9.196,0.5145,8.51,16.698695,0.3048,0.403212551,75.67983333,0.2,GRASS,PERENNIAL,GRASS
507,SCHOENUS APOGON,3434,jilpanger.au,0.625,0.5,-0.125,854,NA,0.25,NA,10.042795,NA,NA,NA,NA,GRAMINOID,PERENNIAL,GRAMINOID
508,SCLEROLAENA DIACANTHA,5494,quilpie.au,3,3,0,857,17.13159156,0.354166667,NA,4.445479003,NA,NA,NA,NA,FORB,PERENNIAL,FORB
509,SCLEROLAENA DIACANTHA,2082,cobar.au,1,1,0,857,17.13159156,0.354166667,NA,4.445479003,NA,NA,NA,NA,FORB,PERENNIAL,FORB
510,SCLEROLAENA DIACANTHA,4539,milparinka.au,3,2,-1,857,17.13159156,0.354166667,NA,4.445479003,NA,NA,NA,NA,FORB,PERENNIAL,FORB
511,SCLEROLAENA DIACANTHA,1260,brokenh.au,1,1,0,857,17.13159156,0.354166667,NA,4.445479003,NA,NA,NA,NA,FORB,PERENNIAL,FORB
512,SCLEROLAENA ERIACANTHA,5497,quilpie.au,4,3.333333333,-0.666666667,858,NA,0.2,NA,7.535749722,NA,NA,NA,NA,FORB,PERENNIAL,FORB
513,SCORZONEROIDES AUTUMNALIS,700,bayrdrt.de,1,0.1,-0.9,861,19.34660756,0.310966667,NA,21.52466367,0.199327,0.3144167,268.333,NA,FORB,PERENNIAL,FORB
514,SECALE SYLVESTRE,3839,kiskun.hu,0.0325,0.146,0.1135,863,NA,NA,NA,13.43,NA,NA,NA,NA,GRASS,ANNUAL,GRASS
515,SENECIO MADAGASCARIENSIS,6368,yarradrt.au,2,15,13,871,37.065,0.6,NA,23.57,NA,NA,NA,NA,NULL,ANNUAL,FORB
516,SENNA BAUHINIOIDES,3467,jorndrt.us,0.2,1.25,1.05,875,NA,NA,NA,14.29802652,1.7,NA,7.894687,0.376666667,FORB,PERENNIAL,LEGUME
517,SETARIA PAMPEANA,1802,cerrillos.ar,20.00333333,3.75,-16.25333333,879,24.7,0.38,NA,19.52,NA,NA,NA,NA,GRASS,PERENNIAL,GRASS
518,SETARIA PARVIFLORA,6371,yarradrt.au,21.25,3.333333333,-17.91666667,880,17.972,0.316785714,NA,26.31,NA,0.14029,NA,0.045,NULL,PERENNIAL,GRASS
519,SIDA PETROPHILA,1262,brokenh.au,1.25,1,-0.25,884,NA,NA,NA,6.55728,NA,NA,NA,NA,FORB,PERENNIAL,FORB
520,SISYRINCHIUM BELLUM,5800,scruzh.us,1.2195122,1.8340046,0.6144924,889,NA,NA,NA,23.93793933,NA,0.101107003,118.754489,0.32952,FORB,PERENNIAL,FORB
521,SOLANUM ELAEAGNIFOLIUM,5995,sevmixed.us,0.5,0.5,0,893,NA,1,NA,11.75,1.77,NA,15.678,0.324,FORB,ANNUAL,FORB
522,SOLANUM ELLIPTICUM,1263,brokenh.au,1,1,0,894,37.0175882,0.333333333,NA,5.402244049,NA,NA,NA,NA,FORB,PERENNIAL,FORB
523,SOLDANELLA PUSILLA,5329,passogavia.it,10.08,13.6,3.52,895,NA,0.02,NA,16.8,0.11,NA,NA,NA,FORB,PERENNIAL,FORB
524,SOLIDAGO CANADENSIS,5398,purdue.us,78.75,72.5,-6.25,897,15.13338959,1.30146,NA,17.75668436,0.3048,NA,77.59504262,0.486273328,FORB,PERENNIAL,FORB
525,SOLIDAGO CANADENSIS,2762,esw.ca,50,27,-23,897,15.13338959,1.30146,NA,17.75668436,0.3048,NA,77.59504262,0.486273328,FORB,PERENNIAL,FORB
526,SOLIDAGO CANADENSIS,525,baddrt.de,0.2,0.15,-0.05,897,15.13338959,1.30146,NA,17.75668436,0.3048,NA,77.59504262,0.486273328,FORB,PERENNIAL,FORB
527,SOLIDAGO CANADENSIS,1351,brookdale.ca,2.4,2.9,0.5,897,15.13338959,1.30146,NA,17.75668436,0.3048,NA,77.59504262,0.486273328,FORB,PERENNIAL,FORB
528,SOLIDAGO MISSOURIENSIS,3778,kinsella.ca,10,5,-5,899,13.3335,0.576,10.93,10.60804205,0.2032,0.208174196,100.2127031,0.323716667,FORB,PERENNIAL,FORB
529,SOLIDAGO MISSOURIENSIS,3585,kernb.ca,0.75,1,0.25,899,13.3335,0.576,10.93,10.60804205,0.2032,0.208174196,100.2127031,0.323716667,FORB,PERENNIAL,FORB
530,SOLIDAGO NEMORALIS,1705,cedartrait.us,10,7,-3,900,15.47778333,0.57,23.31317375,13.95394921,0.3048,0.129791058,208.2087011,0.369872222,FORB,PERENNIAL,FORB
531,SOLIDAGO RIGIDA,1355,brookdale.ca,2.5,1.5,-1,901,11.83477126,0.598,8.386758333,10.23214847,0.3048,0.212780118,35.33592984,0.482373411,FORB,PERENNIAL,FORB
532,SOLIDAGO RIGIDA,1709,cedartrait.us,20,9,-11,901,11.83477126,0.598,8.386758333,10.23214847,0.3048,0.212780118,35.33592984,0.482373411,FORB,PERENNIAL,FORB
533,SONCHUS ARVENSIS,1358,brookdale.ca,1.55,1.95,0.4,904,26.4,1.1875,NA,21,0.56,0.22,40.22,NA,FORB,PERENNIAL,FORB
534,SONCHUS ARVENSIS,3696,kernnu.ca,14,7.166666667,-6.833333333,904,26.4,1.1875,NA,21,0.56,0.22,40.22,NA,FORB,PERENNIAL,FORB
535,SONCHUS ARVENSIS,3590,kernb.ca,1,1.25,0.25,904,26.4,1.1875,NA,21,0.56,0.22,40.22,NA,FORB,PERENNIAL,FORB
536,SONCHUS ARVENSIS,2767,esw.ca,3,2,-1,904,26.4,1.1875,NA,21,0.56,0.22,40.22,NA,FORB,PERENNIAL,FORB
537,SONCHUS ASPER,5886,scruzl.us,2.0408163,14.54787123,12.50705493,905,28.56,0.5875,NA,24.97389591,0.69,0.301036269,223.2180487,0.1419,FORB,ANNUAL,FORB
538,SONCHUS ASPER,528,baddrt.de,0.35,1,0.65,905,28.56,0.5875,NA,24.97389591,0.69,0.301036269,223.2180487,0.1419,FORB,ANNUAL,FORB
539,SONCHUS OLERACEUS,529,baddrt.de,0.3275,0.1,-0.2275,906,34.9,1.1328125,NA,39.67950467,0.755,NA,76.97,NA,FORB,ANNUAL,FORB
540,SORGHASTRUM NUTANS,1713,cedartrait.us,15,2,-13,908,11.00766508,1.036,12.414309,NA,0.6096,0.242752216,106.1696388,0.254561111,GRASS,PERENNIAL,GRASS
541,SORGHASTRUM NUTANS,1614,cedarsav.us,12.5,25,12.5,908,11.00766508,1.036,12.414309,NA,0.6096,0.242752216,106.1696388,0.254561111,GRASS,PERENNIAL,GRASS
542,SORGHASTRUM NUTANS,4853,oklah.us,11,15,4,908,11.00766508,1.036,12.414309,NA,0.6096,0.242752216,106.1696388,0.254561111,GRASS,PERENNIAL,GRASS
543,SORGHASTRUM NUTANS,3954,konzadrt.us,6,8.25,2.25,908,11.00766508,1.036,12.414309,NA,0.6096,0.242752216,106.1696388,0.254561111,GRASS,PERENNIAL,GRASS
544,SORGHUM HALEPENSE,5684,sclaudio.ar,10,15.25,5.25,909,22.2,1.3834,NA,17.98889051,0.254,NA,NA,NA,GRAMINOID,PERENNIAL,GRASS
545,SPHAERALCEA COCCINEA,1527,cdpt_drt.us,1,1.9,0.9,912,28.09,0.4572,NA,12.61454363,0.1524,0.312666667,65.5839699,0.3163,FORB,PERENNIAL,FORB
546,SPHAERALCEA HASTULATA,329,antelope.us,0.05,2,1.95,913,NA,NA,NA,14.04606421,NA,NA,10.52042,0.492,FORB,PERENNIAL,FORB
547,SPOROBOLUS COMPOSITUS,4860,oklah.us,6.166666667,10.16666667,4,916,8.2,0.213,NA,28.13,NA,NA,NA,0.49,GRASS,PERENNIAL,GRASS
548,SPOROBOLUS CRYPTANDRUS,1528,cdpt_drt.us,3,1.125,-1.875,917,12.97358435,0.352,27.8335825,23.90754717,0.4572,0.476,22.63833333,NA,GRASS,PERENNIAL,GRASS
549,SPOROBOLUS FLEXUOSUS,3470,jorndrt.us,1.65,12,10.35,918,NA,0.9144,NA,15.81345753,0.254,NA,NA,0.04,GRASS,PERENNIAL,GRASS
550,STEINCHISMA HIANS,6072,slp.us,1,44,43,920,NA,NA,NA,25,NA,NA,NA,NA,GRASS,PERENNIAL,GRASS
551,STEINCHISMA HIANS,1992,chilcasdrt.ar,5,3,-2,920,NA,NA,NA,25,NA,NA,NA,NA,GRASS,PERENNIAL,GRASS
552,STELLARIA GRAMINEA,6199,teshio.jp,3.666666667,4.75,1.083333333,921,29.426,0.460386667,NA,29.05086069,0.34,0.337078652,251.0337458,0.135266667,FORB,PERENNIAL,FORB
553,STELLARIA GRAMINEA,2681,elvadrt.ee,1,1,0,921,29.426,0.460386667,NA,29.05086069,0.34,0.337078652,251.0337458,0.135266667,FORB,PERENNIAL,FORB
554,STENARIA NIGRICANS,836,bfl.us,4,1,-3,922,NA,0.2,NA,15.01261282,NA,NA,NA,NA,FORB,PERENNIAL,FORB
555,STENOTAPHRUM SECUNDATUM,4393,marcdrt.ar,1.5,2,0.5,923,NA,0.27432,NA,23,0.3048,NA,NA,0.1855714,GRASS,PERENNIAL,GRASS
556,STENOTAPHRUM SECUNDATUM,1995,chilcasdrt.ar,5.125,5,-0.125,923,NA,0.27432,NA,23,0.3048,NA,NA,0.1855714,GRASS,PERENNIAL,GRASS
557,STIPA COMATA,3783,kinsella.ca,15,5.75,-9.25,924,20.1,0.9144,15.9,16.95,0.4064,0.49068467,79.18825345,0.2,GRAMINOID,PERENNIAL,GRASS
558,STIPA COMATA,912,biddulph.ca,12.5,14.5,2,924,20.1,0.9144,15.9,16.95,0.4064,0.49068467,79.18825345,0.2,GRAMINOID,PERENNIAL,GRASS
559,STIPA PENNATA,3844,kiskun.hu,8.4,6.2,-2.2,929,13.2,NA,10.1,16.05136437,NA,0.238540863,45.88074833,0.4617094,GRASS,PERENNIAL,GRASS
560,STIPA PULCHRA,5808,scruzh.us,27.69133725,8.2963652,-19.39497205,930,NA,NA,NA,21.2309966,NA,0.01859375,132.7,0.356625,FORB,PERENNIAL,GRASS
561,STIPA SPECIOSA,5241,paike.ar,21.66666667,27,5.333333333,933,12.13,0.169,7.94,15.44,0.352,NA,22.41,0.352,GRASS,PERENNIAL,GRASS
562,SYMPHYOTRICHUM ERICOIDES,3099,hard.us,2,9.333333333,7.333333333,938,12.6,0.5257,11.01821,20.14194711,0.76,0.151923077,73.83666667,0.3263,FORB,PERENNIAL,FORB
563,SYMPHYOTRICHUM ERICOIDES,3599,kernb.ca,5,2,-3,938,12.6,0.5257,11.01821,20.14194711,0.76,0.151923077,73.83666667,0.3263,FORB,PERENNIAL,FORB
564,SYMPHYOTRICHUM ERICOIDES,4463,matador.ca,1,1,0,938,12.6,0.5257,11.01821,20.14194711,0.76,0.151923077,73.83666667,0.3263,FORB,PERENNIAL,FORB
565,SYMPHYOTRICHUM ERICOIDES,1370,brookdale.ca,4,1.25,-2.75,938,12.6,0.5257,11.01821,20.14194711,0.76,0.151923077,73.83666667,0.3263,FORB,PERENNIAL,FORB
566,SYMPHYOTRICHUM ERICOIDES,4867,oklah.us,10.16666667,11,0.833333333,938,12.6,0.5257,11.01821,20.14194711,0.76,0.151923077,73.83666667,0.3263,FORB,PERENNIAL,FORB
567,SYMPHYOTRICHUM ERICOIDES,3963,konzadrt.us,36.6,35,-1.6,938,12.6,0.5257,11.01821,20.14194711,0.76,0.151923077,73.83666667,0.3263,FORB,PERENNIAL,FORB
568,SYMPHYOTRICHUM FALCATUM,3791,kinsella.ca,4.333333333,13.33333333,9,939,22.282,0.4175,8.6,14.18715,NA,0.12,79.08403333,0.31118,FORB,PERENNIAL,FORB
569,SYMPHYOTRICHUM LANCEOLATUM,2776,esw.ca,3,1,-2,941,25.1,1.8288,NA,12.754,0.2032,NA,NA,NA,FORB,PERENNIAL,FORB
570,SYMPHYOTRICHUM NOVAE-ANGLIAE,2781,esw.ca,1,1,0,942,23.5,1.022302632,NA,23.88988777,NA,0.12,52,0.46,FORB,PERENNIAL,FORB
571,SYMPHYOTRICHUM NOVAE-ANGLIAE,5402,purdue.us,16.71428571,16.66666667,-0.047619048,942,23.5,1.022302632,NA,23.88988777,NA,0.12,52,0.46,FORB,PERENNIAL,FORB
572,SYMPHYOTRICHUM PILOSUM,5404,purdue.us,7.2,7.5,0.3,946,17.8,0.861666667,NA,18.27837298,NA,NA,NA,NA,FORB,PERENNIAL,FORB
573,SYRENIA CANA,3846,kiskun.hu,0.1,0.15,0.05,948,NA,NA,NA,12.73,NA,NA,NA,NA,FORB,PERENNIAL,FORB
574,TARAXACUM CAMPYLODES,6323,validate.fr,1.96,0.925,-1.035,951,28.3472693,0.044,10.73618,30.05916441,0.1524,0.2871857,213.1,0.292,FORB,PERENNIAL,FORB
575,TARAXACUM CAMPYLODES,3319,jenadrt.de,20.66666667,11.33333333,-9.333333333,951,28.3472693,0.044,10.73618,30.05916441,0.1524,0.2871857,213.1,0.292,FORB,PERENNIAL,FORB
576,THALICTRUM VENULOSUM,1378,brookdale.ca,1,1.75,0.75,957,NA,NA,NA,19.84,NA,NA,NA,NA,FORB,PERENNIAL,FORB
577,THEMEDA TRIANDRA,6279,ukulingadrt.za,11.33333333,15,3.666666667,959,13.22821429,1.5,4.35,9.2635,NA,NA,NA,0.2625,GRASS,PERENNIAL,GRASS
578,THLASPI ARVENSE,3104,hard.us,1.666666667,3,1.333333333,961,NA,0.423333333,NA,24.42761317,0.49,0.42845,105,0.2761525,FORB,ANNUAL,FORB
579,THYSANOTUS TUBEROSUS,3443,jilpanger.au,0.5,0.5,0,967,NA,0.7,NA,4.460784,NA,NA,NA,NA,FORB,PERENNIAL,FORB
580,TIDESTROMIA LANUGINOSA,3472,jorndrt.us,2,0.2,-1.8,968,NA,NA,NA,17.09882973,0.265,NA,4.37819,0.074,FORB,ANNUAL,FORB
581,TRAGOPOGON DUBIUS,4470,matador.ca,2,0.5,-1.5,977,26.314,0.34175,11.37,18.88481429,0.1524,0.27502617,48.55913333,0.359875,FORB,BIENNIAL,FORB
582,TRAGOPOGON DUBIUS,4514,mattheis.ca,3.8,1,-2.8,977,26.314,0.34175,11.37,18.88481429,0.1524,0.27502617,48.55913333,0.359875,FORB,BIENNIAL,FORB
583,TRICHOPHORUM CESPITOSUM,4272,lygraold.no,12.5,12.5,0,979,15.3,0.4,4.4,3.79,0.1,0.199,35.47,0.425,GRAMINOID,PERENNIAL,GRAMINOID
584,TRICHOPHORUM CESPITOSUM,4173,lygraint.no,6.5,11,4.5,979,15.3,0.4,4.4,3.79,0.1,0.199,35.47,0.425,GRAMINOID,PERENNIAL,GRAMINOID
585,TRIENTALIS EUROPEA,4274,lygraold.no,1,1,0,981,NA,NA,NA,51,NA,NA,NA,NA,FORB,PERENNIAL,FORB
586,TRIFOLIUM DUBIUM,3327,jenadrt.de,5,2,-3,982,35.6,0.076,27.56771735,30.39,0.3445,0.109,254.8747547,0.231187416,LEGUME,ANNUAL,LEGUME
587,TRIFOLIUM MACROCEPHALUM,4983,oreaa.us,1,3.5,2.5,983,NA,0.6096,NA,6.89,0.1524,NA,NA,NA,FORB,PERENNIAL,LEGUME
588,TRIFOLIUM MONTANUM,296,allmendo.ch,0.666666667,0.5,-0.166666667,984,34.121,0.306666667,NA,18.67023642,0.825,0.113646105,238.0656783,0.246975,FORB,PERENNIAL,LEGUME
589,TRIFOLIUM MONTANUM,155,allmendb.ch,1,0.25,-0.75,984,34.121,0.306666667,NA,18.67023642,0.825,0.113646105,238.0656783,0.246975,FORB,PERENNIAL,LEGUME
590,TRIFOLIUM PRATENSE,5607,rhijn.nl,1,1,0,985,40.4444317,0.389308642,21.07704,27.55091965,0.3048,0.16269724,184.5175823,0.256183381,FORB,PERENNIAL,LEGUME
591,TRIFOLIUM PRATENSE,2794,esw.ca,3,12.33333333,9.333333333,985,40.4444317,0.389308642,21.07704,27.55091965,0.3048,0.16269724,184.5175823,0.256183381,FORB,PERENNIAL,LEGUME
592,TRIFOLIUM PRATENSE,5377,pineta.es,5.083333333,2.375,-2.708333333,985,40.4444317,0.389308642,21.07704,27.55091965,0.3048,0.16269724,184.5175823,0.256183381,FORB,PERENNIAL,LEGUME
593,TRIFOLIUM PRATENSE,159,allmendb.ch,1,0.75,-0.25,985,40.4444317,0.389308642,21.07704,27.55091965,0.3048,0.16269724,184.5175823,0.256183381,FORB,PERENNIAL,LEGUME
594,TRIFOLIUM REPENS,2693,elvadrt.ee,1,2,1,986,43.78354086,0.236251111,21.66035,26.94650771,0.3048,0.123144013,192.8045087,0.263218929,FORB,PERENNIAL,LEGUME
595,TRIFOLIUM REPENS,717,bayrdrt.de,5,2,-3,986,43.78354086,0.236251111,21.66035,26.94650771,0.3048,0.123144013,192.8045087,0.263218929,FORB,PERENNIAL,LEGUME
596,TRIFOLIUM REPENS,6204,teshio.jp,3.666666667,3,-0.666666667,986,43.78354086,0.236251111,21.66035,26.94650771,0.3048,0.123144013,192.8045087,0.263218929,FORB,PERENNIAL,LEGUME
597,TRIODIA BASEDOWII,2833,ethadb.au,36,31.5,-4.5,987,6.4,1.3,NA,NA,NA,NA,NA,NA,GRASS,PERENNIAL,GRASS
598,TRIODIA BASEDOWII,2855,ethadn.au,49.33333333,49.33333333,0,987,6.4,1.3,NA,NA,NA,NA,NA,NA,GRASS,PERENNIAL,GRASS
599,TRISETUM FLAVESCENS,6329,validate.fr,3.5,8.3,4.8,990,27.09907954,0.532263158,8.795034255,22.11711414,0.44,0.166445278,447.4973772,0.175392308,GRASS,PERENNIAL,GRASS
600,TRISETUM SPICATUM,2905,falls.au,0.5,1,0.5,991,NA,0.32706,NA,21.1,0.3048,NA,NA,0.24,GRASS,PERENNIAL,GRASS
601,ULEX PARVIFLORUS,427,ayora.es,41.5,26.66666667,-14.83333333,994,14.1,0.904,NA,1.578504121,1.5,0.71673186,9.189147922,0.373179167,SHRUB,PERENNIAL,LEGUME
602,VALERIANELLA LOCUSTA,2223,cowidrt.ca,1.8,2.5,0.7,1000,26,0.1925,NA,31.7,0.05,0.56326,204,1.242171,FORB,ANNUAL,FORB
603,VENTENATA DUBIA,4988,oreaa.us,5.8,8.75,2.95,1001,NA,0.225,NA,20.5,NA,NA,NA,0.28,GRASS,ANNUAL,GRASS
604,VENTENATA DUBIA,5078,oreac.us,3.833333333,1,-2.833333333,1001,NA,0.225,NA,20.5,NA,NA,NA,0.28,GRASS,ANNUAL,GRASS
605,VERONICA ARVENSIS,3338,jenadrt.de,0.5,0.5,0,1004,15,0.187777778,NA,21.00097059,0.19,0.7139167,224.167,0.98561,FORB,ANNUAL,FORB
606,VERONICA ARVENSIS,2227,cowidrt.ca,1,1,0,1004,15,0.187777778,NA,21.00097059,0.19,0.7139167,224.167,0.98561,FORB,ANNUAL,FORB
607,VERONICA CHAMAEDRYS,2699,elvadrt.ee,1,1.5,0.5,1005,25.804,0.234,10.00287923,28.10742313,0.34,0.114461321,349.9700698,0.149373333,FORB,PERENNIAL,FORB
608,VERONICA CHAMAEDRYS,5614,rhijn.nl,2,4,2,1005,25.804,0.234,10.00287923,28.10742313,0.34,0.114461321,349.9700698,0.149373333,FORB,PERENNIAL,FORB
609,VICIA AMERICANA,3609,kernb.ca,0.5,1,0.5,1007,42.658,0.2765,21.77,21.29655909,0.254,0.096375062,29.37063333,0.363178334,VINE,PERENNIAL,LEGUME
610,VICIA AMERICANA,4471,matador.ca,0.5,0.5,0,1007,42.658,0.2765,21.77,21.29655909,0.254,0.096375062,29.37063333,0.363178334,VINE,PERENNIAL,LEGUME
611,VICIA AMERICANA,3798,kinsella.ca,9.8,5.6,-4.2,1007,42.658,0.2765,21.77,21.29655909,0.254,0.096375062,29.37063333,0.363178334,VINE,PERENNIAL,LEGUME
612,VICIA AMERICANA,1382,brookdale.ca,1,1,0,1007,42.658,0.2765,21.77,21.29655909,0.254,0.096375062,29.37063333,0.363178334,VINE,PERENNIAL,LEGUME
613,VICIA AMERICANA,3718,kernnu.ca,0.666666667,1,0.333333333,1007,42.658,0.2765,21.77,21.29655909,0.254,0.096375062,29.37063333,0.363178334,VINE,PERENNIAL,LEGUME
614,VICIA ARTICULATA,734,bayrdrt.de,0.1,0.1,0,1008,NA,0.253333333,NA,25.51,NA,NA,NA,NA,LEGUME,ANNUAL,LEGUME
615,VICIA CRACCA,2705,elvadrt.ee,4.333333333,1.333333333,-3,1009,41.79727454,0.879038889,24.42381,26.81365133,0.3048,0.195683333,41.43187551,0.463024976,LEGUME,PERENNIAL,LEGUME
616,VICIA CRACCA,735,bayrdrt.de,3,1.55,-1.45,1009,41.79727454,0.879038889,24.42381,26.81365133,0.3048,0.195683333,41.43187551,0.463024976,LEGUME,PERENNIAL,LEGUME
617,VICIA HIRSUTA,2231,cowidrt.ca,1.8,2.25,0.45,1010,43.2098,0.4375,28.02801,22.05714286,0.66,0.3375,87.90712843,0.2074,FORB,ANNUAL,LEGUME
618,VICIA SATIVA,2235,cowidrt.ca,1,1.75,0.75,1011,44.5,0.7509,3.5,26.61714286,0.3048,0.430769231,60.47073255,0.222666667,FORB,ANNUAL,LEGUME
619,VICIA SEPIUM,746,bayrdrt.de,1,18.36666667,17.36666667,1012,46.0056,0.683333333,27.307,38.73428571,0.52,0.077475,406.25,0.83175,FORB,PERENNIAL,LEGUME
620,VICIA SEPIUM,2711,elvadrt.ee,2.333333333,1.666666667,-0.666666667,1012,46.0056,0.683333333,27.307,38.73428571,0.52,0.077475,406.25,0.83175,FORB,PERENNIAL,LEGUME
621,VIOLA BETONICIFOLIA,2907,falls.au,0.5,0.5,0,1016,NA,0.2,NA,17.081108,NA,NA,NA,NA,FORB,PERENNIAL,FORB
622,VULPIA BROMOIDES,6167,spvdrt.ar,2,1,-1,1020,NA,0.2225,NA,20.86,0.4995,NA,417.75,0.2945,GRASS,ANNUAL,GRASS
623,VULPIA MYUROS,3446,jilpanger.au,0.5,0.5,0,1021,17.1507779,0.435733333,7.5,22.38333333,0.3048,0.044,268.91,NA,GRASS,ANNUAL,GRASS
624,VULPIA MYUROS,5822,scruzh.us,29.64858413,4.135648425,-25.51293571,1021,17.1507779,0.435733333,7.5,22.38333333,0.3048,0.044,268.91,NA,GRASS,ANNUAL,GRASS
625,VULPIA MYUROS,556,baddrt.de,4.342857143,3.533333333,-0.80952381,1021,17.1507779,0.435733333,7.5,22.38333333,0.3048,0.044,268.91,NA,GRASS,ANNUAL,GRASS
626,VULPIA MYUROS,5897,scruzl.us,31.55694768,22.72727275,-8.829674925,1021,17.1507779,0.435733333,7.5,22.38333333,0.3048,0.044,268.91,NA,GRASS,ANNUAL,GRASS
627,WAHLENBERGIA STRICTA,3449,jilpanger.au,0.5,0.5,0,1024,NA,0.9,NA,29.447,NA,NA,NA,NA,FORB,PERENNIAL,FORB
628,ZIZIA APTERA,1390,brookdale.ca,2,1,-1,1030,16.074,NA,NA,40.37573969,NA,NA,NA,NA,FORB,PERENNIAL,FORB